0;5480;"01";Esse episódio é recomendado para maiores de 10 anos, pois possui violência fantasiosa.
6020;8700;"01";E ainda assim é o nosso especial de Dia das Crianças.
9480;13160;"01";Episódio de hoje, Velozes, Listrados e Furiosos.
13720;17140;"01";Com a Naomi, lá do Nanocast e do Contos Lúdicos.
17480;21400;"01";Com a Mel, lá do Nossa Poesia e do Projeto Drama.
21860;25300;"01";E com o Danilo Battistini, lá do Contador de Histórias.
25300;31240;"01, 00";O Realidades Paralelas do Guaxinim usa o sistema Guaxinins e Gambiarras.
31620;38160;"00";Nele, cada jogador possui, tipo, apenas um único atributo, que vai de 2 a 5.
38420;44080;"00";Quanto maior o atributo, mais atlético é o personagem, mas mais burrinho, tipo o Adam.
44520;48640;"00";Quanto menor, mais inteligente e carismático que nem eu, né?
49500;51800;"00";Eu não sei onde o vovô se encaixa nisso tudo.
51800;54420;"00";Mas detalhe, o vovô é vovô, né gente?
54420;58840;"00";Sempre que o jogador faz algo com uma chance de errar, ele joga dois dados.
59280;64220;"00";E aí ele precisa tirar o seu atributo, ou menos, pra ataques e ações físicas.
64460;68800;"00";E o seu atributo, ou mais, pra ações intelectuais ou sociais.
69400;71760;"00";Fácil, né gente? Até o Adam entende essa.
72220;76100;"00";Se a jogada for fácil, ou tiver algum auxílio, joga um dado a mais.
76280;82360;"00";Se a jogada for difícil, tipo, sei lá, tentar convencer o vovô a ser legal, rola-se um dado a menos.
82360;83900;"00";Eu sou a Loriane.
84420;90100;"00";Além de trazer a alegria do Natal, eu faço parte do RP Guaxa.
90480;93680;"00";Porque, né gente, tem mundo mais divertido.
94180;95500;"00";Ah, claro que não.
96080;96640;"00";Beijinho!
97180;100640;"01";Não deixe de nos seguir nas redes sociais, arroba marcelo guaxinim, arroba rp guaxa.
100820;102220;"01";Tanto no Twitter quanto no Instagram.
102760;105760;"01";Considere também se tornar um apoiador pelo PicPay ou pelo Padrim.
106300;108600;"01";Mais informações no Escudo Mestre ao final do episódio.
108960;109820;"01";Boa aventura.
114420;118720;"07";E aí, vocês estão na taverna?
119180;119840;"09";Rola os dados.
120880;122520;"09";Bola de fogo!
123160;126280;"09, 02";Chama o clérigo.
127400;128660;"02";Como assim eu morri?
129800;131060;"02, 03";Rola a iniciativa.
131740;135020;"03";Então, não tem armadilha. Podemos ir.
135740;136920;"05";O que vocês fazem?
138280;142320;"00";Tá, tá. Eu amarro uma corda nelas e uso como arma.
142320;143620;"01, 00";Eu ataco.
143620;147960;"01, 04";O mago lança seu Thunderbolt mais 15 no Upholder.
147980;150340;"09, 01, 04";Ih, eu quero rolar a percepção, bozo.
151240;152640;"09";Tem algum lugar pra se esconder?
153280;155520;"09";Ah, falha a crítica.
156080;156900;"09";Ataque de impunidade!
157240;159480;"09";É erro, mano! Chama o clérigo!
162380;165840;"05";RPG, Realidades Paralelas do Guaxinim.
166200;168480;"05";Sua aventura de bolso na forma de podcast.
168480;171760;"05";Uma jornada completa a cada episódio.
173620;181860;"01";No princípio, os homens viviam no campo e os guaxinims nas florestas.
182040;185300;"01";E todos eram infelizes em seus ambientes tranquilos e seguros.
185940;191480;"01";À medida que a modernidade foi avançando, as pessoas, e os guaxinim, começaram a migrar para as cidades.
192020;196780;"01";E por um tempo, todos eram felizes, embora agora fossem inquietos e inseguros.
196780;203320;"01";O homem produzia lixo e os guaxinims não precisavam mais urinar em tocas de caranguejo para fazê-los sair,
203620;207620;"01";nem subir em árvores para roubar ovos, ou mesmo lutar com cobras e ratos.
207620;209620;"01";Ok, ainda existem ratos.
209620;213620;"01";Mas para que caçá-los se um guaxinim pode facilmente encontrar uma caixa de pizza
213620;217620;"01";cheia de molho e bordas em qualquer grande lixeira da cidade?
217620;218620;"01";A vida era boa.
218620;220620;"01";Mas a época dos guaxinims gordinhos acabou.
220620;225620;"01";Reciclagem e alimentos cada vez menores tornaram o lixo menos calórico.
225620;228620;"01";Quem inventou a porção individual? A mini pizza? A comida vegana?
228620;231620;"01";Os guaxinims estão ocupando cada vez menos espaço.
231620;233620;"01";Não só pela dieta forçada,
233620;237620;"01";mas pelo controle de animais que antes prendia apenas cachorro e afugentava ursos,
237620;239620;"01";agora decidiu caçá-los.
239620;241620;"01";Será o fim dos guaxinims urbanos?
241620;243620;"01";Não, pois nem tudo está perdido.
243620;247620;"01";Uma última esperança surgiu na forma de comida mexicana.
247620;252620;"01";O que se fala nas ruas é da grande corrida que está para acontecer.
252620;258620;"01";Uma corrida que vai começar no ferro velho e terminar na loja de tacos Speed Gonzales.
258620;262620;"01";Uma loja de tacos que usa a identidade visual do ratinho ligeirinho, sem pagar nenhum royalties.
263620;268620;"01";O último reduto de comida de qualidade na cidade está ali.
268620;275620;"01";Mas seus muros altos e sistema de segurança avançado impede qualquer aproximação de animais não voadores.
275620;278620;"01";Malditas gaivotas, mas não na corrida de carros.
278620;280620;"01";Quem vencer a corrida ganha um troféu.
280620;282620;"01";Quem liga pra isso?
282620;285620;"01";Dinheiro, mas guaxinim nem bolso tem.
285620;291620;"01";E um cartão de fidelidade, que dá direito a comer quantos tacos quiser por um ano.
291620;294620;"01";Mas espera, estamos falando de guaxinins?
294620;296620;"01";Ou pilotos de corrida ilegal?
296620;304620;"01";Senhoras e senhores, estamos falando de guaxinins que esta noite vão se tornar pilotos em uma corrida ilegal.
311620;313620;"01";Para isso temos aqui os jogadores.
313620;317620;"01";O primeiro deles, estreando aqui no RP Guaxa, temos a Naomi.
317620;320620;"01";Naomi, fala sobre o seu personagem, que item ele tem e qual o atributo dele.
321620;328620;"03";Olá, eu sou a Naomi e hoje eu vou interpretar o Ivan Guax, que é um guaxinim mais velho da época dos guaxinins gordinhos.
328620;337620;"03";Ele lembra muito saudosamente dessa época onde as pizzas eram enormes e as porções de batatas fritas iam pela metade pro lixo.
337620;344620;"03";O atributo dele é 3, porque ele já não é tão perspicaz como ele era antes e nem tão forte, ele já tá velho.
344620;350620;"03";E o item dele é uma caixa de charuto, porque ele precisa ficar estiloso e também é fácil de distrair um humano com um charuto pequeno.
351620;352620;"01, 03";É muito bonito.
352620;353620;"01";Perfeito.
353620;355620;"01";Além da Naomi, temos aqui a Mel.
355620;358620;"01, 07";Mel, fala sobre o seu personagem, o atributo e o item que ele possui.
358620;363620;"07";Oi, eu sou a Mel e eu vou fazer a Angélica, mas todo mundo chama ela de Lilica.
363620;369620;"07";Ela é uma guaxinim muito fofinha, assim, um pouco mais escurinha do que o normal.
369620;373620;"07";E ela tem um lacinho roxo em uma das orelhinhas, que é o charme dela.
373620;380620;"07";O objeto que ela tem com ela é um isqueiro, que normalmente ela usa pra aquecer um pouco as pizzas, que ela consegue achar, né.
380620;381620;"07";Mas o charme dela é o isqueiro, que normalmente ela usa pra aquecer um pouco as pizzas, que ela consegue achar, né.
381620;382620;"07";Mas o charme dela é o isqueiro, que normalmente ela usa pra aquecer um pouco as pizzas, que ela consegue achar.
382620;383620;"07";Mas o charme dela é o isqueiro, que normalmente ela usa pra aquecer um pouco as pizzas, que ela consegue achar.
383620;384620;"01, 07";Mas o charme dela é o isqueiro, que normalmente ela usa pra aquecer um pouco as pizzas, que ela consegue achar.
384620;385620;"01";Mas o charme dela é o isqueiro, que normalmente ela usa pra aquecer um pouco as pizzas, que ela consegue achar.
385620;386620;"01";Mas o charme dela é o isqueiro, que normalmente ela usa pra aquecer um pouco as pizzas, que ela consegue achar.
386620;387620;"01";Mas o charme dela é o isqueiro, que normalmente ela usa pra aquecer um pouco as pizzas, que ela consegue achar.
387620;390080;"01";Fala sobre o seu personagem, atributo e qual o item que ele possui.
390300;393000;"01, 02";E aí, pessoal? Eu serei o Jamiro Guaxa.
393340;395780;"02";Meu nome verdadeiro é Gerivaldo, mas Jamiro Guaxa é um nome artístico
395780;396880;"02";e vocês já vão entender o porquê.
397340;399980;"02";Ele carrega um toca-fitas que ele achou quando era mais novo
399980;401960;"02";com uma fita cassete do Jamiroquai.
402260;404840;"02";E desde então ele vive em busca do sonho de ser músico
404840;407000;"02";e ter suas músicas tocando nas rádios.
407420;409820;"02";E meu atributo é 2, porque eu não sou nada atlético.
410300;410700;"01";Perfeito.
411140;415460;"01";Este trio de guaxinim sabe que a corrida vai começar no Ferro Velho.
415460;418520;"01";Está, então, em cima de uma pilha grande de máquinas de lavar.
419240;422440;"01";Lá embaixo, muitos jovens dançando, rindo e bebendo.
422780;424740;"01";Perto deles tem a estrada onde vai começar
424740;427760;"01";e tem quatro carros parados nessa estrada.
428200;432760;"01";Tem um Fusca Azul claro, tem um Dodge vermelho de 60 e pouco,
433120;437800;"01";tem um Eucamino, que é uma mistura de carro meio de corrida,
437900;440080;"01";mas ele tem uma picape atrás, ele é todo preto,
440140;443020;"01";e tem um Monza Split 77 verde.
443020;444760;"01";Todos os carros foram escolhidos pelos padrinhos
444760;446640;"01";no Twitter da RPGua, acho que é o registro.
446800;450520;"01";Tem esses quatro carros lá embaixo, vocês já se conhecem das ruas,
450660;451740;"01";vocês foram...
451740;454000;"01";Haviam mais guaxinims quando tiveram a ideia de correr,
454420;458620;"01";mas os únicos com coragem de entrar nessa loucura foram vocês três.
458840;460820;"01";Vocês estão lá em cima dessa pilha de máquinas de lavar.
461080;462720;"01";O que vocês estão fazendo? O que vocês vão fazer?
462860;463160;"01, 02";Tá legal.
463420;465180;"01";A gente tem que roubar um carro, é isso?
465280;465700;"01";Pra correr?
466680;467500;"02";Ninguém aqui tem um carro?
467680;468720;"02";É isso mesmo, garroto.
469280;469880;"02";Tá legal.
469980;471240;"02";O Fusca Azul tem seu charme.
471240;474440;"02";O Eucamino, ele pode ser uma tacada de sorte.
474440;476760;"02";Afinal de contas, nós vamos atrás de comida mexicana.
476980;478300;"02";El Camino Tacos.
478580;479500;"02";Eu voto no Eucamino.
479720;482360;"07";Eu não entendo de carro.
482820;484640;"07";Eu acho o Fusca Azul bonitinho,
484780;488060;"07";mas é porque as pessoas se batem quando ela vê eles.
488340;489300;"07";Então, não sei.
490060;492820;"02";Pensando desse modo, um Fusca Azul pode ser uma distração,
492920;495720;"02";já que humanos são burros e se batem quando vê um carro Fusca Azul.
495880;497340;"02";Mas eu ainda acho que o Eucamino vai dar sorte.
497760;498920;"02";Fica a critério de vocês.
499320;500340;"03";Calma aí, garroto.
500640;502620;"03";Você está muito precipitado.
502620;504420;"03";Você já esteve dentro de um carro antes?
504780;506140;"07, 03";Eu já sonhei dentro de um.
506220;507820;"07";Eu nunca entrei em um, não.
508300;509260;"03";Vocês são jovens.
509460;511280;"03";Você está vendo essa cicatriz no meu olho?
511380;512300;"07, 03";Um carro fez isso?
512580;514140;"07";Nossa, como que ele fez isso?
514180;515320;"07, 03";Ele não tem garras.
515680;516600;"03";Não, não foi um carro.
516820;517420;"03";Foi um humano.
517640;519980;"03";Um humano é dono desses carros, provavelmente.
520580;523560;"07";Ele viu um Fusca Azul e aí ele fez essa cicatriz em você.
524380;524780;"07";Humanos.
524960;525700;"03";Não, não, não.
525920;526960;"03";Não teve nada a ver com isso.
527300;529400;"03";Mas humanos odeiam goshenins.
529400;533740;"03";Então, nós temos que roubar o carro que for mais rápido e mais fácil de roubar.
534440;535400;"03";Você entende de carros?
535940;536160;"02, 03";Não.
536640;536940;"02";Ok.
537300;538800;"02";Parece que nós temos um problema.
539620;540060;"02";Temos.
542100;544280;"07, 02";Quem será que pode falar isso pra gente?
544580;544800;"02";Ok.
545020;546620;"02";Eu estou pensando no número de um a quatro.
546880;547560;"02";Vai, Lilica.
548120;548600;"02";É...
548600;549800;"02";Dois.
549920;550560;"02, 03";É o El Camino.
550640;550900;"03";Vamos lá.
551020;552000;"03";Que seja, então.
552120;553240;"03";Vamos para o El Camino.
553560;553680;"01";Tá.
554060;556460;"01";Vocês estão nessa pilha de máquinas de lavar.
556980;557880;"01";Tem bastante gente lá embaixo.
557880;561640;"01";Vocês vão descer essa pilha e ir direto pro El Camino, que é a picape preta.
561700;561880;"01";É isso?
562080;562240;"07";É.
562480;563880;"07";A Lilica, ela está bem...
564440;565060;"07";Bem ok.
565280;567360;"07";Por ela, ela está descendo assim toda...
567360;569000;"07";Sem se esconder, sem nada.
569100;571000;"07";Está indo em direção ao carro super confiante.
571180;572280;"01, 07, 03";Tem gente por perto?
572380;573220;"01, 03";Humanos por perto?
573340;573600;"01";Tem.
573700;575860;"01";Tem bastante jovens bebendo lá embaixo.
576120;581420;"01";E tem um grupo de umas pessoas mais velhas, assim, conversando fora.
581620;583900;"01";Não junto com a gurizada do outro lado da rua.
584320;587660;"01";Que parece que seus pilotos estão negociando alguma coisa, conversando alguma coisa.
587980;589600;"01";Mas os carros estão mais...
589600;591680;"01";Assim, vocês vão passar por esses jovens.
592280;594300;"01";Mas os carros estão sem ninguém.
594440;597420;"01";Do lado deles ou perto deles agora, né?
597480;597640;"02";Tá.
597800;599180;"02";Existe algum carro que está mais isolado?
599240;600340;"02";O El Camino está bem isolado?
600460;603480;"01";No sentido que vocês estão descendo, o Monza Verde é o primeiro.
603800;604660;"01";O El Camino é o segundo.
605240;605440;"01";Ok.
605660;608860;"03";O dono do El Camino deve estar na festa, Yansan.
609400;612080;"03";Precisamos distraí-lo e roubar a chave dele.
612280;614440;"03";Ou vai me dizer que vocês sabem fazer ligação direta?
615120;617360;"02, 03";Olha, amiga, não tem o celular pra fazer ligação direta, não.
617760;618160;"07";Mas...
618160;618360;"07";Ah.
618600;619420;"07";Precisa disso?
619920;623840;"07";É aquelas caixinhas que os humanos ficam na mão e aí eles ficam apertando?
623840;624280;"07";E aí?
624280;628440;"07";Então quando não funciona, eles ficam batendo assim na perna e falando um monte de palavrão
628440;629780;"07";que eu não vou repetir agora.
629960;630100;"07";Hum.
630680;631740;"02";Olha, até que pode ser.
633020;633460;"02";Mas...
633460;635300;"02";Ligação direta deve ser só morder uns fios, né?
635620;636420;"02";Não deve ser tão difícil.
636600;638100;"07";Eu não acho que isso...
638100;639400;"07";Bom, pode ser.
639840;641180;"07";É, vamos lá morder os fios.
641520;642280;"07";Temos um plano.
642680;643060;"03";Olha, olha.
643340;643560;"03";Terra.
644060;647440;"03";Quando vocês morderem os fios, um alarme do carro vai tocar.
647960;651720;"03";E aí os humanos irão correndo para bater e expulsar a gente.
651720;653800;"03";É nesse momento que nós pegamos a chave.
654280;654940;"03";Nosso plano B.
655140;655380;"07";Tá.
655520;655740;"07";Ok.
655780;659020;"07";E se a gente abrir o...
659020;659680;"07";Aquele ali.
659820;661660;"07";Como que é o nome daquele, Jamiro?
662000;662180;"07";Qual?
662380;662980;"07";O primeiro.
663400;663980;"07, 04";Ah, o Monza.
664200;664460;"07";Isso.
664740;669940;"07";A gente abre aquele, faz barulho, vai vir todo mundo correndo, a gente pega a chave
669940;670800;"07";do...
670800;671400;"07";Do...
671400;671980;"07";Camino?
672440;673100;"07";O número dois.
673120;673320;"07";Isso.
673540;674860;"07";E aí a gente vai naquele.
675040;676420;"07";Hum, parece um bom plano também.
676720;678780;"03";Vai vir todo mundo ou só o dono do...
678780;679380;"03";Do Monza?
679500;680180;"07, 03";É verdade.
680380;680780;"07";Não sei.
680780;681860;"07";E agora?
681980;683460;"02";O bom é que você já tem três planos.
683460;686960;"02";A gente tem que escolher um, fazer ele e não pensar nas consequências.
687140;687300;"02";Tá.
687840;689080;"02";Eu voto no meu.
689320;691140;"02";Bom, você votou no meu carro, eu voto no seu plano.
691580;692060;"02";Eu...
692060;693980;"02, 03";Eu perdi a votação certo.
695500;697160;"03";Bom, você pegou o espírito da coisa.
697440;700880;"03";Mas me diga, como vocês planejam entrar no carro para morder os fios?
701160;702660;"07";Não é com palavrão que abre?
702980;703280;"01, 03";Não, não.
703400;704500;"01";Deixaram alguma janela aberta?
704680;706720;"01";Daí de cima tu não consegue perceber, assim.
707040;709040;"03";Vamos chegar mais perto para verificar.
709040;709740;"03";Ele liga.
709880;711080;"03";Não, não é com palavrão.
711440;713180;"03";Palavrão é apenas o grito.
713460;714220;"03";Batalha dos humanos.
714580;715380;"07";Ah, entendi.
715960;717520;"07";A gente tem grito de batalha também?
717980;719600;"07";A gente precisa de um grito de batalha.
720040;721100;"07, 03";Todo guaxinim tem um.
721280;722180;"03";É mais ou menos assim?
723820;724300;"07";Tá.
724580;725520;"07, 03";É tipo...
725520;726800;"03";Assim?
727140;727680;"03";Sim, sim.
727780;729360;"03";Você está indo muito bem.
729540;730720;"03";Você me lembra a Verônica.
731480;731960;"07";Obrigada.
732500;733160;"07";Quem é a Verônica?
733860;737680;"07, 03";Ah, uma guaxinim que há muito me deixou.
737800;738100;"07";Ok.
738100;740740;"07, 09, 03";Eu prometo para você que eu não vou te deixar.
741180;742020;"07";Nem você, Jamiro.
742640;743100;"07";Agora a gente...
743460;745560;"07";A gente vai lá e tenta abrir?
745860;747100;"07";Com o grito de um guaxinim?
747460;747900;"03";É isso?
748080;750380;"03";Vamos observar e depois a gente decide.
750540;751760;"01";É, às vezes a porta está aberta.
751840;753500;"01";Tem uma janela aberta ou alguma coisa do tipo.
753720;756620;"01";A primeira coisa que a gente tem que fazer é descer desta pilha de máquina de lavar.
757280;759220;"01";E eu vou pedir dois dados para cada um de vocês.
759780;761380;"01";É aqui que o desafio começa.
761840;763420;"01";Eu vou chamando e daí vocês vão falando.
763680;764080;"01";Lilica.
765080;767420;"07";Eu tirei três e três.
767420;769720;"01, 07";Três e três é uma ação física.
770800;771600;"01";O teu tributo é quatro.
771680;772600;"01";Conseguiu dois acertos.
773060;773440;"01";Perfeito.
774360;775100;"01";Ivan Guaxi.
775380;778320;"01, 03";Eu tirei cinco e três, que é o meu atributo.
778400;779720;"01";Tu e a Lilica estão descendo muito bem.
780320;781620;"01";Jamiro Guaxi, quanto é que tu tirou?
782020;785180;"01";Eu tirei dois e dois, que por acaso é meu atributo.
786200;787660;"01";Dois e dois, exatamente.
787840;789320;"01";São dois acertos críticos.
789800;792740;"01";A Lilica e o Ivan Guaxi estão descendo muito bem.
793140;795240;"01";Uma conseguiu dois acertos, a outra um acerto crítico.
795320;796960;"01";E dá mais ou menos a mesma coisa.
796960;800160;"01";As duas estão descendo sem pisar em nada que está se soltando.
800440;801940;"01";Sem criar nenhum problema.
802640;802960;"01";Com esse teu...
803460;805200;"01";Super acerto crítico.
805320;808600;"01";O que tu pode fazer para ajudar vocês, Jamiro Guaxi?
809160;813940;"01";Talvez pisar numa máquina que se solte para chamar a atenção dos humanos para um outro lado.
814500;816700;"01";Ou talvez perceber alguma coisa lá embaixo.
816960;819320;"01";O que tu quer a mais com esse teu acerto crítico a mais?
820040;824480;"02";Eu quero desestabilizar uma parte da pilha de lixo para que eles olhem para o outro lado.
825240;825680;"01";Perfeito.
825680;829420;"01";Tu inconscientemente sai pulando ali de uma máquina de lavar para a outra.
829560;830760;"02";E faz like it.
830960;832040;"02";Then I do it.
832600;832760;"02";Uou.
832760;839560;"01, 02";Tu pisa numa que acaba se soltando e ela faz um efeito dominó derrubando um lado da pilha de máquinas de lavar.
839980;844100;"01";Quase acerta alguns dos jovens que estavam lá embaixo, mas eles correm para o lado.
845140;850760;"01";O que não desestabiliza o outro lado desta montanha de máquinas faz com que vocês desçam tranquilamente.
850860;851820;"01";Vocês chegam até o solo.
852320;854620;"01";Os humanos que estavam lá embaixo que podiam notar vocês.
854960;857420;"01";Eles foram todos ver a pilha gigante que caiu.
857800;860440;"01";Alguém acha que alguém está enterrado lá embaixo, mas não tem ninguém.
860440;862580;"01";Só que até eles descobriram.
862580;864660;"01";E se tem ou não, eles vão levar um tempo ali.
865020;870280;"01";O pessoal, os motoristas do outro lado da rua estão focados nessa parte que desabou.
870580;871940;"01";Eles não estão olhando para os carros.
872400;873420;"01";Esse é o momento de vocês.
874120;875460;"07";Ok, já começamos com sorte.
875800;881760;"07";Eles foram até o local onde desabou ou eles estão parados do outro lado da rua só olhando?
881900;883380;"01";Eles estão parados do outro lado da rua olhando.
884200;885940;"07, 03";Vai, dá para a gente chegar na porta do primeiro.
886260;890080;"03";Rápido, verifiquem se as portas estão destrancadas ou se as janelas estão abertas.
890080;891540;"03";É só puxar a tranquinha.
891820;892480;"07";Tá, eu vou.
892580;895300;"07";Eu vou tentar abrir o...
895300;896440;"07";Ou é o caminho mesmo.
896780;899580;"07";Se é para verificar se está aberto, vamos direto no que a gente vai.
899660;901640;"01";Passa por debaixo do monstro e vai para o caminho.
901780;902440;"01";Rola dois dados.
902940;903740;"01";Teu atributo ou mais?
905100;906060;"07";Três e dois.
906400;907000;"07";Não foi.
907520;912480;"01";Ué, tu vai lá, puxa assim a maçaneta, dá uma olhada no vidro.
912580;913740;"01";O carro está todo trancado.
914360;916940;"01";Tu não conseguiu achar nenhum método de abrir ali.
917600;919140;"01";E tu fez bastante barulho, assim.
919720;922560;"01";Alguns dos pilotos já estão tentando ver o que está acontecendo.
922560;925780;"01";Mas vocês estão entre os carros, vocês não são vistos.
926240;927560;"01";Mas o pessoal está desconfiado.
929480;934340;"07";Ivan Guaxa e Jamiro Guaxa, eu acho que deu errado aqui.
935260;937460;"03";Não deu errado enquanto nós não desistirmos.
937760;940540;"03";Tentem nos outros carros, eu vou ficar de guarda.
940920;943960;"03";Eu vou para um lugar mais para longe, assim.
944060;949240;"03";Se alguém estiver chegando perto, eu vou, tipo, distrair eles, atacar eles, fazer alguma coisa do tipo.
949460;949880;"02";Perfeito.
949880;951820;"02";Eu vou tentar abrir a porta do Monza, então.
951820;954120;"02";Que era o primeiro que já tinha sido na frente dele.
954240;954780;"02";Dois dados.
955540;956040;"unknown";É, não.
956720;957660;"01, 02";Um cinco e um cinco.
957900;958580;"01";Tu atributou mais.
958840;960000;"02";Então, dois sucessos.
960160;964080;"01";Tu sobe para puxar a maçaneta do carro para ver se estava aberta.
964640;966280;"01";Tu puxa, ela não está aberta.
966360;967820;"01";E tu olha para cima, o vidro está aberto.
968080;968900;"01";Do lado do passageiro.
969840;970440;"07";Aí, galera.
971180;971780;"01, 07";Liberou geral.
972400;973680;"01, 02";Eu pulo para dentro do coiso.
974040;975740;"07";A gente vai no carro verde, então?
976640;977860;"07";Não estou vindo, estou dentro do carro.
978200;979200;"07";Ei, Ivan, Ivan.
979760;980200;"07";O verde.
980200;980240;"07";O verde.
980640;981280;"03";O verde.
981280;981340;"03";O verde.
981340;981380;"03";O verde.
981380;981400;"03";O verde.
981400;981420;"03";O verde.
981420;981460;"03";O verde.
981460;981480;"03";O verde.
981480;981500;"03";O verde.
981500;981520;"03";O verde.
981520;984560;"03";Eu olho assim para a direção de onde viriam os humanos.
985060;986080;"03";Vá na frente, Lilica.
986480;988080;"03";Eu vou ser o último a entrar.
988380;988880;"07";Tá, ok.
989340;992960;"07";Aí eu vou em direção à janela que estava aberta e vou tentar subir.
993100;993220;"01";Tá.
993560;995620;"01";Tu está onde exatamente, Ivan?
996540;1002040;"03";Mais ou menos ali de onde caiu uma grande quantidade de lixo, né?
1002560;1004720;"03";Então, eu estou ali tipo na esquininha.
1004820;1011100;"03";Caso alguém passe, venha, vindo verificar, eu dou um pulo ali de trás e ataco eles ou
1011100;1012000;"03";faço algum tutico.
1012440;1012800;"01";Perfeito.
1013700;1016880;"01";A gurizada parece estar dispersando lá do lugar que desabou.
1017660;1020280;"01";Tu nota que os motoristas estão indo tomar seu lugar no carro.
1020860;1022780;"01";E tem um homem, assim, muito grande.
1024060;1027860;"01";Bastante suado, assim, uma regata que já foi branca um dia.
1028860;1032500;"01";Ele está indo em direção ali ao carro, ao Monza, que tu vai fazer.
1033140;1034740;"03";Tem uma lixeira por perto?
1035160;1036660;"01";É um ferro velho.
1036720;1036940;"01";Não.
1037240;1037960;"01";Tudo ali é lixo.
1038880;1040560;"03";Ah, mas não tem lixo orgânico, né?
1040560;1040660;"03";Não.
1041100;1041560;"01";Ali não.
1041920;1042100;"03";Tá.
1043380;1044700;"03";Meu Deus, meu Deus, meu Deus.
1046600;1047560;"03";Ele está vindo.
1047740;1048080;"01, 03";Está vindo.
1048140;1048980;"01, 03";Eu vou...
1048980;1050860;"03";Eu vou ficar...
1050860;1053760;"03";Sabe gato que fica com as costas oriçadas, assim?
1054680;1056080;"03";E faz um...
1056080;1058020;"03";Eu vou...
1058020;1060720;"03";Vou fazer isso na frente dele, assim, para ele não passar.
1060760;1061260;"01, 03";Dois dados.
1062080;1062960;"01";Teu atributou mais.
1063060;1064140;"01";Tu vai tentar intimidar ele.
1064300;1065780;"01, 03";Eu tirei um seis e um cinco.
1065960;1066760;"01";Dois acertos.
1066760;1066840;"01";Dois acertos.
1067280;1069120;"01";Ele para do lado do Monza, assim.
1069320;1070460;"01";Aí, ele está com...
1070460;1071640;"01";Ele está com a chave na mão.
1072140;1074540;"01";Tu vê que ele olha para ti e...
1074540;1075400;"01";Ele dá um gritinho.
1075480;1075640;"01";Ai!
1075960;1077340;"01";E deixa a chave cair.
1078240;1078560;"03";Eu...
1078560;1081240;"03";Eu pego a chave com as minhas mãozinhas de guaxinim.
1081540;1081840;"01";Aham.
1082680;1085920;"03";Como ele está, assim, ele se afastou ou ele só tomou um susto mesmo?
1086200;1087280;"01";Ele está se afastando de ti.
1087400;1088260;"01";Ele está com medo de ti.
1088420;1090400;"01";Ele acha que tem raiva, que tem alguma coisa ali.
1090860;1091820;"01";Ele está te evitando.
1092560;1094600;"03";Eu vou escalandinho, assim, até a janela.
1094600;1099120;"03";Eu discretamente deixo a chave cair e pulo na cara dele.
1099120;1100900;"01";Agora é um ataque.
1101140;1101720;"01";Dois dados.
1102540;1103480;"03";Seis e dois.
1103640;1104020;"03";Meu Deus.
1104020;1106140;"01, 03";Um acerto é o suficiente.
1106600;1107660;"01";Tu arranha a cara dele.
1107740;1108720;"01";Ele já estava intimidado.
1108780;1109600;"01";Ele estava assustado.
1110320;1110840;"01";Ele...
1110840;1114800;"01";Por algum motivo, ele deve ter pânico de guaxinim ou de animais.
1115480;1119140;"01";Ele começa a gritar e correr embora como se não houvesse amanhã.
1119480;1122220;"01";As pessoas olham para ele sem entender o que está acontecendo.
1122580;1126340;"01";Enquanto os outros pilotos já estão prontos em seus carros.
1126340;1128640;"03";Tem alguma forma de eu descobrir o nome dele?
1128640;1129400;"03";Nesse momento?
1130240;1130760;"01";Não.
1131180;1132500;"01";Vocês não sabem ler, né?
1132860;1134960;"01, 07, 03";Talvez no porta-lua tenha os documentos, mas não.
1134960;1135440;"01, 07, 03";Perfeito.
1135700;1136300;"03";Faz sentido.
1138080;1140000;"07";O nome dele é esse aqui.
1140220;1141980;"07";Esse símbolo aqui.
1142560;1146320;"07";E mais esse é bolinha e cobrinha.
1146860;1147980;"07";Tem duas cobrinhas ali.
1148660;1149460;"07";É esse o nome dele.
1149560;1149940;"07";Cobrinha.
1150880;1154280;"03";Quando ele foge, assim, eu só volto para o chão e eu falo sozinho.
1154960;1158280;"03";Devia ter ouvido a sua mãe quando ela disse para não se envolver em lugar respetivo.
1158640;1164000;"03";E eu volto para o carro e subo pela janela ali.
1164360;1166080;"02, 03";Você jogou a chave dentro do carro para a gente?
1166340;1167560;"02";Sim, sim. Eu joguei pela janela.
1167760;1171020;"01, 02";Ok. Então, nesse meu tempo, eu já estava colocando a chave ali no contato.
1171460;1171600;"01";Tá.
1172200;1175260;"01";Colocar a chave do contato e girar é algo tranquilo.
1175320;1176440;"01";Eu não vou pedir para rolar.
1178700;1180920;"01";Um rapaz se posiciona na frente dos carros.
1181200;1182940;"01";Você fica na frente de nenhum específico, né?
1182940;1183780;"01, 04";Para não ser atropelado.
1183780;1186680;"01, 04";Ele usa uma bermuda branca, uma camiseta branca,
1187020;1188360;"01";um chapéu mexicano amarelo
1188360;1189860;"01";e um lenço vermelho no pescoço.
1190420;1191900;"01";Ele sorri para alguém entre os jovens
1191900;1193340;"01";que estão aguardando a início da corrida.
1193900;1195440;"01";Ele levanta o chapéu
1195440;1198400;"01";e, nisso, um furgão se posiciona
1198400;1199660;"01";lá do outro lado dos carros.
1200140;1202140;"01";É um furgão branco, com os dizeres
1202140;1203800;"01";controle de animais.
1204360;1206320;"01";Dentro dele, os irmãos Galego.
1206960;1208200;"01";Os irmãos Galego são o terror
1208200;1209580;"01";dos animais de rua da cidade.
1210200;1212080;"01";Eles modificaram aquela van para ela ser
1212080;1213740;"01";muito eficiente na caça de animais.
1214220;1215880;"01";E agora vocês sabem como eles conseguiram dinheiro
1215880;1218180;"01";para bancar isso. Corridas ilegais.
1218360;1220340;"01";E parece que, esta noite, eles vão correr
1220340;1221020;"01";com aquela van.
1222100;1224420;"01";Do lado desse furgão, chega um outro carro
1224420;1226140;"01";de última hora. Parece ser
1226140;1228120;"01";uma Lamborghini genérica.
1228580;1230380;"01";Toda rosa. Dentro dele tem
1230380;1232420;"01";uma mulher também com roupa
1232420;1234180;"01";de motoqueira e capacete de motoqueira.
1234460;1236320;"01";Mas dentro do carro, tudo rosa.
1236420;1238500;"01";Tanto capacete quanto a roupa. Luva
1238500;1240420;"01";rosa. E esses dois últimos
1240420;1242360;"01";corredores chegam, além dos
1242360;1244520;"01";outros três. Eram quatro corredores.
1244620;1246400;"01";Vocês estão num dos carros. Então, além
1246400;1247800;"01";dos três que estavam ali antes,
1247800;1249860;"01";chegaram mais dois concorrentes.
1250120;1251840;"01";Mas antes que vocês possam pensar no que
1251840;1253700;"01";está acontecendo, aquele homem
1253700;1255920;"01";baixa o chapéu e os
1255920;1257920;"01";motores se aquecem e começam a correr.
1258420;1260000;"01";Eu me pergunto, o carro de vocês,
1260720;1262020;"01";para esse carro começar a andar,
1262460;1263400;"01";vocês precisam
1263400;1265780;"01";alguém controlar o volante, alguém mexer
1265780;1267180;"01";na marcha e alguém acelerar.
1267720;1269820;"01, 07";Quem está fazendo o que? Eu pulo nos pedais.
1270460;1271680;"07";Tá, decide aí,
1271820;1273740;"07";Jamiro. Eu fico no volante. Ok.
1274000;1275940;"07, 03";Eu mexo as marchas. Podia ser
1275940;1277780;"07, 03";um carro automático. Podia,
1277780;1279680;"07";podia. Carros automáticos não entram
1279680;1281760;"07, 02, 03";em corridas ilegais. A gente está, tipo,
1281860;1283420;"03";num Monza dos anos 60,
1283520;1285740;"01, 03";algo assim. É um Monza antigo, um Monza
1285740;1287860;"01";77, tá tudo...
1287860;1289620;"01";Não tem um câmbio automático, não se
1289620;1291780;"01, 02";preocupe. Olha, eu não quero falar nada, mas é só do ponto de vista.
1291900;1293680;"02";Pra mim, tá completamente automático. Eu só tô virando
1293680;1294000;"02";o volante.
1295620;1297600;"01";Vamos ver. Pra se manter reto,
1297640;1299840;"01";é muito simples, é ter o atributo ao menos dois dados,
1300160;1302020;"01, 03";Jamiro. Foi uma péssima decisão,
1302120;1302340;"03";gente.
1304240;1305840;"03";Jamiro, se é possível, destrua
1305840;1307740;"01, 03";a árvore branca. Ela tá do outro lado,
1307740;1308840;"01, 03";do oposto, né? Mas ok.
1309520;1310660;"08";Do jeito que ele
1310660;1313480;"08";dirige, com certeza ele vai bater.
1313880;1315960;"01, 08";Quanto é que tu tirou? Cinco e quatro.
1316400;1317600;"02, 08";Senhor Taco, saia
1317600;1318240;"02";de lá frente!
1319620;1321720;"01";Ok, doido. O volante
1321720;1323200;"01";vai ter um probleminha, né?
1323560;1325700;"01";A marcha é tranquila, tem que entender como
1325700;1327500;"01";funciona. É o atributo ao mais
1327500;1329400;"01, 08, 03";dois dados. Mano, a gente...
1329400;1331880;"03";A gente devia ter tirado o carro.
1332040;1332300;"03";Ok.
1333200;1335240;"03";Eu tô me sentindo o Woody do Toy Story,
1335600;1336760;"03";colocando as pilhas
1336760;1337720;"03";no...
1337740;1339240;"01, 03";Brinquedo. Vamos lá, Lilica.
1339920;1341980;"07, 03";Olha, eu tirei seis e dois.
1342640;1343500;"01";Um acerto,
1343960;1345620;"01";então pelo menos a primeira tu conseguiu
1345620;1347760;"01";engatar ali tranquilamente. Pra algum lugar
1347760;1349660;"01";esse carro foi. Isso. Seja lá pra
1349660;1351700;"01";onde. E agora, vamos ver se esse carro
1351700;1353400;"01";vai andar, né, pelo menos.
1353960;1355540;"01";O Ivan guache, dois dados,
1355740;1357840;"01";tu precisa tirar, pra empurrar o pedal
1357840;1358940;"01";é o teu atributo
1358940;1361580;"01, 03";ao menos, é força. Eu tive
1361580;1363600;"03";um sucesso, eu tirei quatro e dois.
1364080;1365600;"01";Beleza. O carro
1366080;1367600;"01";acelerou, o carro começou
1367740;1369880;"01";a andar, mas ele começou
1369880;1371740;"01";a ir...
1371740;1372880;"01";Dois aqui.
1373660;1375820;"01";Um, ele vai em direção às pessoas.
1376700;1377900;"01";Dois, ele vai em direção
1377900;1379740;"01";ao caminho. Dois.
1379840;1381900;"01";O carro começa a acelerar, poucos carros
1381900;1384100;"01";aceleram. A Lamborghini
1384100;1386020;"01";e o controle de animais disparam
1386020;1386740;"01";mais à frente.
1387360;1389680;"01, 03";Jamiro, aperte no grande botão no meio do
1389680;1391400;"01, 03";volante. Rápido. O Dodge...
1391400;1393200;"01";O Dodge também
1393200;1395720;"01";conseguiu avançar.
1395720;1397720;"01";E o Monza foi pra cima do...
1397740;1399660;"01";do Camino, no início da
1399660;1401560;"01";corrida. Os carros já estão se
1401560;1402460;"01";chocando ali.
1403800;1405620;"01";Muita faísca. O pessoal
1405620;1407680;"01";do Camino tá muito puto com
1407680;1409860;"01";vocês. Aê, gente, olha pra onde anda.
1410120;1411540;"01";Ele joga o volante pro lado
1411540;1413600;"01";e vem pra bater pra tentar tirar vocês
1413600;1415720;"01";da pista. Danilo,
1415880;1416340;"01";dois dados.
1417440;1419380;"01";O Jamiro guache. Quanto é que tirou? Ok.
1419640;1421900;"01";Um três e um dois. Sendo que dois é meu atributo.
1422220;1423340;"01";Um acerto crítico.
1423520;1425040;"01";Perfeito, precisava de um acerto comum.
1425040;1427480;"01";Tu quer bater de volta?
1427740;1429700;"01";Ou tu... É, não, tu só tá no
1429700;1431480;"01";volante, né? É. Tu quer
1431480;1433480;"01";bater de volta ou só desviar e continuar
1433480;1435500;"01";correndo? Eu vou desviar e sair correndo. Bater
1435500;1437720;"01";de volta, tu vai dificultar a corrida
1437720;1439540;"01";pro Eu Camino. Desviar deles, tu vai
1439540;1441580;"01";conseguir correr mais rápido. Tu quer
1441580;1443540;"01";velocidade ou vingança? Velocidade!
1443760;1445600;"01";Beleza. Vingança não é coisa
1445600;1447220;"01";pra mim. O...
1447220;1449500;"01";Tu consegue desviar do Eu Camino,
1449940;1451580;"01";ele, por um momento, quase atropela
1451580;1453500;"01";as pessoas do lado da pista, mas
1453500;1455460;"01";ele consegue voltar, mas ele volta
1455460;1457680;"01";atrás de vocês e vocês conseguiram.
1457740;1458920;"01";Estão acelerando ali.
1459480;1461200;"01";Então tá com o Eu Camino atrás de vocês
1461200;1463120;"01";e o Dodge na frente, né?
1463380;1465520;"02, 03";Aí, tô pegando jeito, chefia! Meu Deus
1465520;1467520;"03";do céu, o que que está acontecendo? Eu não vejo
1467520;1469620;"07, 03";nada. Eu também não, eu só tô
1469620;1471380;"07";mexendo nesse negócio aqui, ó.
1472380;1473440;"01";Lilica, dois dados.
1473760;1474040;"07";Ok.
1475480;1476980;"07";Tirei dois e um.
1477420;1478920;"01";O carro, ele não tá ganhando muita velocidade,
1479320;1481020;"01";o motor tá fazendo muito barulho,
1481620;1483740;"01";as marchas não estão entrando na hora certa,
1484100;1485240;"01";o Jamiro vê pelo
1485240;1487240;"01";retrovisor que o Camino tá vindo pra ultrapassar.
1487840;1488500;"01";Aê, chefia!
1488760;1491160;"01";O Ivan, tu pode usar, sei lá,
1491220;1493260;"01";a caixa de charuto ou alguma
1493260;1495560;"01";coisa que tu achei pra travar o acelerador
1495560;1497240;"01";e dar uma espiada ali em cima também, tá?
1497540;1499240;"03";Beleza. Eu vou...
1500020;1501040;"03";Eu vou pegar o
1501040;1503200;"03";cinto de segurança, puxar ele e
1503200;1505060;"03";deixar ele amarradinho ali pra
1505060;1507160;"01, 03";travar o acelerador, pode ser? Eu não faço ideia
1507160;1508540;"01";de como é que tu conseguiu fazer isso.
1509260;1511260;"01, 03";É, eu também tô tentando pensar aqui,
1511360;1513200;"01, 03";mas ok. É, porque tu tem que
1513200;1514460;"01, 03";empurrar o pedal, não puxar, né?
1514920;1517120;"01, 03";Tá, então, eu boto a caixa de charuto em cima. Tá.
1517120;1519400;"01, 03";Tá. E vou dar a espiada, então.
1519820;1520980;"01";Beleza. O...
1520980;1523020;"01";Vocês já estão na última marcha do carro também,
1523480;1525160;"01";então tá o Danilo sentadinho
1525160;1527180;"01";no volante, vocês dois vão até o painel
1527180;1529140;"01";e vocês vêem que o Camino
1529140;1531100;"01";lá atrás, ele tá vindo pra
1531100;1533180;"01";ultrapassar vocês. Qual é a ação do grupo?
1533920;1535080;"02";Aí, gente, foi mais ou menos o seguinte.
1535620;1537100;"02";A gente foi pra cima dele, ele tentou
1537100;1539480;"02";vir pra cima da gente, a gente não passou por cima
1539480;1540860;"02";dele, mas a gente foi pra frente dele.
1541180;1543120;"02, 03";Hã? É isso aí. Tá.
1543260;1544560;"03";Você fala demais, Garroto.
1545100;1546900;"03";Chegue perto dele, janela com janela.
1546900;1549100;"07, 03";Eu vou dar um jeito. Mas ele tá atrás da gente.
1549480;1551200;"07";É, não deixa ele chegar tão perto.
1551760;1553260;"07";A gente vai na janela lá de trás.
1553380;1555240;"07, 03";Vem, Ivan. Janela de trás
1555240;1557100;"03";com a janela da frente. Será um carro
1557100;1559080;"07, 03";a menos na corrida. Não, pera.
1559140;1559980;"03";O que você quer fazer?
1561080;1563100;"03";Imagina que você tá dirigindo e entra um guaxinim
1563100;1564920;"01, 03";tacando louco no seu carro. Sim.
1565000;1567000;"01";A ideia, então, é deixar o outro carro pelo menos passar
1567000;1568840;"01";do lado e tu quer pular pela janela, é isso?
1569060;1570880;"08";Isso. O Ivan...
1570880;1573080;"08";É assassino. Ele pula
1573080;1574260;"08";na cara do povo.
1575000;1576340;"01";Tá. Jamiro, tu vai
1576900;1579200;"01";deixar o outro carro chegar mais perto pelo lado, é isso?
1579340;1580260;"01";Tu aprova esse plano?
1580540;1582320;"01";Ele é mais velho. A gente tem que respeitar os idosos.
1582800;1583300;"01";Eu vou pro lado.
1583560;1584880;"07";Ei, senhor guaxi.
1586480;1588860;"07";Pega um charuto seu. Eu acendo ele com
1588860;1590940;"07, 03";um isqueiro. Essa é uma boa ideia, Garrota.
1591480;1592880;"03";Eu pego o charuto e coloco
1592880;1595500;"07, 03";pra ela acender. Eu vou acender o charuto, sim.
1596260;1596940;"07, 03";E se algum tipo
1596940;1598820;"07, 02, 03";de último desejo, a gente vai morrer?
1600620;1601020;"07";Não.
1601400;1603000;"07";Mas é mais intimidador
1603000;1605200;"07";uma pessoa que fuma um charuto, né?
1605700;1606480;"03";Bota uma moral.
1606900;1608740;"03";A gente vai morrer de felicidade
1608740;1610680;"03";comendo comida mexicana, Garrota.
1610880;1612100;"02, 03";Agora você falou do jeito que eu gosto.
1612600;1614740;"03";Eu fico ali, tipo, com o charuto em pezinho
1614740;1616780;"03";na janela, esperando o carro tentar
1616780;1618940;"01, 03";ultrapassar. Tá. O outro carro,
1619000;1621100;"01";ele tá emparelhando lá de vocês
1621100;1622880;"01";ali. O Jamiro
1622880;1624780;"01";tenta manter os dois carros próximos, né?
1624840;1625780;"01";Janela por janela.
1626600;1628440;"01";O vidro do outro carro tá aberto também.
1628580;1629920;"01";Ele tá com o cotovelo pra fora.
1630560;1632760;"01";Ele dá uma olhada pra vocês com um sorrisão
1632760;1634820;"01";que some ao notar
1634820;1636300;"01";que não é um piloto no outro carro.
1636900;1638660;"01";Tá meio já assustado com o que tá acontecendo.
1640140;1641180;"03";Sabe aquilo, tipo,
1641520;1643040;"03";tal história quando o Woody sorri
1643040;1644000;"03";pro Cid?
1644860;1646760;"01, 03";É exatamente isso que eu faço. Eu dou uma
1646760;1648820;"03";tragada no charuto, aí eu jogo
1648820;1650920;"03";a fumaça nele, dou um sorriso, e aí
1650920;1652980;"03";eu pulo pro carro dele.
1653220;1654680;"01";Dois dados, é um ataque, então,
1654720;1656660;"01, 03";tu atribuiu o teu medo. Eu tirei quatro
1656660;1658560;"01, 03";e um. Um acerto.
1658960;1660820;"01";Tu pulou no carro dele,
1661100;1662820;"01";tentou arranhar, vai queimar
1662820;1664860;"01";com o charuto. O que tu tá fazendo ali no carro?
1665520;1666820;"03";Cara, eu vou ficar pulando,
1666900;1669160;"03";arranhando nos caras, indo de um lado
1669160;1671020;"03";pro outro. Meio que tentar fazer eles perderem
1671020;1673260;"03";o controle, bater, sair da pista, sabe?
1673380;1675180;"01";Aham. Rola mais uma
1675180;1677220;"01";vez dois dados. Seis e cinco.
1677860;1678780;"01";É, tu vê que
1678780;1681240;"01";ele tá com a mão no volante, ele tá com a outra
1681240;1682280;"01";ali tentando controlar.
1682820;1684880;"01";Ele te segura pelo candote, tá te debatendo
1684880;1686200;"01";por ali de um lado pro outro.
1686660;1688880;"01";Mas ele tá conseguindo te controlar
1688880;1690240;"01";ali e tá perdendo velocidade.
1691040;1692820;"01";Jamiro, o meu caminho tá ficando
1692820;1695420;"01";pra trás com o amigo de vocês
1695420;1696800;"01";preso pela mão do outro.
1696900;1698200;"01, 07";Piloto, e Lilica?
1699080;1700620;"07";O que que a gente faz? Ele
1700620;1702980;"07";tem que vir pra cá, mas ele não pode deixar
1702980;1704000;"07";o outro carro passar.
1705080;1707180;"07";Vão sair, mãe! Não!
1707560;1708560;"07, 03";Queima ele!
1709100;1711020;"03";Eu faço isso, se eu ouço
1711020;1712920;"03";eu faço isso, eu queimo o charuto
1712920;1714480;"01, 03";na testa do rato. Tá.
1714840;1717080;"01";Ivan, não, Ivan, Lilica e Jamiro
1717080;1719100;"01";vão seguir a corrida. É isso, por enquanto?
1719240;1719900;"01";É, por enquanto sim.
1720620;1723020;"01";Então, é você de novo, vai tentar queimar ele.
1723140;1724900;"01";Ivan, dois dados, tua última chance.
1725160;1726820;"03";Um e um. Dois sucessos.
1726900;1729020;"01";Dois sucessos. Onde é que esse charuto
1729020;1730880;"01, 03";queima? Bem na testa do cara,
1730960;1731840;"03";entre os olhos, assim.
1732520;1735240;"01";Ele começa a gritar e, involuntariamente,
1735560;1737140;"01";ele tá jogando o volante
1737140;1738980;"01";pro lado, o carro vai sair da pista.
1739640;1740900;"03";Eu não sei se ele me entende,
1741040;1743300;"03";mas eu falo, nunca mais se meta com guaxinim.
1743600;1744480;"01";Ele não entende.
1744720;1746700;"03";Assim, eu falo isso por satisfação minha,
1746820;1747540;"03";talvez ele ouça.
1749340;1750780;"03";Mas eu ainda falei isso.
1751180;1752800;"03";E aí, tipo, no momento que o carro
1752800;1754840;"03";tá saindo pra pista,
1754840;1756840;"03";eu uso o movimento pra pular pra fora.
1756900;1757820;"01, 03";Dois dados.
1758360;1760400;"01";Tu botou um atributo 3 e tá só fazendo coisa física.
1760460;1761860;"01, 08, 03";Mas tá dando certo, é isso aí.
1762000;1763300;"01, 08";Dois sucessos. Dois e um.
1763420;1766540;"01";E tá sendo compensada por isso, dois sucessos.
1766920;1769160;"01";Vocês vêem o Camino bater contra um poste
1769160;1770240;"01";e explodir lá atrás,
1770520;1772200;"01";enquanto, no mesmo segundo,
1772580;1774800;"01";o Ivan guaxe com o charuto na boca, né,
1774860;1776360;"01, 07";porque tu só queimou e botou de volta,
1776760;1777960;"01";salta pra dentro do carro.
1778440;1780680;"07";Eu quero pedir, por favor, pra alguém ilustrar
1780680;1781940;"07";essa cena. Por favor.
1782360;1783140;"02";Por favor.
1783140;1783220;"02";Por favor.
1784640;1786880;"02";Olha, eu não faço ideia do que aconteceu,
1787560;1789100;"07, 02";mas, caracas, ainda bem que a gente
1789100;1790620;"07";pegou o Monza. Pois é.
1790800;1792580;"07";Aquele carro não deu muita sorte, não.
1792940;1794820;"01";Mas vocês não têm muito tempo pra pensar,
1794940;1797460;"01";porque na frente de vocês tem um Fusca Azul
1797460;1798140;"01";e um Dodge.
1798680;1800680;"01";Eles estão lado a lado, assim,
1800860;1802840;"01";fechando a rua, porque vocês estão
1802840;1804460;"01";usando a pista
1804460;1806220;"01";tanto a mão quanto a contramão,
1806580;1808580;"01";mas na frente tem os dois carros, mais ou menos,
1808680;1811340;"01";fechando a pista ali. Eles estão se batendo,
1811340;1813440;"01";então um tá tentando empurrar o outro.
1814520;1815380;"01";Vocês notam que tem uma
1815380;1817240;"01";uma hora eles passam perto de uma
1817240;1819340;"01";de um bairro, e quando ele
1819340;1821440;"01";passa, as crianças começam a se socar
1821440;1822560;"01";e correr atrás da outra,
1823200;1825420;"01, 07";mas não tem muito espaço pra ultrapassar os dois
1825420;1826400;"01";ali. O que vocês vão fazer?
1826800;1828220;"03";Eu falei pra você.
1829140;1830980;"03";Eu dou um soquinho na Lilica. Fusca Azul.
1832160;1833460;"02";Eu dou um soco
1833460;1835480;"02";com uma buzina ali, coloco a cara pra fora.
1836160;1837240;"02";Ó, chefe, abre caminho!
1837720;1839200;"02";Quer ficar brigando? Deixa quem quer correr passar!
1839200;1841260;"02";Eu tô buzinando pra ele,
1841320;1843560;"02";porque do lado de fora o cara tá só, né?
1845380;1847220;"01";Tá.
1848000;1850180;"01";Lilica que tava ali do lado,
1850740;1852140;"01";o Jamiro
1852140;1853720;"01";largou o volante, porque ele é um guaxinim,
1853800;1855920;"01";ele não tem tamanho pra segurar o volante pra fora
1855920;1858000;"01, 06";da janela. Tu vai segurar o volante?
1858060;1859720;"01, 06";O que tu vai fazer? Eu vou segurar o volante.
1859940;1861860;"06";Eu ia fazer outra coisa, mas eu vou segurar o volante.
1862540;1863120;"01";Dois dados.
1864520;1865700;"06";Cinco e três.
1866540;1868040;"01";Um acerto. Tu consegue
1868040;1869340;"01";manter o carro reto ali,
1869340;1871700;"01";e não jogar pro lado, pra fora da pista.
1872160;1873080;"01";Talvez acertar a criança
1873080;1874720;"01";se socando na calçada.
1875380;1877300;"02";Chegar na calçada gritando
1877300;1878900;"02";Fusca Azul, criançada!
1879220;1880700;"02";Ai, que horror. Com o carro.
1881000;1882660;"03";Esses carros são meio precários, né?
1882900;1885680;"01, 02, 03";Eu quero olhar pela janela, assim,
1885780;1887740;"03";pra ver se tem algum vazamento,
1887840;1889720;"01, 03";algo do tipo. O Fusca provavelmente
1889720;1891480;"01";tá vazando óleo, é o normal dele.
1891720;1892660;"03";Eu jogo o charuto.
1893860;1895080;"03";Meu Deus do céu.
1896220;1896740;"01";Um dado.
1896740;1898780;"01, 03";Eu tirei um cinco,
1898900;1900000;"01, 03";que é mais que o meu atributo.
1900080;1902960;"01";É, seria um ataque, o charuto bate, faz faísca,
1903000;1905000;"01";assim, no chão da estrada,
1905000;1907040;"01";mas tu não parece algo que iria funcionar.
1907180;1909000;"03";Eles são mais duros do que eu imaginei.
1910080;1911100;"07";Eu acho que ia ser
1911100;1912280;"07";um pouco preocupante.
1912840;1914060;"07";Ei, ficar aqui é legal.
1915260;1917020;"02";Eu começo a apertar os coisas
1917020;1918920;"02";tipo ligar pisca-alerta,
1919000;1921160;"02";ligar farol alto, ligar para-brisa,
1921260;1922780;"02";sabe? Porque eu não sei. Tirei de um carro,
1922860;1925420;"02";então eu só fico mexendo nos botões lá pra ver se algum faz alguma coisa útil.
1926000;1926360;"01";Perfeito.
1926900;1929320;"01";Perfeito. O carro de vocês,
1929400;1931340;"01";ele acaba batendo atrás do Fusca Azul,
1931880;1932940;"01";que vocês estão acelerando
1932940;1934760;"01";direto, vocês não estão freando, né?
1935000;1936760;"01, 08";É verdade.
1937080;1939100;"01, 08";O carro tá só acelerando.
1939120;1941240;"01, 08";E os dois carros estavam com dificuldade pra ganhar velocidade.
1942080;1942980;"01";A batida
1942980;1945220;"01";parece irritar o
1945220;1946980;"01";Fusca, né? Ele acaba
1946980;1948760;"01";perdendo um pouco da velocidade ali.
1949040;1950780;"07";Jamiro, Jamiro, grita aí na janela.
1950920;1951820;"07";Fusca Azul!
1954360;1954960;"01, 07";Aê, chefia!
1955040;1956940;"01, 07";Fusca Azul! O Fusca
1956940;1958900;"01";e o Dodd, cada um vai
1958900;1961040;"01";pra um lado, assim, eles abrem um caminho entre os dois.
1961480;1962720;"01";Eles estão meio na calçada.
1962720;1964900;"03";Rápido, rápido. Eu pulo e pressiono o ovo.
1964900;1966660;"03";Acelerador. Pra ele acelerar
1966660;1967740;"03";o máximo possível.
1968340;1970840;"01, 03";Quem tá dirigindo agora é a Lika. Tu posiciona o carro
1970840;1972220;"01";pra ultrapassar esse corredor, né?
1972320;1974820;"01";Tá. Na hora que o carro
1974820;1976540;"01";começa a passar pelos dois,
1977160;1978700;"01";eles fazem o movimento
1978700;1980320;"01";pra fechar o carro de vocês.
1982060;1982760;"01";Parece que foi
1982760;1984760;"01";uma... Pelas janelas eles ensaiaram
1984760;1986060;"01";a jogada aí. O que vocês vão fazer?
1986620;1989020;"03";Ah, é o freio pra eles baterem um no outro.
1989680;1990120;"01";Genial.
1990120;1991640;"01";Ok, dois dados.
1992680;1994400;"03";Um cinco e um três, que é o meu atributo.
1994420;1994700;"01, 03";Yes!
1994900;1996680;"01, 03";Primeiramente, tira a caixa de charutos
1996680;1998560;"01";do acelerador. Tu freia
1998560;2000620;"01";fazendo o carro parar e colando
2000620;2001860;"01";dois guaxines no
2001860;2004720;"01";para-brisa, né?
2007800;2008320;"01";Mas
2008320;2010220;"01";os dois carros da frente se batem
2010220;2012560;"01";com muita força e eles
2012560;2014440;"01";param. Vocês vão manobrar pra
2014440;2016060;"01, 07";circular e ir embora? Isso aí.
2016460;2018360;"01, 07";Toca pra frente, tio. Ei, Jamiro,
2018840;2020120;"07";tenta mexer naquele negócio ali.
2020280;2022340;"07, 03";Eu não fui muito bem. Ah, que isso?
2022340;2024280;"07, 03";Você tava ótima. Jamiro, isso você chama
2024280;2026440;"03";marcha. É como as notas musicais.
2026520;2028180;"03";Você vai se dar bem. Ah, legal.
2028460;2030360;"03";Muito bem. Eu não sei ler qual que é o
2030360;2032300;"03";primeiro. Coloque as suas patas e
2032300;2033340;"03";sinta. Você vai saber.
2034360;2036240;"01";Jamiro, é a primeira vez que tu tá me mexendo na marcha. Rola
2036240;2038380;"01, 03";dois dados. Eu tirei um quatro
2038380;2039920;"01";e um três. A marcha era
2039920;2042040;"01";intelectual, perfeito. Yes!
2042180;2043940;"01";Tu rapidamente entendeu como funciona.
2044300;2046200;"01";Não pelo número, mas pela posição
2046200;2047760;"01";que parece ser progressivo ali.
2048340;2050280;"01";Tu acha que realmente é um instrumento
2050280;2051200;"01";musical e entendeu.
2052080;2054080;"01";Na verdade, o carro...
2054280;2056280;"01";Ouvindo o motor, tu sente
2056280;2057900;"01";que ele precisa das marchas.
2058200;2060220;"01";Então, pra ti, realmente, foi um negócio meio musical.
2060720;2062480;"01";Tu entende como avançar as marchas
2062480;2063700;"01";de maneira correta ali.
2064220;2066440;"01, 02";Obrigado por tudo, JK. Você é o
2066440;2068500;"02";cara. Eu aponto minha fita K7
2068500;2070440;"07, 02";pra cima. Tem espaço pra colocar a fita
2070440;2072420;"01, 07, 02";K7? Tenho. Tenho toca-fita.
2072560;2074260;"01, 07";Ah, é agora. O carro tem um toca-fita.
2076640;2077820;"05";Vamos lá, vai.
2078460;2080600;"01";Perfeito. Tá tocando esta música dentro do carro.
2080720;2082500;"01";Vocês estão felizes passando do lado
2082500;2084260;"01";do Fusca. O Fusca,
2084280;2086140;"01";o Dodge, estão batidos.
2086200;2088140;"01";Ali tá saindo fumaça da frente do carro deles.
2088820;2090540;"01";Do Fusca, na verdade, de trás. O motor do Fusca
2090540;2092480;"01";é atrás. O piloto do Fusca
2092480;2094760;"01";olha assim, gritando palavrões
2094760;2096280;"01";que vocês não
2096280;2096900;"01";entendem.
2098180;2100520;"01";E esses palavrões cessam numa boca aberta
2100520;2101980;"01";tentando entender
2101980;2104620;"01";por que com as chininhas estão pilotando
2104620;2105360;"01";o outro carro.
2106360;2108740;"01";E ele teria uma história muito boa pra contar
2108740;2110440;"01";se o carro dele não explodisse
2110440;2112480;"01";segundos depois, junto com o Dodge lá atrás.
2112480;2113560;"01, 08";Meu Deus!
2114280;2116020;"08, 03";Nossa! A gente tá muito
2116020;2118560;"03";violento. Como assim,
2118780;2119140;"03";gente?
2119960;2122560;"03";Corridas ilegais, galera. Tudo pode acontecer.
2123040;2124240;"03";Eles levaram o meu olho
2124240;2126160;"03";e eu vou levar o olho deles.
2126560;2128140;"03";Vamos, não temos tempo pra parar.
2128380;2130380;"07";Eu achei que a gente ia parar pra pegar o olho,
2130480;2132220;"01, 07";mas ok, vamos lá. Vocês continuam
2132220;2134500;"01";correndo. À frente de vocês, vocês começam
2134500;2136220;"01";a ver a van
2136220;2137740;"01";do controle de animais
2137740;2140300;"01";cada vez mais próxima. Quando vocês estão
2140300;2141680;"01";a uma distância boa deles,
2141680;2143660;"01";quase começando a se preparar
2143660;2145100;"01";pra uma possível ultrapassagem,
2145540;2147420;"01";a porta de trás da van abre,
2147980;2149220;"01";um dos irmãos galego
2149220;2151880;"01";tá ali, ele aponta
2151880;2153560;"01";uma arma de tranquilizante,
2154200;2155580;"01";que pode estar com outra coisa agora
2155580;2158940;"01";dentro do cano, né?
2159580;2161820;"01";Ele nem olha
2161820;2164000;"01";pra vocês, ele parece estar apontando
2164000;2165840;"01";no pneu do carro.
2166260;2166960;"01";Qual é a ação de vocês?
2167600;2169840;"03";Irmãos galego, eles levaram
2169840;2171060;"03";uma verônica de mim.
2172540;2173480;"07, 04, 03";Vai, roda aí!
2173660;2174680;"03";Vai de um lado pro outro!
2174940;2178140;"03";Mantenha o curso reto. Vamos passar por eles.
2179620;2182200;"07";Mas um me falou pra eu manter o curso reto,
2182280;2183860;"07";o outro falou pra eu ir pra um lado e pro outro.
2183940;2184760;"07";O que que eu faço?
2185240;2186700;"07";A decisão é sua, Lilica!
2187020;2190080;"07";Não fala isso, a Lilica é libriana, ela não sabe decidir.
2190660;2191800;"03";Eu piso fundo
2191800;2193900;"03";no acelerador, tipo, você tem dois segundos
2193900;2195140;"03";pra decidir.
2196980;2198600;"07";Eu vou tentar
2198600;2201440;"07";dirigir meio que em zigue-zague, assim.
2201920;2202420;"01, 07";Dois dados.
2202420;2202620;"01";Dois.
2203660;2204280;"01";Tributou mais.
2205540;2206660;"07";Seis e dois.
2207540;2210060;"01";Um acerto. O tiro acerta, parece que tá
2210060;2211940;"01";com tiros normais, não tranquilizantes.
2212400;2214020;"01";O tiro acerta o asfalto,
2214080;2215240;"01";fazendo bastante barulho.
2215240;2217260;"01";O irmão galego, um dos
2217260;2218800;"01";irmãos galegos, fica bem bravo.
2219240;2220960;"01";Ele começa a recarregar aquela arma.
2221720;2223580;"01, 02";O carro, nosso carro tá acelerando.
2224340;2225820;"01, 02";A gente tá o quão perto dele?
2226420;2227540;"01";Uns dois metros
2227540;2229140;"01, 02";atrás. Ô, chefinha,
2229220;2231360;"02, 03";pisa mais fundo aí! Se a porta tá aberta,
2231420;2233120;"03";ele cai! Por acaso tem
2233120;2235640;"03";gaiolinhas com guaxinins e outros animais
2235640;2236500;"03";dentro da...
2236500;2238120;"03";dentro da vã?
2238980;2241700;"01";Vocês notam que tem algumas gaiolas lá que provavelmente tem animais.
2241840;2242940;"01";Não só guaxinins, né?
2243320;2245520;"01";Mas parece que tem animais. Eles vieram direto do trabalho.
2246340;2247720;"03";Vamos libertar eles.
2249380;2250180;"04, 03";Eu vou...
2250180;2253420;"04, 03";Eu vou usar a minha marca
2253420;2255600;"03";registrada que é pular no carro dos caras.
2255940;2257060;"03";Peraí, peraí, peraí.
2257620;2259400;"03";Pega o charuto que eu acendo.
2260160;2261320;"03";Por favor, o charuto.
2262200;2262360;"unknown";Tá.
2262360;2262460;"unknown";Tá.
2263120;2264940;"01";Pretende ir pelo capô do carro de vocês
2264940;2266520;"01";e pular no carro dele. É isso.
2266900;2269220;"01, 03";Isso. Ele tá, tipo, com a porta de trás aberta, não tá?
2269260;2269600;"01, 03";Exatamente.
2269600;2270540;"01, 03";É, tipo, uma carrocinha.
2271100;2272680;"01, 03";Então, eu já pulo ali, né?
2272900;2274160;"03";Tipo, uso ali a...
2274160;2276620;"03";o movimento do carro, pulo pra lá
2276620;2279300;"03";e vou abrindo as gaiolinhas ali, aquele...
2279300;2281100;"03";tchic! Aquele sistema de dedinho.
2281560;2283100;"01";Tá. Ele tá lá recarregando.
2283840;2285340;"01";Foi acendido o teu charuto, né?
2285620;2286160;"01";Sim, isso.
2286600;2288800;"01";Rola três dados. Um dado a mais
2288800;2290920;"01";que a Lilica tá te ajudando de alguma forma.
2291200;2292820;"03";Lilica, acelere e mantenha
2292820;2294120;"03";no curso ideal pra eu pular.
2294400;2295400;"01";Três dados, senão tu morre.
2295520;2296560;"03";Aí, chefe, você é doido, hein?
2297900;2298600;"01";Quanto é que tirou?
2299000;2301960;"03";Um seis, um três, que é meu atributo, e um um.
2302520;2304160;"01";Um acerto normal, um acerto crítico.
2304320;2306360;"01";Tu pode me dizer... Tu conseguiu pular
2306360;2307340;"01";do carro de vocês
2307340;2309880;"01";pro controle de animais.
2310280;2312100;"01";Tá com uma das portas abertas, né?
2312400;2314460;"01";Lá tá um dos irmãos galego
2314460;2315700;"01";recarregando a arma.
2316300;2318260;"01";Como é que tu entrou nesse carro? O que que tu fez?
2318640;2319800;"03";O cara que ele abriu...
2319800;2322340;"03";que ele tá recarregando a arma, ele tá bem atrás
2322340;2324500;"01, 03";da porta aberta, certo? Tá, exatamente.
2324960;2326680;"03";Então, eu entro ali daquela forma esguia,
2326860;2328680;"03";tipo, me agarrando pelos lados
2328680;2329580;"03";e entrando pra dentro.
2330520;2332060;"03";E começo a abrir as gaiolas,
2332380;2334560;"03";tipo, liberdade, liberdade, irmãos!
2334900;2336440;"03";Acabem com eles! Acabem com
2336440;2337420;"03";nossas opressoras!
2338260;2340600;"03";E vou liderando uma revolução,
2340700;2342680;"03";assim, pros bichos,
2342760;2344500;"03";pros guaxinins, os cachorros, atacarem
2344500;2345760;"03";o cara que tá com a arma.
2346600;2348220;"03";E nisso eu pego um cachorro
2348220;2350520;"03";e eu monto nele e eu falo, me leve de volta
2350520;2352060;"03";pro carro, pra monza.
2352340;2354800;"03";E volto pro nosso carro enquanto ele tá lá
2354800;2356760;"03";afogado nos gatos
2356760;2358620;"01, 03";de rua. Normalmente, numa
2358620;2360800;"01";cidade, cachorros
2360800;2362580;"01";odeiam gatos, gatos
2362580;2364700;"01";odeiam cachorros, todo mundo odeia
2364700;2366320;"01";guaxinim porque eles viram os lixos.
2366920;2367640;"01";Mas hoje,
2368480;2370000;"01";o inimigo maior se apresenta.
2370720;2372580;"01";E todos eles se unem
2372580;2374740;"01";para atacar os irmãos galega.
2375200;2376540;"01";Alguns vão em cima do
2376540;2378660;"01";motorista, outros em cima do irmão
2378660;2379600;"01";que tava recarregando.
2380420;2382320;"01";O que importa é que a van tá saindo,
2382340;2383420;"01";saindo da pista,
2384060;2386080;"01";perdendo velocidade, ela não vai bater e explodir
2386080;2387720;"01";pra gente manter os animaizinhos vivos, né?
2388580;2390240;"01";O que eu não posso garantir é a vida
2390240;2392660;"01";dos dois irmãos galegos após os incidentes
2392660;2393600;"01";que se darão.
2394700;2396400;"07";E eles colheram o que eles
2396400;2398480;"01, 07";plantaram. Quando vocês acham
2398480;2400320;"01";que perderam o Ivan Guache
2400320;2402380;"01";e que vão terminar a corrida sozinhos,
2402880;2404320;"01";um cachorro salta
2404320;2406600;"01";de dentro do carro, da carrocinha
2406600;2408660;"01";e começa a correr. É um cachorro
2408660;2410100;"01";muito esguio.
2410580;2411980;"01";Provavelmente a raça dele
2411980;2414040;"01";é um cão de corrida, embora
2414040;2416240;"01";esse estava na rua e não deve
2416240;2418080;"01";ter tido muita sorte.
2418860;2420200;"01";Ele consegue alcançar
2420200;2422300;"01";o carro de vocês, a ponto de
2422300;2423620;"01";que Ivan Guache
2423620;2426320;"01";consegue pular de volta pra dentro
2426320;2428440;"01";do carro e o cachorro, com a língua pra fora
2428440;2430660;"01";muito cansado, volta pra calçada.
2431380;2432360;"03";Da janela do carro
2432360;2434320;"03";eu fico, acabem com eles, meus
2434320;2436220;"03";irmãos, e vamos dividir a comida
2436220;2437960;"03";mexicana com todos vocês.
2438440;2439460;"03";A gente vai?
2439840;2441380;"03";Olha, eu nunca mais falo mal desse cara.
2441380;2441960;"03";É claro.
2441980;2444140;"03";É claro que vamos. Nós que vivemos na rua
2444140;2445860;"03";precisamos ajudar uns aos outros.
2446240;2446860;"07";Ah, ok.
2447720;2449820;"07";Eu nunca achei que eu ia dizer isso, mas
2449820;2452360;"07";você é muito bom de pular de carros
2452360;2453500;"07";e voltar pra eles.
2454560;2456000;"03";Isso são anos pulando
2456000;2458180;"03";em telhados e árvores e na cabeça
2458180;2458780;"03";de humanos.
2459540;2461200;"07";Eu acho que não falta mais ninguém, né?
2461520;2462540;"07";Será que a gente já ganhou?
2462960;2463940;"01";Tem a Lamborghini rosa.
2464560;2466920;"01, 03";E ela tá lá na frente.
2467720;2469840;"01, 07";Você vê ela colocando a mão pela janela,
2470080;2471840;"01";jogando alguma coisa na casa,
2471980;2473860;"01";a pista, e vocês logo vão chegar
2473860;2475720;"01";até esta coisa. Qual a ação de você?
2476080;2478000;"02";Eu pulo no painelzinho,
2478080;2479160;"02";eu quero ver o que que é pra
2479160;2482080;"02";falar, pra ver se consigo ajudar, tipo, a liga.
2482540;2484100;"02";Esquerda, direita, dependendo do que
2484100;2485640;"02";for que tiver na nossa frente.
2485880;2487700;"03";Eu aperto o botão da luz
2487700;2490180;"03";pro Jamiro conseguir ver melhor.
2490360;2491520;"01";Joga dois dados pra ver o que foi.
2491940;2493340;"03";Eu tirei um 4 e um 3.
2493620;2495200;"01";Tem que tirar o teu outro botão mais pra ver.
2495880;2497900;"01";São, em português o pessoal chama de
2497900;2499700;"01";pé de corvo, que basicamente são
2499700;2501840;"01";metais que ficam uma ponta sempre
2501840;2503700;"01";pra cima pra furar o pneu.
2503920;2505020;"01";Vários na pista.
2505720;2506900;"07";Tipo, tarraxas?
2507400;2510020;"01";É, só que são maiores e mais fortes pra poder
2510020;2511800;"01";furar o pneu. É tipo aquilo que a gente vê
2511800;2513480;"04, 08, 01, 02, 00";que ninja joga no chão, sabe?
2514360;2515540;"01, 02";Steps, talvez, eu acho.
2515900;2517840;"01, 02";São coisas pontudas que querem explodir
2517840;2518600;"01";o nosso pneu.
2519380;2521940;"01";Ok, o Danilo tá dando um dado
2521940;2523720;"01";a mais, já que ele viu o que tá acontecendo e vai
2523720;2525820;"01";tentar ajudar a pessoa que tiver no volante.
2525900;2526200;"01";Isso.
2527380;2529460;"01, 07";Posso jogar? Pode jogar.
2529460;2530860;"01";Tem atributo ou mais.
2531840;2533860;"07";6, 3 e 2.
2534580;2535880;"01";6, 3 e 2.
2536080;2537400;"01";Tu tem um acerto.
2538020;2538280;"01";E aí?
2539920;2541520;"07";Era meu atributo ou mais?
2542200;2542520;"01";Era.
2543760;2545100;"07";Ai, que tristeza.
2545720;2547980;"01";Tu fazia um movimento
2547980;2549240;"01";fino ali de desviar.
2549840;2551780;"01";Tu joga o carro pra calçada pra desviar
2551780;2553780;"01";daquelas...
2553780;2555180;"01";Pra não destruturar o pneu, né?
2556320;2558220;"01";Acaba acertando um muro alto.
2558220;2560000;"01";O espelho...
2560000;2561520;"01";O espelhinho...
2561520;2563200;"01";Da lateral do passageiro foi embora.
2563560;2565380;"01";Toda aquela porta tá muito arranhada.
2565460;2567160;"01";Tá um pouco amassado do lado daquele carro.
2567560;2569480;"01";Do lado do carro, daquele lado do carro, né?
2569980;2572520;"01";Mas tu consegue desviar e o pneu não estoura.
2572920;2574580;"07";Quem olhar pra Lilica
2574580;2576120;"07";agora vai ver ela meio que
2576120;2577340;"07";mordendo a boca, assim, falando
2577340;2579660;"07";tá tudo bem. Não precisava daquele espelho.
2580160;2582000;"01, 07";Eu nem sei pra que serve um espelho.
2582340;2582680;"01, 07";É isso aí.
2582680;2583800;"01, 07, 02";Não usei nenhum até agora.
2584480;2587580;"01, 07";Eu não usei nada. É só olhar pra frente e tá tudo certo.
2588060;2589700;"02";Olhando pra frente, você vê minha bunda.
2589700;2590420;"07, 02";É, né?
2591520;2592700;"01";A Lamborghini rosa
2592700;2593740;"01";passa.
2594880;2597620;"01";Logo depois que ela passa, começa a descer
2597620;2598800;"01";a cancela
2598800;2601700;"01";de uma linha que divide a estrada
2601700;2602500;"01";em uma linha de trem.
2603240;2605520;"01";Vocês não veem o trem ainda, mas ele tá
2605520;2607620;"01";piscando já uma luz vermelha e a cancela
2607620;2609460;"01";tá baixando. O que vocês fazem?
2609720;2610680;"03";Ah, ok.
2611240;2613600;"03";O meu amigo Estevam foi atropelado
2613600;2615820;"03";pelo trem. Depois disso, ele nunca mais foi o mesmo.
2616440;2617700;"07";Ele ficou vivo?
2618540;2619860;"03";De certa forma.
2620040;2621320;"02";Olha, o trem são vários
2621320;2623220;"02";carros um atrás do outro, então acho que a experiência
2623220;2624200;"02";não deve ter sido muito legal.
2624520;2627200;"07";Bom, a gente explodiu três
2627200;2629200;"07";carros, então acho que a gente
2629200;2630480;"07, 03";tá no lucro.
2630800;2632080;"03";Vamos quebrar essa cancela.
2632940;2635200;"03";Eu sento no acelerador com todo
2635200;2636120;"03";o peso do meu corpo.
2636520;2638900;"01";Pra vocês passarem por isso,
2638980;2640760;"01";eu atributo ou mais de vocês.
2641120;2643360;"01";Cada um rola um dado, que cada um tá fazendo uma coisa.
2644020;2645180;"01";Quero pelo menos um acerto
2645180;2645720;"01";de vocês.
2646540;2649120;"01, 03";Seu atributou mais, então
2649120;2650480;"01";o Ivan não conseguiu.
2650480;2651060;"01";O Ivan,
2651320;2653220;"01";acelerou, mas ainda não tá
2653220;2654660;"01";sendo suficiente, porque é um trabalho em equipe.
2655060;2657140;"01";A Lilica. Eu tirei dois.
2658180;2659460;"01";Não foi o suficiente.
2660680;2661400;"01";Tá tudo na mão
2661400;2662340;"01";do Jamiro, que tirou
2662340;2663700;"01";quatro.
2664900;2666220;"01";Um acerto simples.
2667020;2669220;"01";Vocês aceleram, vocês veem o trem
2669220;2671200;"01";vindo, vocês arrebentam
2671200;2673440;"01";a cancela, o trem tá vindo.
2674500;2675460;"01";Vocês sentem
2675460;2677360;"01";o carro, a traseira do carro
2677360;2679200;"01";jogar um pouquinho pro lado ali.
2679200;2680960;"01";Parte do...
2681320;2683160;"01";Olhando pra trás, vocês não conseguem mais ver
2683160;2685620;"01";nada pelo retrovisor,
2686020;2687300;"01";porque o porta-mala abriu,
2687380;2689200;"01";e agora ele tá aberto eternamente.
2689640;2691520;"01";Qualquer sistema que ele tinha pra trancar ali
2691520;2693460;"01";foi embora, junto com o
2693460;2695500;"01";para-choque traseiro, um pedaço
2695500;2697680;"01, 07, 04";do carro de vocês. Ah, quem precisa disso?
2698880;2699960;"01";Vocês conseguiram
2699960;2700880;"01";continuar correndo.
2701520;2703620;"01, 07, 03";Eu abro o olho. Deu certo!
2703820;2705600;"03";Deu certo! É isso aí,
2705700;2707140;"03";super fácil. É cloro que deu.
2707140;2708780;"03";Nós somos um time, garroto.
2709120;2711140;"03";Os times sempre conseguem fazer quando eu faço
2711140;2711680;"03";injuntos.
2712040;2714880;"01";Apesar do capacete, vocês não conseguem ver
2714880;2717080;"01";a boca aberta do piloto do outro carro,
2717760;2719240;"01";porque ele tinha parado
2719240;2720940;"01";o carro e olhado pra trás,
2721220;2723400;"01";reduzido bastante, olhado pra trás,
2723800;2724980;"01";talvez pra ver o carro
2724980;2726880;"01";ser destruído pelo trem,
2727480;2728880;"01";ou pra comemorar que vocês ficariam
2728880;2730640;"01";um bom tempo parados, porque era um trem muito grande,
2731280;2733260;"01";e ele se assusta e volta a acelerar
2733260;2734680;"01";quando vê que vocês conseguiram.
2735040;2736300;"01";Ele ainda tá na frente de vocês.
2736300;2737260;"01, 02";Que moças!
2738440;2739920;"02";A gente tá chegando, cara!
2739920;2742100;"02";Atrás daquele capacete, Lilica!
2742360;2743000;"02";Vamos lá!
2743360;2746100;"03";Eu acho que esse capacete cor-de-rosa vai ficar ótimo
2746100;2747040;"03";em você, Lilica.
2747360;2750620;"07";Oh, você acha? Tô pensando em mudar o estilo mesmo.
2751160;2751920;"01";É um capacete
2752540;2754240;"01";humano, tu pode dormir dentro dele,
2754300;2754540;"01";inclusive.
2756520;2757920;"03";Vamos tirar-lo daquele motorista.
2758780;2759940;"03";Vai ser uma ótima casa.
2760800;2762040;"03";Vai ser uma ótima casa,
2762120;2762500;"03";exatamente.
2764160;2766040;"01";O carro continua na frente
2766040;2767500;"01";de vocês, vocês estão ganhando velocidade,
2767500;2768760;"01";ele tá ganhando velocidade,
2768760;2770840;"01";e parece que vai ficar nisso
2770840;2771860;"01";até a corrida acabar.
2772260;2774100;"01, 02";Será que não tem nada de útil nesse negócio aqui, não?
2774140;2775060;"02";Eu vou pro porta-luva.
2775700;2778160;"03";Eu arranco o outro vidro, ou o vidro do outro lado.
2778320;2780280;"03";Quanto menos peso, mais rápido nós vamos.
2780460;2780780;"03";E eu vou.
2781820;2784760;"01, 03";O porta-luva tem
2785620;2786540;"01";bastante papel.
2786960;2788060;"01, 02";Por enquanto, só achei comida.
2788280;2789180;"01";Rola um dado, Danilo.
2789480;2791020;"01";Vamos ver tua sorte.
2791600;2793920;"02";Ah, eu tirei um 2, que é meu atributo!
2794160;2795580;"01";Tu pode...
2795580;2798400;"01";Qualquer coisa que caiba num porta-luva
2798400;2799120;"01";tá ali dentro.
2799440;2800920;"01";O que é que tu quer que tenha ali dentro, Danilo?
2801600;2803020;"01";Eu não tava esperando por isso.
2804220;2805340;"01";Qualquer coisa, vamos lá.
2809700;2810640;"02";Aceito ideias, gente.
2811100;2812760;"03";Não consigo pensar em nada.
2813420;2815360;"03";A primeira coisa que eu pensei é um revólver.
2815640;2816820;"02, 03";Eu tô pensando nisso, mas...
2816820;2818340;"01, 02";Pode ter uma arma de fogo, sim.
2818560;2820320;"02";Então tem um revólver ali, faz sentido.
2820480;2822400;"02";O cara tá numa corrida ilegal, um porta-luva.
2822400;2825060;"07, 02";E ele usava uma regata branca suja.
2825240;2827320;"03";Pode ser um troço de fogos de artifício,
2827440;2828200;"03";qualquer coisa assim.
2828400;2831060;"01, 03";É mais plausível o revólver,
2831160;2832060;"01, 03";mas pode ter o lanceiro.
2833120;2834740;"01";Eu vou de revólver.
2836240;2838920;"01";O Jamiro Guarço está amado.
2839720;2840480;"02";Aí, galera, se liga,
2840540;2841720;"01, 02";eu achei isso no meio da comida.
2841920;2843280;"01, 02, 03";Oh, meu Deus!
2844480;2845860;"03";Carroto, você é um gênio.
2846040;2846560;"03";Ele é?
2846820;2848000;"03";Na verdade, eu sou o Sussurrudo.
2848480;2849360;"03";Me ri nas rodas.
2849360;2852220;"03";Nós não queremos manchar o capacete rosa.
2852740;2853460;"02";Ok, tá legal.
2853580;2855260;"02";É só um carro em movimento muito rápido
2855260;2857920;"07, 02";e eu tentando acertar uma roda de um outro carro em movimento muito rápido.
2858400;2859040;"07";Jamiro, você...
2859040;2859820;"07, 02";O que é que pode dar errado?
2859900;2861860;"07";Você tem certeza que você sabe fazer isso?
2862000;2862840;"07";É lógico que não.
2863640;2864960;"01";Dois dados, Jamiro Guarço.
2865400;2866940;"07, 02";Eu tirei um dois e um um.
2867040;2867860;"02";Puta que pariu.
2868060;2869020;"02";Dois é meu atributo.
2872080;2874180;"08";Mano, quais as chances?
2874600;2875820;"01, 08";Qual a chance?
2878540;2880260;"02";Dois é meu novo atributo favorito
2880260;2881680;"02";quando eu for jogar com você, Guarço.
2881760;2883580;"01, 02";Isso, pra fazer coisas físicas, né?
2883580;2886200;"01, 08";Ô, Danilo, você jogou na mega da virada?
2886300;2887000;"01, 08";Você deveria ter jogado.
2888400;2890660;"01";Toma lá, Jamiro Guarço tirou dois e um.
2890760;2893660;"01";Um é um acerto comum, dois é um acerto crítico.
2894160;2896800;"01";Cara, esse tiro acertou e fez o que tu quiser.
2896920;2897320;"01";Me conta.
2897880;2901600;"02";Eu peguei numa roda de trás.
2902240;2905020;"02";A ideia é realmente pra ela só perder controle
2905020;2907760;"02";e pra ela sair da rua, da estrada, do caminho.
2908420;2910480;"01, 02";Não vai acontecer nada com o carro nem com ela?
2910840;2911020;"01";Não.
2911540;2911760;"01, 02";Tá.
2912200;2914220;"02";Eu quero que você veja quem ganhou de você.
2914960;2915140;"01";Tá.
2915600;2918160;"01";Como é que tu posicionou essa arma pra atirar?
2918400;2921480;"02";Eu fui na frente do painel,
2921680;2924320;"02";eu deixei ela meio apoiada no vidro da frente
2924320;2926340;"00, 02";pra tentar pegar um pouco mais de estabilidade.
2926900;2928820;"02";Meio que abracei a arma, tipo, sabe?
2928920;2932020;"02";Tipo, tava com as patinhas de baixo cruzada
2932020;2934960;"02";na parte onde você segura a arma
2934960;2936940;"02";e com as duas patinhas da frente no gatilho,
2937360;2937980;"02";tentando mirar.
2938400;2941040;"02";Tu arrebentou o vidro da frente no processo, é isso?
2941080;2942400;"02";Isso, exatamente.
2943460;2943900;"02";Perfeito.
2944220;2945420;"02";Meu Deus do céu.
2945420;2948080;"02";E acho que provavelmente depois do tiro
2948400;2949460;"02";voando pra trás com a arma.
2949660;2950980;"01, 02";Era isso que eu queria saber.
2951280;2953260;"01";Porque se tu tivesse ido pra janela dar esse tiro,
2953600;2954920;"01";tu podia ter caído no carro.
2955420;2955920;"01";Mas, ok.
2956760;2959020;"01";A força do revólver, né?
2959800;2961560;"01";Como é que você diz o...
2961560;2962460;"01";O coice.
2962580;2963020;"01";O coice.
2963160;2967100;"01";O coice da arma atira o Danilo contra o vidro traseiro.
2967580;2971440;"01";Vocês destruíram o para-brisa dianteiro, né?
2971540;2974140;"01";Ele tem um buraco e várias rachaduras
2974140;2975300;"01";que atrapalham a visão de vocês.
2975300;2978300;"01";O vidro lá de trás tá bem rachado também.
2978400;2981100;"01";O Danilo quase atravessou aquele vidro
2981100;2983100;"01";e ele caiu no banco de trás, assim.
2983780;2989800;"08, 03";As mãozinhas da Lilica estão apertadas no volante, tipo...
2989800;2991220;"03";Garroto, muito bem.
2991540;2993780;"03";Você me lembra a mim mesmo no tempo da guerra?
2994480;2997860;"03";E nesse momento eu tô lembrando de um dia...
2997860;3002100;"03";Eu tô lembrando de um dia que tinha uma família
3002100;3004980;"03";assistindo um filme de guerra e eu fiquei na janela, olhando.
3006640;3008200;"01";Vocês estão correndo, né?
3008200;3008260;"01";Vocês estão correndo, né?
3008260;3008320;"01";Vocês estão correndo, né?
3008320;3008360;"01";Vocês estão correndo, né?
3008360;3008380;"01";Vocês estão correndo, né?
3008400;3010660;"01";Vocês estão correndo ali, não há mais oponentes, né?
3011680;3015500;"01";Vocês atravessam o último trecho da corrida.
3015840;3017700;"01";Vocês veem um ligeirinho gigante
3017700;3020400;"01";piscando, né?
3020400;3021280;"01";Segurando um taco,
3022140;3025620;"01";que é o painel do ponto de chegada.
3026020;3031080;"01";Muitos jovens lá, o pessoal comemorando, gritando.
3032080;3036200;"01";Durante o percurso, alguns drones filmaram
3036200;3037640;"01";e transmitiram a corrida.
3037640;3038320;"01";Vocês acabaram de ver o drone.
3038320;3039560;"01";Acabaram não vendo isso.
3040000;3042260;"01";Mas tava o pessoal lá com o celular, olhando pro celular,
3042420;3043280;"01";olhando pra vocês.
3043720;3044960;"01";E o carro de vocês tá chegando.
3045340;3048680;"03";Tem um casaco no carro, assim, tipo, no banco de trás?
3048900;3049220;"01";Tem.
3049700;3050140;"03";Ótimo.
3050720;3054760;"03";Eu já preparo pra fazer o três guaxinim num casaco e no chapéu.
3055100;3055380;"01";Tá.
3055740;3059340;"01";O problema é que o carro tá em altíssima velocidade.
3060060;3061420;"01";Tá cheio de gente lá na frente.
3062080;3063020;"01";Vocês têm que parar esse carro?
3063200;3063460;"07";Ah!
3064740;3065180;"07";Ok.
3065180;3067680;"07, 08";Eu acho que a gente precisa parar.
3067680;3069000;"08";Pera o freio.
3069340;3070420;"08";Freio, freio, freio.
3070700;3072580;"02";Eu tô no banco de trás, né?
3072600;3075480;"02";Eu pulo no freio de mão.
3076540;3078180;"01, 02";Pulo em cima dele pra tentar puxar ele.
3078720;3079540;"01";Tá, vamos lá.
3080020;3081920;"01";O Jamiro tá tentando puxar o freio de mão.
3082140;3083620;"01, 03";O Ivan Guache tá fazendo o quê?
3084200;3087500;"03";Eu tava indo pro casaco, mas aí eu lembrei, né?
3087500;3088340;"03";Que tem que parar o carro.
3088460;3090640;"03";Eu pulo ali pro freio, pro freio pedal.
3090900;3093400;"01";Tirar a caixa do acelerador e frear.
3093920;3095080;"01";O que tá fazendo a Lilica?
3095080;3097580;"01, 08";Eu vou tentar virar o volante.
3097680;3102140;"07, 08";O volante pra ele dar aquela derrapadinha, assim, de ré.
3102680;3103240;"02";Nossa!
3103760;3106280;"02";Quantos guaxinim são necessários pra dar um cavalo de pau?
3106660;3106800;"02";É.
3107340;3107800;"02";Três.
3108460;3108740;"01";Ok.
3109440;3111900;"01";O atributo de vocês ou mais, um dado pra cada um.
3112020;3112340;"01";Vamos lá.
3112920;3113320;"01";É um dado.
3114400;3114920;"01";Jamiro.
3115600;3115920;"01";Quatro!
3116140;3117160;"01";Um acerto.
3118340;3119300;"01";Ivan Guache.
3119720;3120220;"08";Dois.
3120480;3121300;"01";Dois acertos.
3121740;3122300;"01";Lilica.
3122960;3123860;"08";Dois também.
3123860;3125580;"01, 08";O carro.
3126500;3126860;"01";Você...
3126860;3127220;"01";O...
3127220;3127580;"01";Danilo.
3127680;3129760;"01";Puxa o freio de mão.
3130440;3134540;"01";O Ivan troca o acelerador ali pro freio.
3135700;3137320;"01";A Lilica vira o carro de lado.
3138000;3139140;"01";O carro fica de lado.
3140100;3141300;"01";Capota uma vez.
3142600;3144220;"01";Capota uma segunda vez.
3144580;3148860;"01, 04, 00";Por um momento vocês estão flutuando dentro daquele carro, assim, enquanto ele roda.
3149200;3153180;"01, 00";E o porta-luva tava aberto, então tem papel voando pra tudo que é lado.
3153180;3154800;"01";E aquele carro tá rodando.
3155280;3157220;"01";Ele capota uma terceira vez.
3157680;3161960;"01";E cai estacionado certinho no meio do pessoal, sem acertar ninguém.
3162500;3163840;"01";Todo destruído o carro.
3164240;3166380;"01";Mas certinho na vaga que vocês queriam parar.
3166380;3168340;"01";O pessoal começa a gritar.
3168900;3171960;"01";A Pulata, todo mundo já meio bêbado ali.
3172380;3174820;"01";Eles tão vindo pra cumprimentar o piloto.
3175440;3176660;"07, 03";Totalmente planejado.
3177060;3178280;"03";Eu puxo o casaco agora.
3178620;3180060;"03";Jamiro, você é mais expressivo.
3180160;3180840;"03";Você é a cabeça.
3181440;3182920;"03";E eu boto a Lilica no meu ombro.
3183300;3184500;"03";O Jamiro no ombro dela.
3184640;3185440;"03";E fecho o casaco.
3185620;3186920;"03";Boto um chapéu assim no Jamiro.
3187240;3187440;"01";Tá.
3187680;3190260;"01";Tá as duas mãos soltas assim do lado do corpo.
3190600;3191640;"01";Um corpo bem magro.
3192920;3194980;"03";A minha mão não alcança.
3195320;3197060;"03";As mãozinhas de guaxinim.
3197780;3199140;"03";Da Lilica ali.
3199260;3201380;"03";E os pezinhos do Ivan Guaxinim.
3203100;3206260;"01";Um mexicano, mas muito parecido com aquele primeiro.
3206360;3207400;"01";Só que bem mais velho.
3207740;3209200;"01";Também usando a roupa toda branca.
3209260;3210720;"01";O chapéu e o lenço.
3210800;3212280;"01";Que lembra o personagem Ligerinho.
3212840;3215380;"01";Ele chega todo feliz com o troféu ali.
3215380;3217660;"01";Ele olha pra vocês com um sorrisão.
3217960;3219680;"01";O sorriso dele dá uma sumida assim.
3219800;3221060;"01";Ele põe a cabeça meio de lado.
3222020;3223420;"03";Eu dou uma batidinha assim.
3223700;3225200;"03";Jamiro, faz alguma coisa.
3227900;3229580;"02";Porque se eu tentar falar alguma coisa.
3230160;3232220;"02";Eu só tento dar um grunhido ali.
3232440;3233580;"03";Lilica, abraça ele.
3233920;3234760;"unknown";Com o quê?
3235600;3236340;"02, 08, 03";Eu não alcanço.
3236340;3237180;"02, 08, 03";Eu não tenho mão pra isso.
3238560;3243640;"08";Eu vou pegar a mãozinha e mexer onde seria o ombro.
3243640;3245740;"08";Como se ele estivesse dando o ombro assim.
3246720;3247200;"08";Enquanto.
3247200;3250180;"08";Enquanto o Jamiro ri e mexendo o ombro, sabe?
3250820;3253240;"01";Ele entrega a taça pra vocês.
3253360;3255180;"01";A taça cai do lado de vocês.
3255320;3256720;"01";Porque não tem uma mão pra segurar.
3259980;3261860;"01";Ele entrega um bolinho de dinheiro.
3261980;3263000;"01";Que cai também.
3264460;3266400;"01";Eu vou catando tudo que cai ali.
3266460;3267700;"01";O dinheiro eu cato ali do chão.
3268280;3269200;"01";Ele vai entregar o cartão.
3270500;3272840;"01";Daí ele vê um bolso no casaco.
3272960;3274340;"01";Ele coloca o cartão no bolso.
3274420;3275420;"01";Pra não cair.
3275420;3277180;"01";E todo mundo começa a gritar.
3277200;3279380;"01";A cantar, a dançar, a festejar.
3279780;3281880;"01";Tocando música mexicana.
3282440;3283780;"01";O pessoal tá vindo com um taco.
3283900;3287200;"01";Está colocando ali pela janela pra vocês.
3288820;3290440;"08";A gente só vai tirar.
3290760;3292200;"08";Eu vou tirar a mãozinha assim, né?
3292200;3292780;"08";Do meio do peito.
3292860;3293640;"08";Pegar um taco.
3294060;3295660;"08";E voltar pra dentro, né?
3295780;3297520;"08";Sai do casaco, volta pra dentro.
3297640;3299040;"08";Entrega pro Ivan.
3299220;3300520;"08";Pega um, entrega pro Jamiro.
3300520;3300820;"08, 03";Pega o outro.
3300820;3303780;"08, 03";Eu imagino que talvez nessa hora o cachorro chegou ali.
3303960;3305820;"03";Aí eu dou metade do meu taco pro cachorro.
3306200;3306640;"01";Perfeito.
3306640;3310660;"01";O pessoal, depois de um tempo, vai dispersando.
3311060;3312100;"01";Madrugada dentro.
3312220;3313520;"01";O pessoal vai indo embora.
3313980;3315980;"01";A própria loja de tacos fecha.
3316540;3317480;"01";Vocês ficam ali.
3317920;3319780;"01";Do lado de dentro da loja.
3321000;3323980;"01";Do lado dela tem uma lata de lixo gigantesca.
3324060;3326220;"01";Um daquelas caçambas de lixo, né?
3326700;3328460;"01";Tem bastante comida pelo chão também.
3328900;3331460;"01";Bastante comida em bandejas que foram deixadas ali.
3332420;3335060;"01";Vocês, há muito tempo, não viam tanta comida.
3335060;3336260;"01, 03";É um ban...
3336640;3338940;"03";É disso que eu estou falando.
3340500;3341820;"01";Cadê todo mundo?
3341860;3345700;"01";Os animais que vocês libertaram, eles vieram, obviamente, a pé.
3346300;3347760;"01";E passou a madrugada toda.
3348260;3350080;"01";Mas eles começam a chegar ali também.
3350640;3354360;"01";Outros guaxinins que ouviram a história pelo caminho começam a chegar.
3354820;3359120;"01";Aquela multidão de animais comendo e comemorando e carregando vocês.
3359720;3363200;"01";Até que o Ivan Guaxi estava sendo carregado pelo povo.
3363200;3365160;"01";Ele olha no meio da multidão.
3365160;3367820;"01";Parece que mais animais foram libertados.
3368600;3369920;"01";Os seus olhinhos se encontram.
3371100;3371580;"03";Verônica!
3372220;3372700;"03";Oi?
3373540;3374100;"03";É o quê?
3374400;3375580;"03";O que você está vendo, Ivan?
3375600;3376060;"03";É a Verônica!
3376380;3377020;"03";Ela voltou!
3377740;3378860;"03";Verônica, meu amor!
3379460;3380600;"03";Ele pula ali, né?
3380680;3382900;"03";Do braço dos bichinhos que estavam levando ele.
3383340;3384480;"03";Não, não, espera, Ivan!
3384720;3384900;"03";Tó!
3385080;3388660;"07, 08";Eu dou um pedaço de taco, assim, metade de um taco pra ele.
3389020;3390240;"08, 03";Leva pra ela, ela vai gostar.
3390400;3391280;"03";Presunto extra.
3391680;3392460;"04, 03";Muito romântico.
3392460;3393280;"04, 03";Muito romântico.
3393280;3393460;"04";Muito romântico.
3393460;3393540;"unknown";Muito romântico.
3393540;3393600;"unknown";Muito romântico.
3393600;3393620;"unknown";Muito romântico.
3393620;3393700;"unknown";Muito romântico.
3393700;3393800;"unknown";Muito romântico.
3393800;3393820;"unknown";Muito romântico.
3393820;3395700;"03";E vou até lá.
3396360;3397720;"03";Verônica, meu amor!
3398160;3399680;"03";Presunto extra para você.
3399740;3401900;"02, 03";Eu ligo o rádio do carro e aumento o volume.
3402700;3404700;"09, 02";E a música vai tocando os animais.
3423820;3428780;"09";E ante mim, Deus, te poderia jurar
3428780;3432180;"09";Quanto te quis e te quero
3432180;3434640;"09";Dona minha
3434640;3439860;"09";Adiós, amor
3439860;3442660;"09";Escudo do Mestre
3442660;3444980;"01, 09";O Escudo do Mestre é aquela estrutura de papelão, madeira,
3445040;3447000;"01";que o mestre usa para esconder suas anotações e lançamentos de dados,
3447100;3449640;"01";mas aqui, aqui, eu baixo essa estrutura e conto pra vocês
3449640;3452040;"01";tudo o que aconteceu nesta aventura.
3452040;3453720;"01";Na verdade, eu estava vendo,
3453820;3455820;"01";numa live, há muito tempo atrás,
3455820;3459200;"01";acho que era, era um desses RPG de panfleto,
3459200;3461820;"01";onde todo mundo é o Xambim,
3461820;3465580;"01";e o objetivo do RPG era que o Xambim morresse.
3465580;3467060;"01";Uma loucura dessa.
3467060;3469920;"01";Então era um filme, foi no canal da Rei Galvão,
3469920;3474000;"01";e lá depois teve um bate-papo sobre esses joguinhos em panfleto,
3474000;3478360;"01";esses jogos rápidos, né, esses RPG de sentar e jogar,
3478360;3483340;"01";e foi recomendado um que envolvia guaxinins,
3483820;3484860;"01";vidas ilegais.
3485180;3487040;"01";É um jogo, achei bem divertido,
3487100;3492060;"01";ele tem regras sobre o que cada guaxinim vai fazer ao dirigir o carro,
3492620;3493540;"01";ela é, é, é,
3493860;3495140;"01";embora seja muito simples,
3495640;3498920;"01";ela é um pouco mais complexa do que vocês viram nessa aventura.
3499480;3501360;"01";E, porque guaxinins não sabem dirigir,
3501800;3503980;"01";aí pela regra lá, cada guaxinim tem um item, né,
3504000;3505420;"01";como eu todo tentei trazer pra cá.
3505960;3508620;"01";O RPG se chama Crash Pandas,
3508640;3510580;"01";uma brincadeira com o Tretch Panda,
3510580;3512260;"01";que é como o panda do lixo, né,
3512600;3513580;"01";que é como se chama o guaxinim,
3513820;3516700;"01";nos Estados Unidos, um apelido carinhoso pra ele.
3517140;3518120;"01";Tem uma aventura muito boa,
3518640;3520200;"01";que me inspirou bastante,
3520800;3523100;"01";lá no canal do Critical Role,
3523500;3526700;"01";que eles jogaram uma one-shot de Clash Pandas,
3527120;3529260;"01";e recomendo bastante que vocês conheçam, tá?
3529720;3532780;"01";E isso é tudo que eu quero trazer por aqui.
3533220;3534400;"01";Se você tiver alguma pergunta,
3534460;3537240;"01";o que eu duvido muito é um episódio bem simples,
3537320;3538260;"01";um episódio bem bobo,
3538620;3540120;"01";de Dia das Crianças, né,
3540120;3543060;"01";ele não tem muito o que adicionar,
3543060;3547060;"01";e duvido vocês fazerem ligações com outros episódios,
3547140;3548060;"01";porque...
3548060;3548560;"01";Oi?
3548560;3549560;"01";Como assim?
3549560;3551560;"01";Eram guaxinim motoristas.
3551560;3552560;"01";A mina de rosa?
3552560;3553560;"01";Olha só.
3554560;3556060;"01";Desculpa a interrupção, gente.
3556060;3557060;"01";Era isso, gente.
3557060;3560060;"01";Deixem suas perguntas no post que a gente vai ler lá no nosso canal na Twitch.
3560060;3564060;"01";O canal da Twitch disse que esses dias teve uma aventura lá, ao vivo.
3564060;3565060;"01";Dá uma conferida lá.
3565060;3568060;"01";Mas ela vem pro feed depois, de qualquer forma, gente.
3568060;3571060;"01";Você deixando seu comentário no post, a gente lê na terça-feira que vem,
3571060;3572060;"01";lá no canal da Twitch.
3572060;3573040;"01";E na quinta-feira, se tudo bem, tchau.
3573060;3576060;"01";Se tudo certo, sai aqui no feed pra vocês o guaxaverso.
3576060;3578060;"01";Queria que vocês pensassem com carinho, quem puder,
3578060;3580060;"01";se tornar padrinho desse projeto.
3580060;3582060;"01";A partir de um real, você ajuda a gente a pagar o editor.
3582060;3586060;"01";A partir de dez reais, você faz parte de um grupo do Telegram maravilhoso,
3586060;3588060;"01";que tem mesa de RPG o tempo todo,
3588060;3590060;"01";em que você grava NPC,
3590060;3593060;"01";em que, talvez, se você der muita sorte e acertar uma pergunta,
3593060;3596060;"01";ou fazer alguma coisa X lá,
3596060;3601060;"01";de vez em quando acontece de algum padrinho receber o famoso Vale Aventura,
3601060;3602060;"01";ou seja,
3602060;3605060;"01";um convite pra jogar um RPG Guax,
3605060;3608060;"01";mas é bem raro, não seja padrinho por isso,
3608060;3611060;"01";embora esse ano tenham saído bastante convites.
3611060;3615060;"01";Eu tô com um grupo agora de 14 pessoas, se eu não me engano,
3615060;3618060;"01";que tem o Vale Aventura e vão jogar em breve.
3618060;3620060;"01";Não pode nos ajudar ou não quer?
3620060;3622060;"01";Não tem problema, segue a gente nas redes sociais,
3622060;3624060;"01";arroba Marcelo Guaxinim, arroba RPG Guax,
3624060;3627060;"01";tanto no Twitter quanto no Instagram.
3627060;3629060;"01";Quero agradecer muito aos jogadores, a Naomi,
3629060;3631060;"01";que é essa figura maravilhosa, tá sempre em várias streams,
3631060;3633060;"01";na Twitch,
3633060;3637060;"01";dei uma procurada lá nos contos lúdicos, principalmente,
3637060;3640060;"01";mas ela tá em todos os canais da Twitch,
3640060;3642060;"01";se você entra num canal de RPG,
3642060;3647060;"01";tem sempre um D6 chance de a Naomi estar por lá,
3647060;3649060;"01";conheça a Naomi.
3649060;3652060;"01";Ela tem também o Nanocast, é um podcast curtinho de RPG,
3652060;3654060;"01";muito bacana, recomendo vocês a conhecerem.
3654060;3657060;"01";Quero agradecer a Mel, que ela tem o Nossa Poesia,
3657060;3659060;"01";onde eles leem poesias de domínio público,
3659060;3660060;"01";é um podcast muito bom pra gente,
3660060;3662060;"01";é um podcast muito bom pra relaxar
3662060;3664060;"01";nesses tempos loucos da pandemia, né?
3664060;3666060;"01";E também o Projeto Drama,
3666060;3668060;"01";que é um projeto de audiodrama muito bom,
3668060;3670060;"01";eu recomendo bastante.
3670060;3673060;"01";Eles têm uma pegada de algumas temporadas,
3673060;3677060;"01";os ouvintes decidirem os caminhos das histórias, né?
3677060;3679060;"01";No momento estão todas lá e são maravilhosas,
3679060;3682060;"01";você pode ouvir, mas volta e meia abre uma temporada nova,
3682060;3686060;"01";e o ouvinte pode sempre conduzir essa história,
3686060;3689060;"01";é bem bacana, é um projeto que eu gosto bastante.
3689060;3691060;"01";E por último, mas não menos importante,
3691060;3695060;"01";temos o Danilo Battini, um de nossos editores incríveis,
3695060;3699060;"01";ele não editou esse episódio, mas jogou essa aventura.
3699060;3703060;"01";Sempre que eu penso em algo mais infantil, mais cômico,
3703060;3706060;"01";eu penso no Danilo, que é uma pessoa maravilhosa,
3706060;3709060;"01";com suas vozes e trejeitos e ideias,
3709060;3714060;"01";e ele faz o nosso querido Contador de Histórias.
3714060;3717060;"01";Contador de Histórias é um podcast de audiodrama,
3717060;3721060;"01";finamente editado, assim, um negócio premiadíssimo,
3721060;3725060;"01";tem histórias maravilhosas, tem aquela edição premium
3725060;3730060;"01";que você não encontra em, provavelmente, nenhum outro podcast no Brasil,
3730060;3732060;"01";e em pouquíssimos podcasts pelo mundo.
3732060;3736060;"01";Então recomendo muito que vocês conheçam o Contador de Histórias.
3736060;3740060;"01";Ele é, assim, na minha visão, o que o Gaveta é pros vídeos do YouTube,
3740060;3743060;"01";o Danilo é pra edição de podcast.
3743060;3746060;"01";Falando em editor, o editor dessa vez foi o Tarek Fernandes.
3746060;3750060;"01";Sim, lá do SciCast você conhece ele gravando o podcast, né?
3750060;3754060;"01";Mas ele queria testar seus dons editorescos,
3754060;3756060;"01";e eu já tava gravado esse episódio há bastante tempo,
3756060;3758060;"01";acho que desde o ano passado.
3758060;3760060;"01";Então eu deixei pra ele, sem pressa, pra ele dando uma olhada,
3760060;3762060;"01";pra ele ir aprendendo.
3762060;3764060;"01";Obviamente pago, né? A gente recebe padrinho,
3764060;3766060;"01";por isso ele, no fim, não queria nem receber.
3766060;3771060;"01";Mas se eu recebo dos padrinhos, eu tenho que, obviamente, pagar os editores.
3771060;3774060;"01";Então foi um negócio bom pra todo mundo,
3774060;3775060;"01";ele gostou bastante da edição,
3775060;3778060;"01";e eu gostei bastante do resultado final.
3778060;3782060;"01";Esse episódio foi revisado pela Deb Cabral e pelo Filipe Xavier.
3782060;3784060;"01";Agradeço muito aos dois,
3784060;3786060;"01";que tão sempre apoiando, sempre ajudando a gente.
3786060;3789060;"01";Queria lembrar vocês que o RP Guaxa tem suas lojas parceiras,
3789060;3792060;"01";tão no post, dão uma olhadinha lá pra mim.
3792060;3794060;"01";Pelo tipo de edição diferente, esse episódio, se não me engano,
3794060;3796060;"01";não teve NPC nenhum.
3796060;3799060;"01";Então, se eu tiver errado, eu corrijo no Guaxaverso.
3799060;3804060;"01";Mas, pros próximos episódios, sempre tem padrinho gravando NPC.
3804060;3806060;"01";Então seja nosso padrinho também.
3806060;3808060;"01";Quero agradecer a todos vocês que ouviram.
3808060;3810060;"01";Rola em 6, rola em 20,
3810060;3812060;"01";mas tudo errado rola no chão.
3812060;3814060;"01";Quem é, apaga o fogo e diverte.
3814060;3816060;"01";Beijão no coração de vocês, gente, e até a próxima.
