0;10120;"05";Se eu pegasse a ilha e esse helicóptero, e aí tudo faz sentido, porque aqui tem um zumbi e ali não tinha, e agora...
10120;15000;"05";É isso! É isso! Eu sabia! Eu sabia! O Guaxaverso existe!
15120;15960;"01";Como assim?
16180;18000;"01";Você entendeu a referência do último episódio?
18240;18980;"06, 01";Olha só, faz tudo!
18980;19620;"06, 01";Não, o Guaxaverso sabe!
19620;20960;"06, 01";Espera! O que é o Guaxaverso?
20980;22980;"06, 01";Era só uma questão de tempo!
23080;24220;"06";Todo mundo conheceu!
24220;24540;"06";O Guaxaverso sempre existiu!
24540;27180;"02, 06, 03";Eu quero entender o Guaxaverso!
27220;28560;"02, 06, 03";Alguém me explica o que é o Guaxaverso?
28560;32020;"02, 03";É, pessoal, não existe o Guaxaverso!
32100;33720;"03";Eu acredito no Guaxaverso!
33780;36560;"03";Mas, supondo que ele exista...
37880;41540;"05";Guaxaverso, onde o que não existe é debatido!
45480;46000;"03";Gravando!
46420;46940;"03";Gravando!
47340;49800;"03";É isso! Queremos mais um mozinho!
50220;53060;"03";Assim, acho que tá bom já! Acho que agora ela pode ir pra geladeira!
53240;54880;"03, 05";Quem quer morrer de overdose aqui?
55200;55460;"03";Que?
55700;57600;"03, 05";Não queremos que ninguém morra de overdose!
57600;57860;"05";Não queremos!
57860;58360;"05";Mas...
58360;59960;"03";De... de... Jumozinha?
60180;61760;"03, 05";Sei lá, né? Perigoso!
62280;65980;"03";Olá, eu sou Marcelo Guaxinim, narrador, produtor, idealizador, podcast de realidade para o lado do Guaxinim.
66140;70280;"03";E, se esse arquivo é editado e não tiver meia hora, é porque eu falhei.
70760;72700;"03";Pra quem não sabe, o Guaxaverso é o antigo escudo do mestre.
73080;75220;"03";Aqui vamos ler os comentários discutidos nas teorias do último episódio.
75700;78520;"03";Que, no caso, foi com a RPG Guaxa 134.
79040;83460;"03";Os Cavaleiros do Bicho, a nova geração, resgate em São Paulo.
83460;87220;"03";E eu estou aqui, a Jumozinha, a Juvidada da vez.
87220;88980;"03";É a Jumozinha.
89340;89680;"03";Oi, Ju.
89900;92260;"05";Oi, gente. Tudo bom? Tudo certinho?
93140;94120;"05";É sempre bom estar aqui.
94380;96860;"05";Desculpa estar aqui de novo.
97920;101000;"03";Ah, sim. O Tiki já tinha vindo, o Jean já tinha vindo.
101520;103880;"03";Me achei no direito de chamar a Ju e chamei a Ju.
104340;105520;"03";Meu programa e minhas regras.
105740;106960;"06";É tipo o Silvio Santos.
108360;109800;"03";Isso. Foi as filhas.
111360;111920;"03";É isso.
113740;116220;"03";A Ju é a minha Juliana Abravanel.
116220;116820;"03";Juliana Abravanel.
117220;119220;"06";Eu não estou aqui para estragar o bonde e companhia.
119340;120340;"unknown";Não.
120420;124420;"03";Assim, vamos lá. Não estamos aqui para perder contrato com SBT.
124820;128520;"03";Estamos aqui para lembrar vocês que estamos no mês de aniversário
128720;130420;"03";e ainda assim gravando um Guaxa Verso.
130620;132820;"03";Vai ficar mais curto. Explico como daqui a pouco.
133020;134520;"03";Como eu vou tentar daqui a pouco.
134720;137520;"03";Mas se você quer apoiar esse projeto, a partir de um real você está ajudando.
137720;139720;"03";A partir de dez reais você faz parte do nosso grupo do Telegram.
139920;142720;"03";Enquanto ele existir, se o Telegram deixar de existir
142920;145020;"03";porque o pessoal que é dono é um bandido...
145220;146940;"03";Não vou falar uma palavra, mas você sabe o que eu ia dizer.
147220;148220;"03";Não se preocupe.
148420;150420;"03";A gente vai mandar pelo e-mail que você tem lá cadastrado
150620;154220;"03";ou pelo Discord ou parece que no WhatsApp cabem mil pessoas agora.
154420;156420;"03";Ou sei lá, a gente vai dar um jeito.
156620;160820;"03";Mas você vai continuar recebendo episódio antes, discutindo os episódios.
161020;164020;"03";Essa aventura que eu falei que antes de começar a gravar
164220;166220;"03";eu comentei que o pessoal está conversando com o pessoal aqui
166420;168020;"03";que eu vou gravar uma aventura essa semana.
168220;173420;"03";Lá para início de junho, a sinopse, eu mandei para os padrinhos.
173620;177020;"03";Os padrinhos já sabem a mesma coisa que os jogadores sabem.
177220;178620;"03";O tema da aventura.
178820;183020;"03";Embora eu vá surpreender, espero, os jogadores e os ouvintes depois.
183220;184620;"03";Mas a base está lá.
184820;188220;"03";Eles já estão pensando o que será que vem, que personagens será que surgem.
188420;190420;"03";Já sabem quem são os jogadores.
190620;195620;"03";Amanhã, a gente está gravando isso no dia primeiro, no dia do trabalhador.
195820;197220;"03";Amanhã é dia dois.
197420;202420;"03";Em algum momento eu vou separar falas do episódio do final desse mês.
202620;203820;"03";Algumas falas.
204020;206220;"03";Quando são falas maiores ou personagens muito importantes?
206220;210220;"03";Eu procuro um padrinho específico, mas sempre tento chamar um padrinho.
210420;215420;"03";Ou então eu mando lá no grupo do Telegram principal e falo o seguinte.
215620;218420;"03";Olha, preciso de um padre.
218620;220820;"03";Preciso de um sorveteiro.
221020;225020;"03";Preciso de, sei lá, dá um exemplo Ju.
225220;229620;"05";Preciso de uma pessoa doente.
229820;234820;"05";Preciso de um, sei lá, um velhinho.
235020;236020;"03";Um coelho açougueiro.
236220;237220;"03, 05";É isso.
237420;239420;"03, 05";Preciso de um pombo.
239620;242620;"03";Eu vou precisar de um pombo ainda este mês.
242820;249220;"03, 04";Eu vou precisar de um pombo ainda este mês, mas falamos disso em outro momento.
249420;250620;"03";Outra forma de apoiar.
250820;251620;"03";Dinheiro é bom, gente.
251820;252820;"03";Ajuda lá.
253020;255020;"03";Procura no PicPay ou no Padrim, RP Guaxa.
255220;259020;"03";Ou, claro, quero só dar um presente de aniversário para o RP Guaxa.
259220;262420;"03";Nosso Pix é o rpguaxa.gmail.com.
262620;266020;"03";E outra forma de ajudar é ir nas nossas redes sociais e seguir.
266220;269020;"03";Arroba Marcelo Guaxinim, arroba RP Guaxa.
269220;271020;"03";Tanto no Twitter quanto no Instagram.
271220;272220;"03";Quer seguir um só?
272420;276220;"03";Segue o Instagram do RP Guaxa, porque existe um grupo de pessoas maravilhosas
276420;278020;"03";que tá sempre lá postando coisa.
278220;282420;"03";Inclusive, eu quero agradecer a uma outra Juliana, a Tchau Ju.
282620;283620;"03";Como é que é o nome dela todo?
283820;284820;"03";Cadê aqui? Eu tenho anotado.
285020;288620;"03, 05";Júlia, o nome dela, deixa eu ver.
288820;290220;"03, 05";Não é Juliana, é Júlia.
290420;293420;"05";Talvez, será que a Ju usa o nome fake?
293620;294820;"05";Ó, Júlia.
294820;300620;"03, 05";Ju Almeida, da agência Volp Design, arroba Tchau Ju no Instagram.
300820;302620;"03";Por que Tchau Ju?
302820;306620;"05";Porque, não sei, quando eu vi o nome eu pensei assim, meu Deus, o que que eu fiz?
306820;309020;"05";Mas daí eu entendi que não tem nada a ver comigo.
309220;312020;"03";Ela é Tchau Ju lá no Instagram, sigam lá.
312220;315020;"03";Ela fez a parte da identidade visual do RP Guaxa.
315220;318020;"03";Ficou, cara, incrível, incrível mesmo.
318220;320620;"03";Então, conheçam lá o trabalho da Tchau Ju.
320820;324420;"03";E entrem no nosso Instagram pra ver que bonito que ele ficou.
324420;325420;"03";Ficou bem legal.
325620;327420;"03, 05";Tchau é oi em italiano.
327620;328420;"03";Não é isso, não.
328620;331420;"03";Não é com TCH lá, não, não, não.
331620;332420;"03, 05";Mas ok.
332620;333620;"03";Mas é uma boa desculpa, hein?
333820;336420;"03, 05";É uma porra, é uma boa desculpa, é uma boa desculpa.
336620;339620;"03";Falando em boas desculpas, o que eu vou tentar fazer pro episódio de hoje.
339820;342620;"03";O episódio teve menos comentários que o normal.
342820;346020;"03";Imagino que é porque eu disse que ia ler menos comentários esse mês.
346220;349020;"03";Ou não sei, o Telegram ficou fora do ar, né?
349220;351420;"03";Pode ser que isso tenha afetado as pessoas também.
351620;354220;"03";Mas, assim, algumas regrinhas que eu vou tentar colocar.
354420;356020;"03";Espero que vocês não fiquem chateados.
356220;357820;"03";Começamos a Twitch.
358020;360420;"03";Não lemos mais comentários que chegarem depois.
360620;362020;"03";Comentários agregados.
362220;364820;"03";A gente vai citar por cima, mas não vai ler tudo.
365020;368620;"03";E, sei lá, se a gente ver que o episódio está muito grande,
368820;371820;"03";os últimos episódios ele dá aquela corridinha básica.
372020;373020;"03";Pode ser, Ju?
373220;374020;"05";Pode ser.
374220;376420;"05";Estou preparada, vou tentar seguir as regras.
376620;379820;"03, 05";Mas, já tem um comentário novo, peço desculpa.
380020;383020;"03";Mas a regra continua, o primeiro a ler sou eu.
383220;384220;"03";E eu vou ler.
384420;387020;"03";É um comentário do Jorge Marcos Santos Silva, que coloca...
387220;391620;"03";Olha só, dessa vez eu esqueci de ouvir antes, usando meus benefícios de padrinho.
391820;393220;"03";Por isso cheguei tarde.
393420;395220;"03";Não, tu foi o primeiro a comentar, olha só.
395420;397220;"03";Às vezes ele quer ser o primeiro e não é.
397420;399020;"03";E, às vezes, ele chega tarde e ele é o primeiro.
399220;401420;"03, 05";A força e a luz tem o seu tempo...
401620;402220;"03";Isso.
402420;403820;"05";Cada qual com o seu tempo.
404020;405820;"03";Sejam padrinhos, ele coloca em caixa alta.
406020;409020;"03";Vale muito a pena, mesmo para mim que não consigo acompanhar a taverna.
409220;410020;"03";Eu também não consigo.
410220;411620;"03";Bom dia, Guaxa, que sou eu.
411820;414020;"03";Convidade, que é a Juvidades.
414420;415020;"03, 05";Olá.
415220;416820;"03, 05";Você pode falar, é um marco de ódio.
417020;418020;"05";Oi, gente.
418220;420620;"03, 05";Dar tchau para a câmera não é uma coisa muito útil, né?
420820;421620;"03, 05";Não, não adianta.
421820;424620;"03";Os próximos tu pode só dar tchau para a câmera, porque é para a gente ser rápido.
424820;426820;"03";Mas o primeiro a gente pode responder.
427020;431620;"03";Chat, que é o pessoal que está vendo ao vivo na twitch.tv barra rpguaxa.
431820;436020;"03";E ouvintinins, que é quem escuta editado depois que o episódio sai.
436220;437220;"03";Tudo bem com vocês?
437420;438420;"03";Comigo, tudo ótimo.
438620;440220;"03";Hoje é um feriado, uma segunda-feira.
440420;441420;"03";Não existe coisa melhor.
441620;442420;"03";Como é que você está, Ju?
442620;443420;"05";Tudo 10.
443420;444820;"05";Esse feriadinho, né?
445020;445620;"05";Peguei sol.
445820;446420;"05";Estou muito feliz.
446620;447220;"03";Ótimo.
447420;449220;"03, 05";Spoilers.
449420;454220;"03";Não tem muitas perguntas, mas existe algum critério para alguém obter uma armadura?
454420;455020;"03";Não.
455220;456220;"03";Assim, tu tem que ter...
456420;459220;"03";Normalmente, elas não estão perdidas por aí.
459420;467020;"03";O critério atual é ou a pessoa com a armadura decide te entregar, ou você derrotar quem está segurando a armadura.
467220;472620;"03";Tanto que o Pedro derrotou os três para poder tirar a armadura deles.
472620;475020;"03";Porque senão, ele não podia só chegar atirando.
475220;482220;"03";A gente, no episódio anterior, teve situações que a armadura decidiu abandonar o seu cavaleiro por considerar ele um derrotado.
482420;489420;"03";Então, os próprios jogadores tiram a armadura do porquinho e da gata, embora a Ju devolva a armadura depois.
489620;491420;"03";Então, podemos colocar o critério é o seguinte.
491620;495420;"03";Se tiver solto no chão por algum motivo, é de quem pegar.
495620;498420;"03";Se está contigo, você pode presentear ela para alguém.
498620;502020;"03";Ou, se alguém te derrotar, ele pode reivindicar essa armadura para sempre.
502020;503820;"03";Está claro, Ju?
504020;505820;"03, 05";A regra é clara.
506020;512820;"05";Se duas pessoas colocarem a mão ao mesmo tempo na armadura, elas vão virar siamesas de armadura.
513020;513820;"03";É isso?
514020;515820;"03";Não. Daí, a armadura escolhe.
516020;516820;"03";Ah, tá bom.
517020;518820;"03";O desempate ali, ela escolhe.
519020;519820;"03";Certo.
520020;523820;"03";Existe um motivo maior de o Pedro ter se tornado presidente?
524020;525820;"03";Ele foi o mais votado numa eleição.
526020;528820;"03";É assim que funciona na democracia.
529020;530820;"03";Ou será contado mais para frente?
530820;534620;"03";Se houver continuações, prometo explorar isso mais.
534820;540620;"03";E, aliás, com eles reunidos e a possível atenção dos seres de fora, podemos esperar Carvalheiros Negros.
540820;547620;"03";No caso, para Ju que não viu Carvalheiros Zodíaco, existem versões malignas dos personagens originais.
547820;550620;"03";E eu acho assim, eu já tenho 25 bichos no jogo do Bispo.
550820;551620;"03";É bicho pra caramba.
551820;556620;"03";Então, eu não preciso criar 50, eu preciso criar a versão maligna de cada uma das armaduras.
556820;559620;"03";Então, 25 bichos a princípio, tá bom, tá?
559620;564620;"03";Ele continua animadíssimo pelo mês de aniversário, mesmo que o gajo tenha que trabalhar muito.
564820;566620;"03, 04";KKKJ.
566820;568620;"03";KKK, uma lágrima em mim.
568820;570620;"03";Maravilhoso revir essa saga.
570820;573620;"03";Adoro os personagens dos jogadores, são maravilhosos como sempre.
573820;574620;"03";Por hoje é isso.
574820;575620;"03";Força em luz para todos.
575820;576620;"03";Nós.
576820;577620;"03, 05";E até logo, até logo, querido.
577820;578620;"05";Até logo.
578820;582620;"05";O próximo comentário é do Fusca Azul Com Motor Fumaçando.
582820;584620;"05";Boa noite à todes.
584820;587620;"05";Esse comentário tem apenas dois objetivos.
587620;593580;"05";Fazer pessoas se agredirem por causa de um modelo de carro específico com uma cor específica
593580;598280;"05";e parabenizar os jogadores, o mestre e o editor pelo excelente episódio.
598620;599840;"05";Com isso, me despeço.
600060;602300;"05";E não se esqueçam, bebam etanol.
602880;603840;"05";Digo, água.
604380;605180;"05";Até uma próxima.
606080;606720;"05";Tchau, Fusca.
607180;607760;"03";Me dei bem.
607760;611600;"03";O próximo comentário é do grande e folgado Sr. Urso.
612120;614920;"03";Pelas miçangas de Artemis, que episódio bom.
614920;617840;"03";Bom dia, boa tarde, noite, guacha.
618260;622000;"03";Guacha Juvidado, que é a guacha juleiva.
622560;624200;"03";E guacha criaturas, que é todo mundo.
624500;628300;"03";E só pra deixar minhas bordas de pizza para que esse nosso querido guaxinim
628300;631760;"03";e os jogadores que foram infinito por cento do episódio...
632600;634220;"03";Pô, infinito por cento é um bom número.
634220;636260;"03";A temática de anime é a minha preferida.
636360;643000;"03";E quero deixar aqui minha recomendação de mangá, que é Shijou Saikou Deshi no Kenji.
643400;644900;"03";Se vira pra falar aí, guacha.
644920;650060;"03, 04";Ou o seu nome ocidental, Kenishi Putamen.
650360;651920;"03, 06, 04";Kenishi Demaites.
653020;654240;"03";Que foi que tu tá rindo, Ju?
654300;656860;"03, 06";Eu tô rindo que graças a Deus que isso caiu pra ti.
658860;661460;"03";Kenishi, o discípulo mais forte.
661760;665920;"03";É um shonen estilo Ritman Reborn, mas sem poderzinho,
667040;669640;"03";onde você descobre como impedir uma guerra mundial
669640;671860;"03";usando sortes marciais como karaokê.
672200;673100;"03";Karaokê, ótimo.
673100;674580;"03";Como karatê.
674920;676880;"03";Muay Thai, taekwondo e etc.
677240;680320;"03";O melhor de tudo é um mangá que tem um final redondinho
680320;682460;"03";e não deixa a ponta para os arcos.
682760;684220;"03";E nunca irão acontecer.
684460;686660;"03";Um abraço do seu amigo Sr. Urso.
687040;688080;"03";O Sr. Urso continua.
688640;689440;"03";Ah, esqueci dizer.
689860;691100;"03";Acho que adora.
691480;693700;"03";Só não conseguiu lucrar porque ela escreveu
693700;697140;"03";CHURRASCO com CH na placa da barraquinha.
697640;702080;"03";Porque todo mundo sabe que qualidade tem CHURRASCO com X, né?
702400;703440;"03";Escrito na placa.
703800;704440;"03";KKKKK.
704440;704520;"03";KKKKK.
704920;705220;"03";J.
705460;706600;"03";Quer se defender do churrasco, Ju?
706720;710320;"05";Não, eu acho que isso é uma dica de negócio pra...
710320;712320;"05";No futuro, os 4 reais...
712320;713440;"05";Eram 4 ou 7 reais?
713860;714660;"05";Agora eu tô confusa.
715340;715740;"05";Enfim...
715740;716280;"03";Não lembro.
716560;717540;"03";Você tinha 60.
717880;718900;"05";Eu acho que deu 64.
719140;722740;"05";É que na vida real eu já fiz um negócio assim de lucrar só 4 reais.
723100;723640;"05";Eu não sei.
724120;726960;"05";Mas enfim, vou seguir a dica de negócio do Sr. Urso.
727340;727820;"03, 05";Dora...
727820;729560;"03, 05";Se houver uma continuação, né?
730120;732100;"03, 05";Ou se eu for vender churrasquinho na rua, nunca se sabe.
732400;733420;"03";Sobre o Kenichi,
733420;736000;"03";o que o grande folgado urso não contou
736000;738600;"03";é que ele é...
738600;739420;"03";Ele é eixi.
740420;743400;"03";Ele não chega a ser pornográfico,
743840;744720;"03";mas, assim,
745160;748420;"03";as mulheres são representadas de umas maneiras meio exageradas.
749340;750520;"03";Ao contrário de suas roupas,
750820;755420;"03";são representadas de uma maneira mais, assim, econômica.
755620;756720;"03";Vamos colocar assim.
757200;758420;"03";A história é boa.
758860;759380;"03";É boa.
759600;760640;"03";É um cara que é muito...
760640;762180;"03";É o clássico do shonen.
762180;763260;"03";É o cara que é...
763260;764040;"03";Que é ruim em tudo.
764500;765880;"03";Indo aprender artes marciais
765880;769340;"03";com o melhor de cada professor de arte marcial do mundo.
769960;773300;"03";E daí, cada coisinha que ele aprende, ele vai usando.
773860;776420;"03";E, assim, tem sagas redondinhas maravilhosas.
776640;777760;"03";Tem todo aquele esquema.
778060;781160;"03";Ele entrou pra luta porque ele é apaixonado pela menina.
782120;783460;"03";Porra, assim...
783460;785880;"03";Eu não vou recomendar porque as pessoas vão me julgar.
786340;788220;"03";Mas eu li até o final e achei bacana.
788500;789280;"03";Mas já aviso.
789640;790300;"03";Não é assim.
790300;793140;"03";Você não vai abrir e ler na frente da sua mãe.
793260;793980;"03, 05";Certo.
794100;795440;"05";Não leia na frente da sua mãe.
796020;796540;"03, 05";Isso.
796920;797920;"03, 05";Essa é a dica que eu dou.
798880;799880;"05";Classificação etária.
800220;801580;"03, 05";Não leia na frente da mãe.
802200;806300;"05";O próximo comentário é do Felipe, em letras maiúsculas.
807400;811020;"05";Oi, Guaxa, Guaxavidade e todos da Guaxa Humanidade.
811520;814720;"05";Eu ainda não ouvi o episódio, mas já sei que tá bom.
815060;816380;"05";Esse é o meu primeiro comentário.
816560;817060;"05";Só isso.
817460;818280;"05";Aquilo é um corvo?
818960;819520;"05";Brincadeira.
820320;822440;"03";Eu não sei se eu fico chateado pelo corvo.
822440;823960;"03";Ou pelo Davi Lucas.
824800;827480;"03, 04, 05";Porque o Davi Lucas escreveu pra caralho.
827760;828100;"03";Vamos lá.
828520;831780;"03";Olá, Guaxa, Guaxa Ovidado da Semana, que é a Ju.
832260;833300;"03";E a todos os Guaxa Ouvintes.
833380;834580;"03";Espero que todos estejam ótimos.
834700;835800;"03";Quer dizer, eu tava até agora.
836200;838460;"03";Finalmente consegui pôr os episódios atrasados em dia.
839000;841760;"03";Estava com vários episódios acumulados por conta da correria do trabalho.
842300;845880;"03";E isso até fez com que eu ficasse afastado da taberna por alguns meses.
846220;848100;"03";Mas aproveitei as férias agora de abril.
848620;849960;"03";E por saudade, férias.
850220;851300;"03";Quando é que tu tem férias de novo, Ju?
851300;852080;"03, 05";Assim.
852440;855600;"05";Acho que agosto eu tenho alguns dias de férias.
855860;856260;"03, 05";Triste.
856280;860160;"03, 05";Eu tenho, junto com as meninas, julho.
860260;861760;"03";Final de julho eu tenho duas semanas.
862100;862640;"03, 05";Muito bom.
862760;863400;"03";É nisso que eu vou focar.
863500;865380;"03";E esse mês de maio eu vou trabalhar até as oito da noite.
866020;866800;"03";Mas vamos lá.
866980;868640;"03";Não tô aqui pra chorar das coisas.
869180;869800;"03";Consegui finalizar.
869960;870760;"03";Ele tava de férias em abril.
870820;871720;"03";Consegui finalizar todos.
872140;875260;"03";E também voltou pra taberna, onde estava sentindo bastante falta.
875600;877780;"03";De papiar e jogar com os amigos que fiz lá.
878240;879300;"03";Muita gente fez amigos lá.
879460;881680;"03";Essa semana eu soube de mais um casal que surgiu lá.
881840;882320;"03";Queria registrar.
882440;883040;"03";Eita!
883260;886100;"03";Já tava há um tempo, mas só pedindo minha benção esses dias.
886320;886760;"03";Eita!
887880;890280;"03";Sobre o episódio, amo demais esse trio.
890680;893580;"03";E a sinergia que há entre os três jogadores é incrível demais.
893780;895980;"03";Foi super bem Ju, Gia e Tiki.
896300;899460;"03";São jogadores espetaculares, eu concordo.
899780;901660;"03";Se entregam demais nos personagens.
902140;906460;"03";E possui um time perfeito para as ações realizadas dentro do jogo.
906860;908140;"03";Dei várias risadas durante o episódio.
908400;909520;"03";Em vários momentos diferentes.
909620;911600;"03";Foi uma aventura super leve, bem-humorada e muito divertida.
911600;913560;"03";E o que falar do sotaque carioca da Ju.
914560;914960;"03";Sensacional.
915720;918240;"03";Bonequinho chorando tanto rir, bonequinho chorando tanto rir.
918380;920160;"05";Desculpa a todos os cariocas.
920300;922200;"05";Ela é da Santa Caquita do Sul.
924640;926160;"03";Quando ela termina, ela tá numa ilha.
926240;927220;"03";Será que ela voltou pra casa?
927280;928120;"03";Depois a gente discute isso.
928440;931640;"03";Ouvi duas vezes, em ambos os momentos, o sentimento de alegria.
932120;933400;"03";Foi o mesmo por esse episódio.
933860;936620;"03";A cena do Jean pedindo pra descer pela porta de trás.
937120;939040;"03";Em seguida veio um pescotapo.
939120;939680;"03";É muito bom.
939740;941120;"03";Rir demais nesse momento também.
941600;942560;"03";Gostei muito das referências.
942680;944000;"03";Os poderes que colocaram.
944440;946880;"03";Que foi de Street Fighters aos pacotes de pezinhos.
946980;947380;"03";Muito bom.
947840;949560;"03";Tudo criação dois jogadores, gente.
949640;951460;"03";Eu não dei ideia nenhuma.
951940;955780;"03";Fiquei até na dúvida se o nome do gato era por conta do Garfield.
955780;961020;"03";E se o menino com a armadura de porquinho era por conta do Alfred, o mordomo do Batman.
961360;962200;"03";E sobre o final.
963900;968420;"03";É porque eu queria um nome que fosse de alguém de garbo e elegância.
968520;970060;"03";Eu pensei em Alfred, não como mordomo.
970540;971540;"03";Mas como alguém sapatinho.
971600;975480;"03";Sabe aquelas famílias que dão o nome em inglês pro filho pra ficar chique?
975680;976740;"03";Então, era isso.
977140;980300;"03";Do gato, por causa do Garfield, não vejo lógica mais aqui.
980720;984160;"03";Por sinal, não há lógica no nome da galáxia e a gente vê isso depois.
984600;985180;"03";Sobre o final.
985340;989200;"03";Caraca, as cenas do bolo que todos estavam esperando que um dia acontecesse.
989520;993180;"03";A ida do personagem do Jean até o Japão me deixou todo arrepiado.
993180;997660;"03";E logo em seguida subiu a música e o fome no volume topado no talo.
997740;999200;"03";Foi pura emoção e pura alegria.
999580;1001580;"03";Fiquei extremamente empolgado e feliz com o que tinha acabado.
1001600;1003560;"03";E tudo que ouvi.
1003780;1004100;"03";Sério.
1004480;1005980;"03";Que F...
1005980;1008460;"03";Asterisco, asterisco, asterisco, asterisco, asterisco, asterisco, asterisco, asterisco...
1008460;1009940;"03";Dá...
1009940;1012800;"03";Não posso deixar de agradecer ao Zorzal pela edição, é verdade.
1013220;1015440;"03";A edição maravilhosa e que sempre manda muito bem.
1015780;1018140;"03";E claro, agradecer ao Marcelo Guaxinim.
1018580;1019600;"03";Nosso Guaxinim supremo.
1020540;1021620;"03";Que projeto incrível.
1021980;1023580;"03";E por reunir pessoas maravilhosas.
1023940;1025240;"03";Sem episódios como esse.
1025720;1029020;"03";Que em uma semana bem ruim, por conta de N problemas e motivos.
1029400;1031280;"03";Conseguimos nos desligar um pouco.
1031720;1034940;"03";E nos aventurar com suas histórias e os personagens sensacionais.
1035400;1038300;"03";Só tenho a agradecer a você e a todos que fazem parte.
1038300;1040200;"03";Um abraço especial aos amigos da taberna.
1040640;1044100;"03";Que volta e meia, quando estou querendo papear ou jogar algo.
1044440;1047580;"03";Estão lá à disposição para matar um tempinho e dar um up no humor.
1047980;1048500;"03";Obrigadão.
1048900;1049360;"03";PS.
1049860;1051240;"03";Peço desculpas ao Marcelo Guaxinim.
1051600;1053380;"03";Pois sei que invoquei o Sr. Sirmore.
1053860;1054540;"03";E ele odeia.
1054900;1057260;"03";Mas prometo que na próxima tratarei sendo o mais breve possível.
1057700;1060560;"03";Sem que ele apareça para atrapalhar o fluxo da leitura.
1061060;1061300;"03";É um...
1061600;1062600;"03";Um rostinho feliz.
1063060;1068200;"03";Um abraço a todos e que o Guaxinim Supremo dê essa realidade simulada e guie o caminho de vocês.
1068600;1071300;"03";Deveria estar aparecendo o botão ler mais, mas pra mim não apareceu.
1071800;1073000;"05";Pra mim apareceu antes.
1073000;1075800;"03, 05";Eu apertei antes de começar a leitura.
1075800;1077600;"03, 05";Ah, talvez eu tenha apertado por instinto.
1077600;1079300;"03";Então só para o pessoal marcar no bingo.
1079700;1081100;"05";Ah não, um ver mais.
1082600;1086300;"05";O próximo comentário, e hoje é meu dia de sorte que eu estou pegando os curtos.
1086700;1088100;"05";É da Ana Curata.
1088600;1090100;"05";Olá, queridos guaxinims.
1090560;1091560;"05";Eu estou atrasado.
1091560;1095640;"05";E ainda estou no episódio de Halloween do ano passado.
1096180;1097700;"05";Mas preciso comentar.
1098180;1103960;"05";Me dizem que eu tenho expectativas altas sobre minhas aventuras de RPG por causa de Critical Role.
1104380;1109120;"05";Mas a verdade é que minhas expectativas são altas por causa do RPG Guax.
1109360;1110540;"05";Melhor podcast.
1110860;1113620;"05";Parabéns a todos os 50% dos envolvidos.
1114040;1115460;"03, 05";Oh, o Guax é bravo.
1115480;1116120;"03, 05";Obrigado, Ana.
1116640;1118860;"03";Quer dizer, daqui a um ano você vai estar ouvindo isso.
1119200;1120660;"03";Então obrigado, Ana, do futuro.
1120660;1120760;"03";Obrigado.
1121560;1128380;"03";Quero dizer que eu estou criando um podcast de entretenimento.
1128740;1137160;"03";Então é óbvio que eu tenho que tentar trazer um show, trazer uma reviravolta no final, trazer uma referência e tal.
1137700;1138960;"03";Não faço isso sozinho.
1139500;1143180;"03";Faço isso a oito mãos, como comento no próximo episódio que está no feed.
1143680;1146280;"03";E é um trabalho em equipe.
1146280;1147820;"03";Tu está jogando na tua mesa da cozinha.
1147900;1151100;"03";Tu não está produzindo para fazer como Critical Role.
1151100;1152400;"03";Aqui, encheu o rabo de dinheiro.
1152720;1153940;"03";Porra, eu não vou me bipar, né?
1153940;1154860;"03";Eu vou só regravar.
1155320;1155880;"03";Não, fica assim.
1155980;1156480;"03";Rabo está bom.
1156580;1157220;"03";Rabo não...
1157220;1158080;"03";O negócio nem tem rabo.
1158180;1158720;"03";Então não tem rabo.
1159320;1161580;"03";A larga artista tem rabo e deixa quando está com...
1161580;1163140;"03";Então assim, ó.
1163720;1166120;"03";Seja o Critical Role para encher o rabo de dinheiro,
1166720;1171560;"03";seja eu para tentar pagar o servidor e o Zorzal todo mês,
1171980;1174120;"03";a gente está tentando atrair um público aqui.
1174620;1176580;"03";Então a gente precisa dar um pequeno show.
1176580;1181020;"03";E por isso eu escolho os jogadores a dedo para que todo mundo dê.
1181100;1181400;"03";Esse show.
1181780;1184800;"03";Mas tu está jogando RPG com os teus amigos na tua mesa da cozinha.
1185300;1186440;"03";Tu não está querendo produzir.
1186480;1187880;"03";Ou mesmo tu esteja gravando para Twitch.
1188360;1190220;"03";Mas é só para vocês e para quem quiser aparecer.
1191280;1193540;"03";Primeiro, o mestre não tem obrigação de divertir ninguém.
1193680;1194440;"03";Ele não é palhaço.
1194920;1196520;"03";A história é coletiva.
1196920;1199700;"03";A história, para dar certo, depende de todo mundo que está jogando.
1200220;1202920;"03";Se eu botar três jogadores que não querem participar da aventura,
1203280;1204040;"03";vai ficar uma bosta.
1204120;1205960;"03";Não importa o quão bom o mestre...
1205960;1207120;"03";Vocês acham que eu seja?
1207720;1209640;"03";Vamos tentar uma humildade aqui.
1210140;1210820;"03";Mas não importa.
1210820;1212240;"03";Tanto quão bom o mestre seja,
1212660;1214460;"03";se os jogadores não estão afim, não vai rolar.
1214880;1219580;"03";Então tu precisa sim de jogadores querendo participar da aventura.
1220360;1221940;"03";Tu como mestre não sabe...
1221940;1223720;"03";Pô, eu não sei para onde a aventura vai agora.
1224280;1225560;"03";Pergunta para os teus jogadores.
1226560;1228120;"03";Abrir um baú. O que tem no baú?
1228620;1229920;"03";Me diz você. O que tu achou?
1230320;1231860;"03";Deixa os jogadores participarem também.
1232000;1232980;"03";A história não é só tua.
1233500;1236080;"03";E no fim, se a história não tiver um final...
1236080;1237660;"03";Nossa, ultra surpreendente.
1238000;1239340;"03";O dragão era só um dragão.
1239340;1241480;"03";E a princesa era só uma princesa.
1241900;1244680;"03";Poxa, ainda assim, se vocês se divertiram...
1244680;1246600;"03";Não tem jeito errado de jogar RPG.
1247280;1252420;"03";Então não compare a tua mesa com o pessoal que está produzindo conteúdo.
1252840;1254820;"03";Porque o meu objetivo aqui é diferente.
1255220;1257420;"03";O objetivo do Critical Role é encher o rabo de dinheiro.
1257940;1259900;"03";Então você quando está jogando...
1259900;1261120;"03";Eu gostei desse termo, desculpa.
1261700;1264200;"03";Então assim, não fica com essa pressão.
1264640;1266260;"03";E repito, se tu não é um mestre,
1266260;1269320;"03";a pressão em si é a mesma dos jogadores.
1269340;1271340;"03";Todo mundo está ali pra se divertir.
1272560;1273240;"03";Combinado, Ana?
1273500;1274380;"03";Combinado, combinado, Ju.
1275440;1275920;"03";Combinadíssimo.
1276400;1279200;"03";A Ju, que é uma ótima mestre, concorda comigo?
1280000;1280480;"03";Não.
1280960;1281860;"03";Não concorda comigo?
1282100;1282340;"05";Não.
1282880;1286360;"05";A não ser que Ju que você está falando, mas enfim, é isso aí.
1286780;1287460;"03, 05";O importante é...
1287460;1289700;"03";Tu não concorda que a pressão não é só no mestre?
1290640;1293160;"05";Não, eu não entendi o que você tinha falado.
1293940;1294660;"03";Obrigado, Ju.
1295160;1298600;"03, 05";Não, claro que eu concordo que a pressão não é só no mestre.
1298600;1299260;"03, 05";Só em quem...
1299260;1300160;"03, 04, 05";Tudo que eu falei é errado.
1300200;1301180;"03, 05";Não, tá louco?
1301300;1302180;"03, 05";Põe no rabo do mestre.
1302180;1304100;"03, 05";Gente, eu estava tentando bater palma aqui.
1304300;1305420;"05";Calma, desculpa.
1305760;1308440;"05";Eu entendi que ele tinha perguntado outra coisa aleatória.
1308960;1310460;"05";Meu Deus do céu, eu sou surda.
1311020;1312120;"05";Desculpa, fui sem querer.
1312860;1314120;"03, 05";Não, está tudo certo.
1315640;1317460;"03, 05";É tudo no mestre, Ju.
1317460;1319280;"03, 05";Não, não, eu não disse isso.
1319600;1319880;"03, 05";Nossa.
1321000;1324180;"03, 06, 05";Compartilhar responsabilidade e a benção é o mais importante.
1325720;1326160;"05";Caraca.
1326480;1329160;"03";A Ju tentou negar o fato de ser uma boa mestre.
1329260;1329420;"03";Certo.
1329700;1331880;"03";Só que ela se enrolou porque a pergunta não era essa.
1333160;1334680;"03, 05";É, eu falei merda.
1334740;1336420;"03";A Ana Beatriz botou a Ju viajou.
1336480;1336960;"03";É verdade.
1337380;1338420;"03, 06";A Ju viajou.
1341020;1341920;"06";Desculpa, gente.
1342760;1343880;"06";Estou até calor agora.
1344840;1345000;"06";Tá.
1345480;1346340;"03, 06";Excelente, vou cortar.
1346620;1347620;"03";Vou cortar isso tudo?
1347720;1348060;"03";Não vou.
1348520;1348860;"03";Vamos lá.
1349040;1351820;"03";Temos ainda cinco minutos.
1351920;1352300;"03";Vamos lá, Ju.
1352580;1353520;"03";É a sua vez.
1354000;1354260;"03";Não.
1354340;1354640;"03";Não.
1355260;1356020;"03";A Ana foi tu?
1356240;1356660;"03, 04";Fui eu.
1356660;1357560;"03, 04";Ah, é o grandão.
1357560;1358120;"03";Ah, tá.
1358220;1358560;"03";Desculpa.
1359260;1360420;"03";A Fábio é pequenininho também.
1361920;1363660;"03";Boa noite, guaxa todes.
1364200;1366200;"03";Queria fazer um comentário breve, então lá vai.
1366760;1367240;"03";Espetacular.
1367480;1367900;"03";Palmas.
1368240;1369560;"03";Sempre acreditei no Pedro.
1369680;1370400;"03";Coração, coração.
1370520;1370740;"03";Eu também.
1371240;1373440;"03";Tellerman igual a salsicha igual a porco.
1373740;1375960;"03";Só quem é guaxo ouvinte pegou.
1376340;1377100;"03";O guaxa teórico.
1377380;1378360;"03";E deu um bonequinho chorando.
1378680;1379920;"03";Parabéns pelo seu aniversário, guaxa.
1379940;1380380;"03";Obrigado.
1380740;1382380;"03";Parabéns pelo episódio de Cavaleiros.
1382700;1384600;"03";Daí tem um coelhinho, um cachorro e um tigre.
1385000;1385940;"03";Zorzal arrasa.
1386060;1387320;"03";Bonequinho e coelhinho de estrela.
1387320;1389220;"03";As guerreiras mágicas já sabem.
1389280;1392660;"03";Que o aluno intercambista, no meio do semestre, é confusão certa.
1393020;1394180;"03";Aí um bonequinho tampando a boca.
1394520;1397020;"03";E por último, mas não menos importante, vida longa ao RP Guaxa.
1397440;1399040;"03";Bonequinho com coração e mãozinha pra cima.
1399080;1400360;"03";Muito obrigado pelo comentário, querida.
1400560;1401300;"03, 05";Fábio, é tudo.
1401660;1404800;"05";O próximo comentário é do Todesistino.
1405340;1407600;"00, 05";Aguardando o complemento do dono do podcast.
1407840;1407980;"05";Ah, não.
1408020;1408820;"05";Não desista.
1409460;1410380;"05";Ê, bingo.
1411480;1413440;"05";Simplesmente, o que é aquilo?
1413900;1414780;"05";É um pássaro?
1415040;1415720;"05";É um avião?
1415720;1415840;"05";Não.
1416920;1418520;"05";É a pata da coelhinha.
1419220;1420200;"05";Preciso falar mais rápido.
1420700;1421800;"05";Oi, tá vivo ainda?
1422380;1422680;"05";Olá.
1423280;1423860;"05";Ju chat.
1424240;1425520;"05";Guaxãovidade do dia.
1425840;1426900;"05";Ilustríssimo Guaxa.
1427320;1429500;"05";Parabéns atrasado pelo aniversário, Guaxa.
1429880;1431120;"05";Desejo que ganhe na loteria.
1431720;1433100;"05";Vai que dá sorte pra mim também.
1433640;1434780;"05";Carinha piscando feliz.
1435280;1436000;"03";Não ganhei.
1436460;1438640;"03";Nem no dia do meu aniversário, nem sábado agora.
1438980;1441620;"03";E daí, saiu pra Minas Gerais um ganhador.
1441720;1442920;"03";Só ganhou 60 milhões.
1443220;1445220;"03, 05";Espero que seja ouvinte do RP Guaxa.
1445220;1446380;"03, 05";Se for o Zorzal.
1448280;1449020;"03";Porra, perdi.
1449020;1449740;"03";Já pensou?
1450280;1450720;"03";Perdi.
1450820;1453200;"03";Não tô milionário e perdi o editor.
1453420;1454620;"03, 04, 05";Aí, porra, aí já era.
1454660;1458160;"03, 05";Não, mas daí ele vai botar uma produtora e você vende o RP Guaxa pra ele.
1458980;1459420;"03";Porra.
1460420;1462280;"03";Um milhãozinho, tá vendido.
1463200;1463860;"03";Fica aqui.
1464060;1466180;"03, 04";Magalu, Zorzal, milionário.
1466300;1466680;"03, 04";Quem mais?
1466740;1467340;"03, 04";Quem mais comprei?
1467820;1468260;"03";Spotify.
1469000;1469880;"03";Um milhãozinho.
1470780;1471940;"03";Seu amigo do peito.
1472360;1472800;"03";Salve!
1473000;1474760;"03";Passando aqui para agradecer por esse trabalho incrível.
1474760;1477840;"03";Há muito tempo não ouvi os episódios e graças ao trabalho novo,
1477840;1481960;"03";pude me manter atualizado e agora sou padrinho desse projeto maravilhoso.
1482360;1483640;"03";Todos foram sensacionais.
1483700;1484300;"03";Obrigado, querido.
1484620;1487200;"03";PS, se te falta aquela voz sensacional, fofa da Malu no final.
1487720;1493240;"03";Gente, eu tava meio doente quando eu editei e na correria eu esqueci do Malu,
1493500;1495060;"03";esqueci um monte de coisa do episódio.
1495420;1498800;"03";Foi aquela gravação que a abertura não parece uma abertura,
1498920;1499900;"03";que o final não parece o final,
1500480;1502620;"03";mas no próximo episódio isso tudo já tá corrigido.
1502780;1503200;"03, 05";Certo.
1503200;1507620;"05";O próximo comentário, longuíssimo, deixou até me hidratar antes,
1507840;1511300;"05";é do MareaTurboMotorRetificado.
1512180;1513920;"05";MareaTurbo, será que você é o Maicon?
1514200;1515100;"05";Tenho minhas dúvidas.
1515440;1518060;"05";Não sei se é o mesmo MareaTurbo que já jogou comigo.
1518540;1519720;"05";O comentário é maravilhoso.
1519720;1520780;"04, 05";Tu já jogou RPG?
1521440;1524920;"05";Eu joguei uma mesa em que tinha o MareaTurbo.
1525060;1527120;"05";Ele jogou mais de uma vez essa mesa, inclusive.
1527680;1530880;"03, 05";Tipo assim, tava você sentada, aí tinha uma cadeira com uma pessoa,
1531020;1534180;"03";outra cadeira com uma pessoa e um carro estacionado na lateral da mesa.
1534180;1537180;"03, 05";Não, todos os jogadores inventaram de...
1537180;1537680;"05";É que...
1537840;1538820;"05";Eles jogavam...
1538820;1540640;"05";É a mesa que as pessoas jogam o Gartic.
1540960;1542480;"05";E daí, eles botaram nomes...
1542480;1544380;"05";Todo mundo decidiu botar nome de carro.
1544880;1546120;"05";E o Maicon era o MareaTurbo.
1546540;1547300;"05";Daí, eu não sei.
1547480;1548900;"05";Eu leio o MareaTurbo, eu lembro disso.
1549000;1549740;"05";Mas eu não sei se é.
1549900;1550340;"05";Pode ser outro...
1550900;1552960;"05";Pode ser outro irmão, outro parente, primo.
1553460;1553780;"03, 05";Nunca se sabe.
1553780;1555440;"03, 05";Semana passada, eu tava no trabalho,
1555940;1559060;"03";e um aluno lá do instituto veio assim na minha sala e perguntou,
1559460;1560800;"03";ô, tu é o Marcelo Guaxinim?
1561280;1563880;"03";Aí eu, ué, porra, um ouvinte, aluno, será?
1563880;1565140;"03";Aí eu falei, sou.
1565620;1567680;"03";Daí ele assim, ô, por que que tu fica...
1567680;1569140;"03";Tirando a gente do ginásio.
1569400;1570780;"03";Do ginásio do Pokémon GO.
1571540;1573220;"03";E meu nick é Marcelo Guaxinim.
1573740;1575820;"03";Aí eu falei, porque eu trabalho aqui,
1576340;1577760;"03, 04";esse lugar é meu.
1580500;1583840;"03";Aí ele, ô, é porque é nível muito alto e não sei o quê.
1584340;1585880;"03";E daí, eu disse, porra, dei um...
1586440;1587360;"03";Um pouco de top pra você.
1587420;1589020;"03";Queria um pouco de top lá fora, na pracinha deles.
1589400;1590320;"03";Dei um pouco de top pra vocês,
1590380;1592280;"03";aí o guri saiu, assim, reclamando.
1592580;1595060;"05";Caraca, ele foi tirar satisfações.
1595800;1596160;"03, 05";Incrível.
1596240;1596720;"03, 05";Olha só.
1597200;1597640;"03";Aí...
1597680;1599100;"03";Depois de muito esforço,
1599200;1600600;"03";ele tirou meu Pokémon do ginásio
1600600;1602300;"03";e ele botou o Pokémon dele lá.
1602780;1604760;"03";O nick dele é Maré Turmo.
1608040;1610240;"03, 04";Muito provavelmente não é a mesma pessoa.
1610840;1613280;"03";Mas, porra, deve ser primo da Iuiaki.
1614000;1614400;"05";Caraca.
1615060;1615640;"05";É isso.
1615640;1618240;"05";O xixi de Guaxinim não foi suficiente
1618240;1621380;"03, 05";pra afastar os veículos automotores do ginásio.
1621400;1623020;"03, 05";Eu sou contra as pessoas saberem que eu sou Guaxinim
1623020;1623860;"03";e não serem ouvintes.
1624100;1625900;"03, 05";O próximo comentário é do G.E. Macedo.
1626140;1626640;"03";Eu sou contra...
1627680;1629940;"03";Eu acho um absurdo
1629940;1632580;"03";o jogador que só comenta no episódio que jogou.
1633020;1633520;"03";É isso.
1633900;1636680;"03, 04, 05";Mas o G.E. só comenta quando ele se emociona.
1637160;1640680;"05";Então, eu sou a favor do bonde dos emocionados
1640680;1643380;"05";e eu voto favoravelmente ao G.E.
1643720;1644600;"03";O bonde dos...
1644600;1646580;"03";Tu acha que ele vai se emocionar no próximo episódio?
1647060;1649280;"05";Eu acho que ele vai ficar arrepiado.
1649800;1650980;"05";Isso eu acho que sim.
1651400;1652080;"03";É, ok.
1652480;1654440;"03";Tem ele e a Bia de NPC.
1655060;1656240;"03";Eu duvido que eles façam ideia
1656240;1657280;"03";sobre o que é o episódio,
1657280;1658180;"03";mas tem ele de NPC.
1658540;1659540;"03";Mas o G.E. comenta.
1659800;1660540;"03";Boa noite, Guaxa.
1660600;1661700;"03";Juvidade em Guaxate.
1662140;1664080;"03";Guaxa, a galáxia de gata
1664080;1665780;"03";se tornou nossa aliada.
1666400;1666620;"03";Sim.
1667080;1668560;"03";Mas e o Alfred de porquinho?
1668840;1670280;"03";Foi ou rei ter depois dessa?
1670600;1672760;"03";Será que o Alfred, aquele...
1672760;1676400;"03";Vai redimir essa linguagem de herdeiros?
1676600;1677140;"03";Ele riscou.
1677260;1678240;"03";Cavaleiros de porco?
1678440;1679200;"03";Penso, assim,
1679300;1681700;"03";da mesma forma que deve ter a aventura
1681700;1684420;"03";das três guerreiras mágicas
1684420;1686900;"03";e o cavaleiro do cachorro no Japão,
1687280;1688900;"03";talvez tenha a aventura
1688900;1691020;"03";da Dora de coelha,
1691500;1692920;"03";da Galaxy de gata
1692920;1694940;"03";e do Alfred de porco.
1695340;1698200;"03";E daí, vou deixar na mão do Teleman
1698200;1700860;"03, 05";se esse cavaleiro se redime ou não.
1701080;1701560;"03, 05";Caraca.
1701580;1704480;"03, 05";Mas assim, não estou prometendo nada.
1704920;1707440;"03";Estou dizendo que é uma possibilidade.
1707960;1710960;"03";Porque pra ter a aventura futura,
1711060;1712920;"03";a gente precisa encerrar o treinamento dos três.
1713380;1714980;"03";Então pelo menos três episódios separados
1714980;1715600;"03";a gente tem que fazer.
1715600;1716880;"03, 05";Tão, tão, tão.
1717280;1718280;"03, 05";E ele continua.
1718440;1720060;"03";Obrigado mais uma vez, Guacho, de nada.
1720620;1721960;"03";Zorzal, Ju e Tic.
1722140;1724320;"03";E foi maravilhoso ver o universo da linha High Power
1724320;1725620;"03";se expandir e interagir.
1725880;1727700;"03";É um privilégio fazer parte disso.
1728140;1729140;"03";E se me permite dizer,
1729260;1731120;"03";tal qual o Eric, seria fantástico
1731120;1733440;"03";ver a Dora e Flávio em seus treinamentos
1733440;1734460;"03";e aventuras paralelas também.
1734600;1735200;"03";Acabei de dizer.
1735660;1736720;"03";Não está prestando atenção, Jean?
1736740;1737760;"03";Acabei de falar sobre isso.
1738440;1740240;"03";Ansioso pra conhecer as guerreiras mágicas
1740240;1741920;"03";olhinhos de estrela.
1742300;1742940;"03";Porra, eu tenho...
1742940;1743840;"03";Não vou nem comentar.
1744480;1745320;"03";Aguarde, Jean.
1745320;1746320;"03";Que venha o morro mítico.
1746320;1748340;"03";E as 25 casas do bicho.
1748860;1750640;"03";E que Nelson tenha piedade de qualquer coisa
1750640;1752960;"03";que ficar no caminho desses três irmãos
1752960;1753920;"03";que a vida uniu.
1754300;1755440;"03, 04, 05";Um grande abraço a todos
1755440;1757100;"03";e que a centelha queime e viva
1757100;1758880;"03";nos corações de cada um de nós.
1759300;1759780;"03";Estrelinha.
1760120;1760760;"03";Obrigado, querido.
1761060;1762020;"05";Eu queria saber
1762020;1764960;"05";se quem é convidado pode fazer pergunta
1764960;1767520;"05";ou eu vou ser expulsa nas novas regras.
1768140;1770220;"03";Assim, se fosse qualquer outra pessoa
1770220;1771060;"03";eu ia expulsar.
1771500;1773880;"03";O chat sabe que se eu falar que vou te expulsar
1773880;1774880;"03";é mentira.
1776320;1777600;"05";É uma pergunta rapidinha.
1777740;1779140;"05";É assim, já que você falou
1779140;1781760;"05";da origem do nome do Alfred
1781760;1784760;"05";Galaxy Shop, a NPC da Deba
1784760;1786420;"03, 05";de onde você tirou esse nome?
1786840;1788300;"03";Eu queria um nome
1788300;1790160;"03";assim, TikTok
1790160;1792020;"03";são nomes ridículos no geral.
1792460;1793500;"03";Eu queria um nome ridículo.
1794460;1796780;"03";E daí eu fiquei discutindo
1796780;1797880;"03";com o chat de APT
1797880;1799600;"03";ele dando ideias boas e eu dizendo
1799600;1800620;"03";não, eu quero algo, sabe?
1801000;1802940;"03";E chegou uma hora que a gente chegou a Galaxy
1802940;1805680;"03";e daí eu, porra, Galaxy, vamos lá.
1806320;1807840;"03";E se ela vende alguma coisa
1807840;1809000;"03";eu botei o Shop.
1809340;1811760;"03";Até porque o poder dela tinha a ver com o Shop.
1812240;1813660;"03";Que é aquela ideia de que dentro de um Shop
1813660;1815280;"03";tu não consegue saber em que lugar tu tá,
1815680;1816660;"03";quanto tempo se passou.
1817220;1819880;"03";Então, era pra ser um nome ruim
1819880;1820900;"03";porque ela é uma TikToker.
1821060;1822020;"03";Era essa a minha desculpa.
1822480;1824800;"03";Então é um nome ruim, é um nome péssimo.
1825280;1828000;"03";É tipo o Victor que tá no episódio
1828000;1829760;"03";o Victor, tá no episódio
1829760;1831360;"03";que vai sair agora, próximo.
1831800;1834020;"03";Se você tá ouvindo esse editado, ele deve ter saído antes
1834020;1836080;"03";eu imagino, que o TikTok
1836080;1836780;"03";dele é
1836780;1839520;"03";maisumvictor, com dois R's no final
1839520;1841440;"03";e é Victor com C ali, né?
1842780;1843420;"03";Vicetor ali.
1843860;1845880;"03";Como assim maisumvictor? Eu não sigo Victor nenhum.
1846380;1847660;"03";Por que que eu vou ter maisumvictor
1847660;1849260;"03";se eu não tenho um outro Victor?
1849380;1852180;"03";É um péssimo nome. Então todo TikTok tem um péssimo nome
1852180;1853420;"03";e é isso que eu coloquei.
1853800;1855100;"03";E sigam o maisumvictor.
1855460;1856640;"03, 05";Com dois R's.
1858640;1859040;"05";Sacanagem.
1860320;1861820;"03, 05";Eu fiz o merchan dele, Ju.
1861820;1863840;"03, 05";É verdade, é verdade, Victor.
1864320;1865760;"03, 05";É o bullying do bem, Victor Hugo.
1866080;1867380;"05";Vamos lá.
1867740;1869980;"05";O próximo comentário, putz, me ferrei.
1870420;1872080;"05";É da Coelha de Alcantarilha.
1873360;1874360;"05";Yeeey!
1874520;1876000;"05";Oi, Coelha. Vamos lá.
1876340;1877520;"03";Desculpa, Ju. Desculpa, Ju.
1877720;1879580;"03, 05";O que que eu fiz? Desculpa, eu te atrapalhei.
1880420;1881740;"03";O Tiki comentou lá
1881740;1883880;"03";e ele tem também um péssimo nome
1883880;1886480;"03";pra Twitch, que é...
1886480;1888200;"05";Só mais... Eu não consigo lembrar.
1888320;1890060;"05";Eu sei que tem um plural errado no final.
1890600;1891840;"03";É um plural errado, é.
1892060;1893180;"03, 05";Ele tá escrevendo. Tá.
1893180;1895000;"05";Porque errar é humanas.
1895060;1896060;"05";É algo nesse sentido.
1896080;1897240;"05";Tipo, miçangas.
1897680;1899460;"03, 05";Mas errar é humanas é uma puta de uma frase.
1899640;1900620;"03";É incrível.
1900980;1903100;"03";Porque se tu parar pra pensar,
1903620;1905240;"03";a exatas, o erro é só um erro.
1905640;1908020;"03";Nas humanas, o erro serve pra ensinar.
1908780;1910180;"05";É, pedagógico.
1910720;1912560;"03";O Patrick tem um canal na Twitch
1912560;1913660;"03";que se chama
1913660;1916880;"03";Pequenos Dados, Grandes Falha.
1917320;1918640;"03";Sem o S, porque não coube.
1919080;1920500;"03";Então a Twitch, assim como o TikTok,
1920640;1921840;"03";tem o mesmo lugar pra ter nome espécie.
1922140;1924120;"03";Ó o bullying do Sr. Guaxinim.
1924120;1925880;"03, 05";Voltando para
1925880;1927680;"05";a Coelha de Alcantarilha.
1928320;1930120;"05";Primeiramente, boa hora do dia,
1930260;1931740;"05";guaxa, convidade,
1932000;1933900;"05";chat, ouvintes e futura
1933900;1936180;"05";Fabiola, que vai ouvir esse episódio no Spotify
1936180;1938460;"05";e possivelmente no chat da Twitch.
1938800;1939700;"05";Aoba, Fabiola.
1940120;1942080;"05";É outra Fabi, não é a Fabi...
1942080;1943980;"05";Não é a Belo. É a Coelha.
1944380;1944980;"05";Um adendo.
1945480;1947920;"05";Sei que é proibido falar de outros episódios,
1948320;1950120;"05";mas vim dizer que o morte
1950120;1952400;"05";não é mais meu NPC favorito.
1952400;1954720;"05";Vamos dizer que o filho dele
1954720;1955860;"05";herdou esse título.
1955880;1958040;"05";Afinal, eu entendo
1958040;1959860;"05";como é ser diferente dos pais.
1960440;1962060;"05";Até hoje, tem alguns
1962060;1964060;"05";ratos da escola de Alcantarilha
1964060;1965660;"05";que fazem bullying comigo
1965660;1968380;"05";pelo fato do meu pai ser um guaxinim
1968380;1970180;"05";e de ele roubar as coisas
1970180;1972320;"05";dos humanos. Teve uma época
1972320;1974220;"05";que eu tentava esconder quem era o meu pai,
1974580;1976220;"05";mas meu nome sempre deixava
1976220;1978020;"05";óbvio. Não irei revelar
1978020;1980060;"05";meu nome por vergonha, mas
1980060;1981140;"05";irei dar duas dicas.
1981740;1984180;"05";Chamo o meu pai de verso, e ele quis
1984180;1985860;"05";que meu nome combinasse com o meu nome.
1985860;1986340;"05";Como o dele.
1988420;1990220;"03, 05";Eu só queria o
1990220;1992160;"03";AdvoGoblin, preparem
1992160;1993720;"03";os documentos, a gente conversa depois da live.
1995320;1995880;"05";Agora,
1996180;1997180;"05";vamos para o episódio.
1997720;1999540;"05";Ai meu Deus, cavaleiros do bicho!
1999720;2000860;"05";Coração, coração, coração.
2001560;2003620;"05";Primeiramente, feliz aniversário, Baixa.
2004000;2005300;"05";Toma todos os biscoitos.
2005700;2007400;"03, 05";Você merece. Segunda,
2008100;2009880;"05";é o início do episódio e eu já tô
2009880;2011720;"05";a mil aqui. Eu amava
2011720;2013720;"05";a nossa coelha original, mas eu amo
2013720;2015800;"05";a Dora também. Oh, obrigada,
2015860;2017040;"05";coelha de alcantarilha.
2017820;2019640;"05";Eu amo essa saga maravilhosa.
2019820;2021880;"05";O que eu acho bem engraçado, porque uma vez
2021880;2023860;"05";eu vi uns episódios de Cavaleiros do Zodíaco
2023860;2025600;"05";e não gostei. Fazer o quê?
2026080;2027880;"05";O Pedro, depois de dar uma surra nos
2027880;2030140;"05";três, virando um velhinho gentil.
2030280;2031160;"05";Coisa mais fofa.
2031640;2033860;"05";Eu tô com sentimentos confusos quanto ao Pedro no momento,
2033960;2035920;"05";mas tudo bem. Eu amei
2035920;2037320;"05";a personagem da Galáxia.
2037680;2040040;"05";A arte imita a vida, e a vida imita a arte.
2040180;2041880;"05";E agora, temos uma heroína
2041880;2044280;"05";tiktoker. E, meu Deus, a Cris!
2044540;2045800;"05";Agora a Trindade voltou,
2045860;2047680;"05";completa. Só
2047680;2049820;"05";falta uma menção ao MC Sapão,
2050200;2052180;"05";que era meu segundo personagem favorito.
2052180;2054180;"05";O Eric com as meninas!
2056660;2058300;"05";Eu espero que esse seja o começo
2058300;2059480;"05";de uma grande amizade.
2059960;2061920;"05";Pelas cenouras, esse episódio foi
2061920;2064180;"05";incrível. Esse período de aniversário
2064700;2066400;"05";tá começando muito bem.
2066940;2068520;"05";Bolos de cenoura com cobertura
2068520;2070340;"05";de chocolate para todos os
2070340;2072200;"05";responsáveis. Acho que virou
2072200;2073860;"05";o meu episódio favorito do ano.
2074280;2075240;"05";Ganhou o Gil Baile.
2075860;2077000;"05";O Rush. Nossa.
2077540;2079160;"05";Tô até lisojeada.
2079580;2081060;"05";Nota, mais de 8 mil.
2081500;2083580;"05";E, meu Deus, essa música de encerramento!
2084620;2085740;"03";A música de encerramento
2085740;2087440;"03";produção do Jean, né, Ju?
2087580;2089520;"03, 05";Sim, Jean. E a letra também.
2089840;2090360;"05";Sensacional.
2092300;2093980;"05";Tenho só duas perguntas.
2093980;2096140;"05";Como a Galáxia criou aquele gato
2096140;2098320;"05";de duas cabeças? E o que vai acontecer
2098320;2099540;"05";com ele a partir de agora?
2100120;2102120;"03";Então, o gato não foi criado
2102120;2104040;"03";por ela. O gato
2104040;2105660;"03";é simplesmente uma...
2105860;2107860;"03";Por coincidência, é um gato que fazia
2107860;2109660;"03";parte do tema da aventura, né?
2110120;2111380;"03";Mas ele era um gato
2111380;2113860;"03";que tava ali como se fosse o Cerberus.
2114480;2116000;"03";Então, ele é um gato
2116000;2117760;"03";que tem duas, o Cerberus tem três e eu gosto
2117760;2120060;"03";que nem tem uma. E deve ter um bicho com quatro cabeças.
2120120;2121920;"03";Uma capivara, talvez. Vou falar
2121920;2123480;"03";capivara porque tá na moda, né?
2123880;2125700;"03";E daí as pessoas divulgam.
2126380;2128200;"03";Porque é isso. A gente pode criar uma aventura
2128200;2129960;"03";nova toda semana e o pessoal
2129960;2132020;"03";gosta de maltratar animais. Então, assim,
2132620;2134120;"03";ele é tipo
2134120;2135700;"03";a proteção daquele...
2135700;2137980;"03";Aquele bairro rico que impede as pessoas que não têm dinheiro
2137980;2140300;"03";de entrar. Aquilo ali
2140300;2141880;"03";é o lugar que realmente existe
2141880;2143680;"03";em São Paulo. Não tem o gato,
2144260;2145880;"03";mas existe...
2145880;2148240;"03";Deve ter mais de um. Eu conheci um na época da faculdade.
2148360;2149360;"03";Talvez tenha mudado, espero.
2149880;2152280;"03";Mas era um shopping que não tinha linha de ônibus
2152280;2154320;"03";que ia até lá. Sabe que o estacionamento
2154320;2155740;"03";era caríssimo não só no shopping,
2156140;2157560;"03";mas em qualquer lugar em volta
2157560;2159740;"03";que era feita uma estrutura
2159740;2161940;"03";pra evitar que se não tivesse grana
2161940;2163220;"03";tu chegar até esse shopping.
2163700;2165400;"03";Eu fui com a faculdade, a gente foi de ônibus,
2165700;2167760;"03";saiu de Floripa, foi até lá
2167760;2169800;"03";em São Paulo. Ele deixou a gente lá
2169800;2171600;"03";na frente e foi embora pra um outro
2171600;2173220;"03";bairro onde ele podia parar.
2173780;2175100;"03";E lá dentro a gente encontrou
2175100;2177240;"03";a Ellen Roche e o Otávio Mesquita.
2177480;2178180;"03, 04";Olha só.
2179740;2180720;"03";Cagamos pros dois.
2181000;2183620;"03, 05";Dava pra comprar uma casquinha ou nem a
2183620;2184760;"05";casquinha de sorvete dava?
2185260;2187560;"03";Eu não sei. Eu nem me arrisquei.
2187920;2189980;"03";Eu nem olhava muito pras lojas
2189980;2191480;"03";porque vai que tinha que pagar também.
2192220;2193820;"03, 04";Mas era tipo, na época
2193820;2195660;"03";porra, era tipo uma
2195700;2196760;"03";bolsa, era um...
2196760;2199880;"03";A bolsa lá era mais de um ano de bolsa
2199880;2201040;"03";que eu recebia na época.
2202480;2203680;"05";Voltando ao gato
2203680;2204860;"05";de duas cabeças. Desculpe.
2206140;2206620;"05";Desculpe.
2208100;2209240;"05";Até parece, né?
2209740;2211180;"05";Voltando ao gato de duas cabeças.
2211700;2214020;"05";Eu sei que ele foi meio que um vilão na história,
2214380;2215660;"05";mas eu acho que todo felino
2215660;2217980;"05";de quatro patas merece uma segunda chance
2217980;2219920;"05";em nome do meu amigo pandeiro.
2221680;2222240;"04, 05";É verdade.
2222660;2223840;"05";Outra pergunta é
2223840;2226060;"05";se algum cavaleiro ou cavaleira
2226060;2227900;"05";já residiu ou é nativo
2227900;2229180;"05";de São Luís do Maranhão.
2229680;2231740;"05";Ou seja, como for o nome da minha cidade
2231740;2233580;"05";nesse universo. Enfim,
2233780;2235400;"05";é isso. Vou dar meus pulos.
2235620;2236840;"05";Um coelhinho e uma cenoura.
2237220;2239140;"05";Em algum canto de alcantarilha.
2239700;2241700;"05";Atenção, é obrigatório imitar a voz
2241700;2244020;"05";do verso. Se não, sujeito
2244020;2245880;"05";vai ser acerto com uma cenoura
2245880;2247160;"05";na pé ou no joelho.
2247560;2249880;"05";Ferrou. Imitar o Danilo imitando o verso
2249880;2251180;"05";é assim, né?
2251680;2252620;"03";Ou vai levar uma cenourada.
2252620;2253420;"03, 05";Caraca.
2253840;2255340;"05";Nossa senhora.
2256680;2257600;"05";Meu Deus.
2257860;2259960;"05";Meu Deus. Ok.
2260280;2260700;"05";Prosa.
2261380;2263800;"05";Fiquei um periquito.
2264700;2265400;"05";Não vou conseguir.
2265900;2268080;"05";Prosa, vem comer. Roubei.
2268320;2270620;"05";Quer dizer, pra seus favoritos.
2271200;2272840;"05";Pai, quer dizer,
2273260;2274840;"05";Rosa, esqueci que você
2274840;2276560;"05";não gosta que eu fale teu nome em voz alta.
2277100;2278040;"05";Obrigada, pai.
2278600;2280640;"05";Rosa é a filha
2280640;2281400;"05";do verso.
2281400;2283400;"03, 05";Hummm.
2283400;2285500;"03";O advoglobe já foi acionado.
2285900;2287800;"03";Ele me instruiu a não comentar
2287800;2288400;"03";algum caso.
2288720;2290640;"05";Nossa, desculpem, gente. Desculpem.
2290920;2293400;"05";Imitar o Danilo é um negócio, assim, impossível.
2293900;2295300;"05";Eu só tentei
2295300;2297200;"05";sobreviver o comentário. Desculpa,
2297340;2297980;"06, 03, 05";Fabiola.
2298340;2300800;"03";Episódio de aniversário do RP Guaxa.
2301340;2303600;"03";Final desse mês de episódios
2303600;2305240;"03";semanais. Tem o Danilo.
2305680;2307220;"03";E uma jogadora tava toda boba porque
2307220;2309400;"03";tinha o Danilo. E a outra é a Ju e ela não
2309400;2311080;"03";ela não liga pra essas coisas.
2311400;2314860;"03, 06";Ah, ah, ah, ah, ah, ah, ah, ah, ah, ah, ah, ah.
2315200;2315840;"06";Finge, né?
2316140;2317640;"06";Finge que não tava surtando.
2318140;2319580;"03";O próximo comentário é do Victor
2319580;2321120;"03";Manuel Mondani.
2322480;2323680;"03";Fala, galera.
2324780;2325880;"03";Eu acho que é isso que ele quis dizer.
2326300;2327580;"03";Cavaleiros do Jogo do Bicho é a melhor
2327580;2329660;"03";campanha de one-shot de todos os universos.
2330160;2331680;"03";No Cavaleiros do Zodíaco eles têm
2331680;2333540;"03";o Cosmo. No Dragon Ball tem o Ki.
2334020;2335960;"03";No Naruto tem o Chakra. Qual o nome
2335960;2337920;"03";da fonte de poder dos Cavaleiros do Bicho?
2338360;2339780;"03";É a Centelha. Isso tá
2339780;2341280;"03";na trilogia original.
2341400;2343320;"03";a gente trouxe isso. Todos eles têm uma
2343320;2344940;"03";centelha dentro deles.
2345480;2347240;"03";Se não tiver nome, gostaria de sugerir
2347240;2349480;"03";malandragem. Não é, é centelha.
2349840;2351560;"03";Tem tudo a ver com Laguna e teremos
2351560;2353380;"03";frases do tipo, libere
2353380;2355300;"03";toda... Eu não vou saber fazer um carioca.
2355800;2357460;"03";Libere toda a malandragem
2357460;2358640;"03";que existe em você.
2359280;2361080;"03, 06";Sei lá, eu sou um péssimo carioca.
2361100;2363060;"03, 06";Foi muito bom. Foi muito bom.
2363060;2365080;"06";Você ali, do meu ponto
2365080;2366600;"06, 03";de vista...
2366600;2369240;"06, 03";Treino bastante pra alcançar
2369240;2370660;"03";a malandragem máxima.
2370660;2371940;"03";Sacou, meu irmão?
2372180;2375480;"03";A minha malandragem é insuperável.
2375600;2376100;"03";Isso é algo assim.
2376380;2378800;"03";Com quem ficou a armadura de porco?
2379420;2380620;"03";Ela termina na mão
2380620;2382920;"03";da Dora? Não, do
2382920;2383780;"03";Patrick, né?
2384300;2386120;"03";E caso
2386120;2388960;"03";ele vire um personagem numa aventura futura,
2389420;2390540;"03";vão devolver pra ele, né?
2390900;2392500;"03";Ou talvez a gente coloque
2392500;2394440;"03";um outro jogador e ele ganhe essa armadura e a gente
2394440;2396400;"03";tire o Tellerman
2396400;2398440;"03";da aventura, porque o chat APT disse
2398440;2400500;"03";que o Tellerman não gosta de aventura de
2400500;2402600;"03, 05";divertidos. Caraca, eu tô com medo.
2402860;2404460;"05";Não, mas não foi o chat APT, foi o
2404460;2406060;"05";da Microsoft, foi do Bing, né?
2406160;2408600;"03, 05";Ah, é o Bing, mas o Bing, ele usa
2408600;2409540;"03";o GPT, né?
2409840;2411420;"03, 05";É o mesmo robozinho?
2412180;2414440;"03, 05";Ele é o GPT com acesso à internet, pelo que eu
2414440;2414820;"03";entendi.
2415880;2418480;"05";Vou ter que consultar o chat GPT aqui pra ver.
2419380;2420260;"03";Porque o chat GPT
2420260;2422280;"03";normal, ele é muito antigo,
2422380;2424440;"03";então ele não sabe quem é o RPG Watch. Ele sabe até quem é
2424440;2426540;"03";o RPG Watch, mas não sabe quem são os jogadores.
2427740;2428600;"03";O Bing sabe.
2428600;2430380;"03";O Bing, eu pedi pra ele,
2430500;2432180;"03";me sugira três jogadores. Eu
2432180;2434400;"03";conversei com ele sobre uma aventura e
2434400;2436280;"03";perguntei que jogadores eu deveria chamar. Ele falou
2436280;2438760;"03";Agatha, Bia e Shelly.
2439160;2439760;"03";E Shelly.
2440260;2442600;"05";Excelente time. Tá aconselhando bem.
2443220;2444440;"03";Excelente time. Eu chamei
2444440;2446380;"03";Zorzal, Ana Beatriz
2446380;2448300;"03";e Filipe Javier. Mas
2448300;2449160;"03";obrigado, Bing.
2451000;2452440;"05";E assim, acho que o
2452440;2454340;"05";Tellerman tem que pagar o chat
2454340;2455940;"05";GPT pra corrigir essa
2455940;2458760;"03, 05";informação aí. Fica a sugestão.
2458760;2459720;"03, 05";É verdade.
2460500;2461920;"03, 05";Com o dinheiro do Alfred.
2462360;2464740;"05";Dos clones. Isso, dos clones.
2465360;2466620;"05";O próximo comentário
2466620;2468600;"05";é do... Putz, eu não sei falar o sobrenome
2468600;2469940;"05";do Patrick. Patrick
2469940;2472060;"03, 05";Buchmann. Buchmann.
2472520;2474540;"05";Chique, eu acertei. Eu não sei.
2474780;2476280;"03, 05";Desculpa. É o homem em livro.
2477560;2478120;"05";Legal.
2480140;2480700;"03, 05";Passando
2480700;2482480;"05";em cima da hora pra falar que é um
2482480;2484520;"05";prazer imenso voltar pra essa aventura com
2484520;2486780;"03, 05";meus irmãos do coração. Eu digo mesmo.
2486860;2487960;"03";Absurdo, jogador.
2488320;2490260;"03";O Bardo Petit, ele coloca.
2490500;2492580;"03";Bom dia, boa tarde,
2492760;2493980;"03";boa noite, guaxa humanidade.
2494420;2496600;"03";Guaxa ou juvidade do dia. É uma juvidade
2496600;2498600;"03";hoje. Você deu sorte. Como eu
2498600;2500480;"03";ainda não peguei pra ouvir a saga dos cavaleiros
2500480;2502380;"03";ele fugiu, Ju.
2502700;2504340;"03";Eu desafiei
2504340;2505940;"03";ele a escrever um poema
2505940;2508300;"03";com o título do episódio
2508300;2510180;"03";e ele arregou.
2510360;2511600;"03";Queria deixar isso registrado.
2512320;2514540;"03, 04";Fica a dívida, né? Eu ainda não
2514540;2516440;"03";peguei pra ouvir a saga dos cavaleiros do
2516440;2518460;"03";bicho em ordem. Eu não pude ouvir
2518460;2520180;"03";esse episódio e isso é uma benção.
2520500;2522300;"03";Porque imagina quantos versos teria
2522300;2524340;"03";no poema de hoje. Mentira, eu
2524340;2526120;"03";provavelmente faria uma sigla ou
2526120;2528360;"03";eu escrevo CDB, por exemplo.
2528760;2530020;"03";Que é uma aplicação no banco
2530020;2532400;"03";e Cavaleiros do Bicho. Faria uma sigla
2532400;2534300;"03";ou algum jogo novo que não fosse o da
2534300;2536340;"03";primeira letra de cada verso. Inclusive
2536340;2538600;"03";eu já dei uma ideia pro próximo episódio com título longo.
2539100;2540560;"03";Agora é esperar pra pôr em prática.
2540940;2542420;"03";Prática. Prática é
2542420;2543740;"03";bom. É o Cebolinha. Prática.
2544680;2546040;"03";Eu até a segunda série
2546040;2548300;"03";eu trocava o RPOL igual o Cebolinha, Ju.
2548300;2550240;"03, 05";Não sabia? Não, não sabia isso.
2550500;2551880;"03, 05";Eu tinha um problema de dicção.
2552380;2554100;"03";E a minha mãe, quando ela até, tipo,
2554320;2555820;"03";sei lá, o ensino fundamental, ela era gaga.
2556340;2558360;"03";E graças a uma professora de português, ela venceu
2558360;2559920;"03, 06";isso também. Legal. Então,
2560420;2562220;"03";é. Só se ela ficar muito nervosa, ela
2562220;2563880;"03";gagueja. Então se ela gaguejar, eu corri.
2565480;2566420;"03";Tendo dito. Amo
2566420;2568300;"03";minha mãe. Mãe
2568300;2570420;"03";do Theo, de verdade, te amo muito.
2570600;2572380;"03";Até o dia das mães tá chegando. Comprei
2572380;2573820;"03";um... O tablet dela estragou.
2574360;2576240;"03";Combina que meu pai, a gente vai dar um tablet novo pra ela.
2576500;2578320;"06, 03";Muito bom. Espero que ela não escute. Ela nunca
2578320;2580240;"03";ouviu nenhum episódio meu. Espero que ela não se escolha.
2580500;2582580;"03";Ouvir esse e tomar o spoiler, né?
2583060;2583940;"03";Mas é isso.
2585040;2586520;"03";Tendo dito tudo isso, não vou
2586520;2588400;"03";sair no prejuízo. Deixo aqui meu
2588400;2589940;"03";carinho, como sempre, nos versinhos.
2590440;2592900;"03";Ele deixou ali um comentário em anexo
2592900;2594540;"03";que é... Caramba, olha só. Quase
2594540;2596220;"03";que eu me esqueço. Guaxa, parabéns.
2596560;2598360;"03";Seja ali seus desejos. Me dê um feliz aniversário.
2598400;2600240;"03, 05";Obrigado, querido. Fofinho.
2600240;2601920;"05";O próximo comentário
2601920;2604480;"05";é da Cidade Guaxinim.
2604820;2606100;"05";Olá, cavaleiros do
2606100;2608220;"05";RP Guaxa. Passando rapidinho pra
2608220;2610240;"05";agradecer aos envolvidos nessa saga...
2610500;2611700;"05";Podcática,
2612320;2614260;"05";RPGística, RPGuástica.
2614720;2615760;"05";Por que que é Podcática?
2616260;2618600;"05";Acho que era pra ser Podcástica? Não sei.
2619060;2620720;"05";Eita. Juleiva, ótima
2620720;2622560;"05";como sempre. Bondade
2622560;2624440;"05";da cidade. E edição
2624440;2626580;"05";e enredo trazendo a nostalgia das
2626580;2628720;"05";manhãs e tardes de Dragon Ball na TV.
2629640;2630340;"03, 06";Muito bom.
2630820;2632020;"03";Maravilha, maravilha.
2632460;2634300;"03";O Pandeiro comentou depois da hora
2634300;2636280;"03";e a gente tinha dito que não ia ler,
2636520;2638140;"03";mas eu queria dizer que ele escreveu Guaxa e Ju.
2638600;2640340;"03";Me perdoe por comentar. Na última hora só vim aqui
2640340;2642320;"03";comentar que desde o começo
2642320;2644040;"03";eu amei a querida Galax Shop.
2644500;2646300;"03";Foi a tua homenagem. Além disso,
2646480;2647940;"03";ficou ainda melhor que o primeiro
2647940;2649920;"03";Cavaleiros do Bicho Nova Geração.
2650320;2652140;"03";Com carinho e malandragem deiro.
2652600;2654380;"03";Eu ainda gosto mais da saga
2654380;2655240;"03";da...
2655240;2658280;"03";do Juliette e do Romildo.
2658780;2660320;"03";Eu acho que aquela é uma aventura mais
2660320;2661900;"03";bem escrita na minha cabeça, né?
2662300;2663620;"03";Essa ela pega muitos elementos.
2664120;2666720;"03";Eu quis repetir a história original.
2667280;2668760;"03";Os jogadores precisam
2668760;2670160;"03";ir até São Paulo.
2670160;2672160;"03";O inimigo é o capitalismo.
2674400;2676340;"03";Tem um pouquinho, embora agora ele não
2676340;2678640;"03";seja o grande vilão, né?
2679100;2680180;"03";Então, assim, tem alguns
2680180;2681900;"03";elementos da história original.
2682460;2684460;"03";Entendo, cada um gosta do que quiser.
2685340;2686360;"03";Eu acho, assim,
2686380;2687380;"03";é uma coisa que eu sempre tento.
2687840;2690340;"03";O primeiro tem toda aquela história da luta,
2690860;2692220;"03";do amor dos dois.
2692600;2694160;"03";O segundo é essa aventura maluca
2694160;2694760;"03";no shopping.
2695720;2698040;"03";Eu tento trazer sempre, contar
2698040;2699860;"03";a mesma história de uma maneira diferente.
2700160;2701760;"03";Tanto que a gente teve o baile.
2702320;2704120;"03";Teve o episódio dos alunos
2704120;2705700;"03";monstros na escola.
2706020;2707440;"03";Que são diferentes entre si.
2707940;2709460;"03";A gente vai ter ainda este mês.
2710100;2711700;"03";Sem ser o desse... Eu não sei quando é que vai sair esse
2711700;2713460;"03";Guaxaverso editado, mas
2713460;2715360;"03";a gente tá aqui comentando o episódio
2715360;2717700;"03";134.
2718320;2719080;"03";O 135,
2719760;2722020;"03";o jogo da Nadine, é um terrorzinho
2722020;2723640;"03";gostoso. Cuidado, gente.
2723780;2726140;"03";Escutem bem os avisos antes de continuar. Não pôr-lhes os avisos.
2727440;2727960;"03";É...
2727960;2730140;"03";O 136 é uma
2730160;2732180;"03";terceira aventura naquele
2732180;2734220;"03";mundo dos monstros, só que
2734220;2735300;"03";ele vai pra outro lugar.
2735720;2736840;"03";Outro negócio.
2737840;2740220;"03";O episódio 137
2740220;2741820;"03";se passa no Brasil.
2742360;2744160;"03";Se passa em São Paulo, não em
2744160;2746340;"03";São Paolo. E é uma aventura
2746340;2748520;"03";policial e investigativa.
2748880;2749600;"03";Curioso.
2749940;2752220;"03";Seria se um dos
2752220;2754500;"03";policiais não fosse a Jujuba.
2755400;2758200;"03, 06";Vocês vão ter que ouvir pra descobrir.
2758980;2760080;"06";Muito bom.
2760160;2762560;"06, 03";E o episódio
2762560;2764340;"03";que fecha o nosso
2764340;2766360;"03";mês de aniversário é um episódio
2766360;2767540;"03";que envolve um bolo.
2768020;2769020;"03";E é tudo que eu direi.
2769320;2772080;"03";Você quer que sua criança escute um episódio? Não é o próximo.
2772660;2774080;"03";Provavelmente não é nem o episódio
2774080;2776160;"03";dos monstros, porque ele tem
2776160;2778080;"03";uma pegada diferente, como eu disse.
2778660;2780280;"03";É o do bolo. Deixa pra ouvir
2780280;2781900;"03";o do bolo com suas crianças. Né, Ju?
2782020;2784080;"03, 05";É. O do bolo é
2784080;2785140;"03, 05";bom pra crianças.
2786020;2788160;"03, 05";Ju, tem alguém que já jogou RPG Guaxa
2788160;2790160;"03";e que ainda não jogou com o Dico e tu gostou?
2790160;2791280;"03, 05";Gostaria de jogar, né? Tá.
2791740;2794000;"05";Eu já falei Debi e
2794000;2796280;"03, 05";no passado. Tu não jogou com a Debi ainda? Não.
2796800;2798020;"03";Tá. Vamos...
2798020;2800140;"03";Me lembra disso o dia que eu for te perguntar alguma coisa.
2800200;2802020;"03, 05";Tá bom. Ah, é verdade.
2802300;2803740;"05";O Trota tá botando. Eu, eu.
2804140;2805980;"05";É verdade. Eu não joguei com o Trota também, não.
2806460;2808440;"05";Já que a Debi, eu já falei no...
2808440;2809900;"05";Eu já falei e o Guaxa disse.
2810040;2812100;"03, 05";Muito difícil de acontecer.
2812440;2814140;"03";É difícil por causa dos horários dela, mas aí
2814140;2816140;"03, 05";sei lá. É. Dá pra tentar.
2816160;2817920;"03, 05";O que a gente faz às três da manhã? Não sei.
2817920;2819700;"03";A Debi... A Isa...
2819700;2821220;"03, 04, 05";Vocês conhecem a Isa, né, gente? Sim.
2821380;2824060;"03, 04, 05";A Isa visitou a Debi lá no Reino Unido.
2824600;2826060;"03";A Debi, pô, fez um negócio
2826060;2827840;"03";incrível. Não vou dizer agora, mas pra mim
2827840;2829980;"03";ia tu mostrar quando chegar. E daí ela entregou
2829980;2831840;"03";pra Isa. E daí a Isa tá
2831840;2833820;"03";voltando pro Brasil. E vai
2833820;2835740;"03";mandar pra mim, porque foi o meu aniversário.
2835900;2837760;"05";Depois... Agora eu tô curiosa pra saber o que que
2837760;2840080;"05";tá chegando aí pro senhor Guaxinim.
2840440;2841440;"03";Então, Debi e Trota.
2842000;2843100;"05";É. Ia ser legal.
2843600;2845760;"03";Será que a Debi sabe que... Ah, não. A Debi tá em dia
2845760;2847520;"03";com os episódios. Ao contrário, muita gente...
2847520;2849700;"03";A Debi tá em dia com os episódios. Quer dizer, ela tava
2849700;2851640;"03";até atrasada um, que seja, porque agora
2851640;2853820;"03";tava a Isa lá visitando. Mas a Debi tá em dia
2853820;2855800;"03, 05";com os episódios. Então, beijo, Debi. Beijo,
2855840;2857780;"05";Debi. Você... Melhor risada da
2857780;2859860;"03, 05";podosféria. Sabe quem mais merece
2859860;2861120;"03";beijo, Ju? Quem?
2861580;2863940;"03";O Ashton Ferreira, a Josi Cláudia Gomes,
2863940;2865960;"03";o Cristian Silva, o Rafael
2865960;2867940;"03";Braga Moretti, o Gabriel
2867940;2869560;"03";Ritz, o Mário Cesar,
2870020;2871940;"03";o Matheus de Jesus, o Igor
2871940;2873800;"03";Camilo Alves e o Leonardo
2873800;2876020;"03";Moraes. Muito bom. Muito obrigado
2876020;2877940;"03";aos novos padrinhos. Alguns deles é gente
2877940;2880020;"03";que deu problema no padrinho e eles
2880020;2881920;"03";reassinaram. Deu uma olhada também.
2882800;2884140;"03";A Luluzinha tá pensando em ouvir
2884140;2885540;"03";o RP Watch na academia. Faça isso.
2885860;2887020;"03";Começa pelo próximo episódio.
2887340;2890040;"03, 04, 05";A Luluzinha é maior de idade, então ela pode ouvir o próximo episódio.
2890360;2892200;"05";A Luluzinha, eu já pensei em
2892200;2894180;"05";dar rolê na UFSC, só pra ver
2894180;2895800;"05";se eu vejo a Luluzinha pessoalmente.
2896220;2898160;"03, 05";Porra, se eu morasse em Floripa, eu faria isso.
2898260;2899680;"05";Mas acho que ia ser um pouco
2899680;2902200;"03, 05";meio stalker. Daí é melhor...
2902760;2903320;"03, 05";É estranho.
2903680;2905940;"05";A Fabi disse pra gente falar do RP Watch AD, hein?
2906300;2907900;"03, 05";Guaxa. Então vai lá, pode
2907940;2909520;"03, 05";falar. Então vai lá, Luta.
2910040;2910480;"05";Então,
2910760;2913680;"03, 05";tem um evento organizado
2913680;2915920;"05";por padrinhos e madrinhas da
2915920;2917020;"05";RP Watch, que é
2917020;2920360;"05";em homenagem ao aniversário
2920360;2921720;"05";de 5 anos do podcast.
2922460;2924080;"05";Então, no dia 27 de maio,
2924300;2925800;"05";vão ter, desde as 10 da manhã
2925800;2928060;"05";até passando das 10 da noite,
2928620;2929520;"05";vão ter mesas,
2929960;2932040;"05";acho que são 30 mesas, se eu não tô
2932040;2934120;"05";enganada, que estão à disposição,
2934400;2934920;"05";abertas.
2935840;2937800;"05";Tem post no Instagram a resposta,
2937940;2939940;"05";a respeito disso. No Simpla, é só
2939940;2941300;"05";pesquisar por RP Watch AD,
2941600;2944220;"05";que vocês vão encontrar. Tem o catálogo de aventuras
2944220;2946000;"05";disponível. Qualquer dúvida,
2946100;2947340;"05";entra em contato com a gente.
2948120;2949600;"05";E é uma inscrição
2949600;2952280;"05";por pessoa nesse primeiro momento.
2952420;2953960;"05";Você olha lá a lista de mesas,
2954400;2955500;"05";vê qual que te interessa
2955500;2957840;"05";e se inscreve. Eu vou estar
2957840;2959640;"05";narrando, a Fabi vai estar narrando,
2960280;2962000;"05";vai ter... Eu não sei se o
2962000;2963680;"05";Jean vai narrar também, eu posso estar confundida.
2963760;2965520;"05";Eu sei que a Rebel Bia vai narrar,
2965520;2967520;"05";a Deba, ou a Deba...
2967940;2969900;"05";Não posso estar confundindo com o ano passado.
2970400;2971960;"05";Lá das meias da sorte. Enfim,
2972280;2974160;"05";vai ter um monte de gente bacana narrando.
2974300;2975940;"05";Felipe Xavier, nossa, eu queria jogar
2975940;2977560;"05";a mesa dele, inclusive, mas não vai dar.
2978000;2979940;"05";É isso. Joguem, vai ser muito legal.
2980140;2982140;"05";Tem muita mesa bacana, tem mesa
2982140;2984060;"05";pra criança, tem mesa
2984060;2986040;"05";pra quem gosta de terror, tem mesa
2986040;2988200;"05";pra quem gosta de suspense, tem mesa
2988200;2990100;"05";pra quem gosta de RuPaul
2990100;2992400;"05";Drag Race. É maravilhoso.
2992580;2993560;"05";Tem opção pra todo mundo.
2994100;2996080;"05";Venham jogar com a gente, dia 27 de
2996080;2997740;"05";maio. Só se inscrever no
2997740;2998140;"05";Simpla.
2999080;3000960;"03";É isso, gente. Vamos lá se inscrever. Eu não
3000960;3003440;"03";inscrevi pra mestrar, mas talvez
3003440;3005380;"03";eu apareça pra jogar alguma das aventuras, como eu fiz
3005380;3007620;"03";no ano passado. Não vou dizer qual, porque
3007620;3009420;"03";sei lá, as pessoas podem querer se inscrever
3009420;3011540;"03";por algum motivo, pra, sei lá, me matar
3011540;3013720;"03";na aventura. Ou pode jogar comigo, não sei.
3014860;3015580;"03";É... Mas
3015580;3016820;"03";fica aí o convite pra vocês.
3018140;3019520;"03";Essas mesas são pra quem
3019520;3021700;"03";não é padrinho também. Então você
3021700;3023440;"03";aí que tá ouvindo não pode ajudar, porque, sei lá,
3023920;3025740;"03";você não tem verba, você não quer,
3025740;3027480;"03";ou não sei que motivo,
3027480;3029700;"03";a pessoa tem pra não ser padrinho. Você não tem motivo pra não ser padrinho.
3030000;3031820;"03";Se você ouviu o Guaxa Verso até aqui,
3032340;3033660;"03";você tem que ser padrinho, porque, porra,
3033760;3035120;"03";pelo amor de Deus, né, gente, 10 reais
3035120;3037080;"03";se você tá ajudando nesse projeto.
3037480;3039420;"03";Quero agradecer a todo mundo. Ju, quer deixar algum
3039420;3041480;"03, 05";merchan? É...
3041480;3041940;"05";Não.
3044260;3045820;"03";Ah, quero agradecer a todo mundo
3045820;3047680;"03";que participou da live aqui hoje.
3048140;3049560;"03";Um beijo pra vocês. Fica o merchan
3049560;3051120;"03";da Luluzinha, com esse trabalho da Luluzinha,
3051600;3053720;"03";do Solaria. Eu ia
3053720;3055400;"03";falar o nome errado, eu esqueci como é que é o nome errado,
3055400;3057320;"03";mas fica Solaria. Solaria RPG.
3057480;3059260;"03";É um RPG maravilhoso.
3059720;3061320;"03";Dá uma olhada lá, dá uma conferida,
3061440;3063360;"03";procura, procura a Luluzinha também, procura
3063360;3065160;"03";a Ju, se não vai achar,
3065640;3067040;"03";e escute o RPG Guaxa.
3067540;3069380;"03";Eu tenho que agradecer muito a todos vocês que
3069380;3071540;"03";são padrinhos. O RPG Guaxa só existe porque vocês existem.
3071920;3073140;"03";O Guaxa Verso só existe!
3073800;3074740;"03";Ju, o Guaxa Verso existe?
3075160;3077420;"03";O Guaxa Verso existe, sim.
3077540;3079600;"03";Não existe! O Guaxa Verso
3079600;3081920;"03";não existe. Vai pra geladeira.
3087480;3117460;"03";E um passado remoto, o seu Nelson criou as 25 armaduras do bicho. Juntas, elas destruíram um grande mal e salvaram não só a Laguna de Abril, mas todo o multiverso. Mas o mal não foi destruído.
3117480;3119720;"03";Ele foi apenas derrotado.
3119940;3121280;"03";Eu falei que foi destruído, né?
3121340;3123280;"03";Ficou errado essa frase pra cacete. Vamos lá,
3123360;3124160;"03";Zorzal, calma aí.
3127420;3127780;"03";Venceram.
3127920;3128260;"03";Pronto.
3131680;3133480;"03";Revisar, assim, é legal
3133480;3135020;"03";que eu escreva o texto de uma vez só, é legal.
3136100;3137560;"03";Reescrever depois pra ficar bom
3137560;3139480;"03";seria bacana. Vamos lá, Zorzal,
3139520;3140800;"03";do começo, agora é pra valer.
3141140;3143400;"03, 05";Vocês caem. Que? É só o começo
3143400;3144420;"03";da história, gente, calma.
3145260;3146780;"05";Que? Que, Eric?
3147100;3147460;"05";Olha aí.
3147480;3148960;"05";Flávio, o que foi, Flávio?
3148980;3150420;"02, 05";Ela tá zonza ainda, tadinha.
3150720;3153620;"02, 01";Alô? Alô, peraí. Ah, não acredito.
3154100;3155460;"02, 01, 05";O que foi? Eu acho que o Guaxa
3155460;3155820;"02, 01";tá ruim.
3157440;3159300;"02";Nessas horas, ninguém fecha nada,
3159400;3161180;"02";ninguém fecha o Audacity, não é isso?
3161560;3163120;"02, 01";Todo mundo continua. Isso, isso.
3163240;3165480;"01";Mantém tudo, depois que a coisa, o Zorzal corta.
3166580;3167820;"02, 03, 01";Ó, 24 minutos
3167820;3168980;"01";e 15 aqui, mais ou menos.
3169120;3170620;"02, 03, 01";Tá me ouvindo? Estamos.
3172040;3173440;"06, 01";Ele não tá carregando o site.
3174780;3175660;"03, 04, 01";Ih, acho que o Guaxa
3175660;3175980;"02, 04, 01";caiu.
3177480;3179060;"01, 05";É. Bom, a gente
3179060;3181160;"03, 05";fica em silêncio. O Google diz que eu não tenho internet.
3181900;3182480;"05";Oh, não.
3183380;3185260;"03, 01, 05";Oh, não. Isso é culpa do Pedro.
3185320;3186480;"03, 01, 05";Sim, provavelmente. Olha aí.
3186840;3187700;"01";Eu vou sair e voltar.
3189040;3191240;"01";A fonte era o roteador.
3192440;3193240;"04, 01, 05";Oi, Guaxa.
3193640;3195240;"02, 04, 05";Porra, internet. Oh, não.
3195680;3197180;"02, 05";Oh, não. Eu acho que pegou a última fala
3197180;3199000;"02";da Dora, né? O que você falou, Dora?
3199240;3200140;"02";Só pra gente continuar depois.
3200760;3203160;"05";Eu falei que ele era um...
3204240;3205280;"05";Agora eu não lembro exatamente
3205280;3207280;"05";as palavras, mas que ele era um cara...
3207480;3208940;"01, 05";Eu falei que... Pode falar.
3208940;3210800;"01, 05";Eu falei que ele tinha que ser...
3210800;3213260;"01";Que ele tinha que ser... Que eu achei que ele fosse ser divertido,
3213340;3214640;"01";já que ele era amigo da tiazinha.
3215320;3217200;"01";E aí você falou, ah, divertido,
3217260;3218280;"02, 01";ele ia destruir a fonte.
3218760;3220880;"02, 01";Ah, é. E aí eu ia falar depois.
3221360;3223300;"02";O Romildo... O Romildo tinha um certo
3223300;3224500;"02";rancor dele também, lembram?
3224960;3226660;"02";Naquela briga que ele teve com a tia.
3227480;3229120;"02";Ele falou dele. Foi.
3229200;3230760;"02";Foi do Pedro. Eu tenho certeza que ele falou.
3231160;3232640;"02, 01";Melhor esperar o Guaxa, gente. Acho melhor.
3232640;3234760;"02, 01";É verdade. Depois eu falo.
3234840;3236000;"02, 01";Tá ensaiando. Tô ensaiando.
3236000;3236660;"02, 01";É verdade.
3237480;3239380;"02, 01, 05";Me empolguei, me empolguei.
3239640;3240480;"02";O Titi.
3242660;3243840;"02";O Guaxa voltou.
3244340;3246020;"05";Acho que o Guaxa...
3246020;3248400;"05";Tenta pelo celular. Eu já tive que fazer isso.
3248460;3249460;"05";A minha internet tava ruim.
3250180;3251520;"05";Daí eu joguei pelo celular
3251520;3254140;"05";e gravei
3254140;3256000;"05";pelo Discord com normal.
3256440;3258280;"02, 05";O Craig grava pelo celular
3258280;3260340;"02";também? O Craig grava a sala.
3260580;3261620;"02, 05";Mas e o Audacity?
3262340;3264160;"02, 05";Não, mas daí o Audacity que tá gravando
3264160;3265760;"05";o meu microfone local.
3265760;3268040;"02, 05";Ah, é. É verdade. Não preciso de internet.
3268560;3269720;"05";Bah, cara, que sacanagem.
3269980;3271800;"05";Assim, ó. Eu vou dizer que
3271800;3273760;"05";eu tô imaginando a cara do Felipe
3273760;3275880;"05";e eu tô assim, ó. Que ódio.
3277060;3278380;"05";E o maior ódio
3278380;3280280;"05";porque a gente gostava do personagem, né?
3280580;3281520;"02, 05";Não é? Nossa.
3281520;3283580;"02, 05";E daí eu tô assim, ó. Vai mexer.
3283900;3285480;"05";E o Guaxa foi bem nas feridas, né?
3285940;3288000;"02, 04, 05";Falou da família, falou do pai,
3288080;3289540;"05";vai destruir o memorial. Assim, ó.
3289820;3291180;"05";Nossa, eu quero...
3291180;3293360;"01, 05";Eu vou arrancar as bolas desse burrinho.
3293360;3293600;"04, 01, 05";Cara.
3294400;3295600;"01";Então, eu fiquei...
3295760;3297760;"01";Eu fiquei puto no nível que eu invoquei
3297760;3299540;"01";até o psiquiatra, né? Você vê que eu fui logo também
3299540;3301560;"01";na ferida dele. Falei, como assim? Acho que você não tem o conceito
3301560;3303880;"01";de família. Tipo, eu, pera.
3304100;3305680;"01";Aí depois eu falei, pera, o Flávio não é assim.
3306560;3306880;"01";Argumentado.
3307320;3309640;"00";Só que foi mais forte que eu, tá ligado?
3309720;3311780;"02, 01, 00";Foi tipo, não, peraí, não. Tira a mão daí.
3312100;3313440;"02";E destruir a fonte, velho.
3313480;3314860;"02, 00";Quando ele chegou perto da fonte, eu falei, ah, não.
3315200;3317240;"02, 01";Aí, não. Então, então. Por isso eu falei, não,
3317340;3319000;"02";tira a mão daí. Não, tá maluco.
3319260;3321500;"02, 05";O Guaxa safado. Ele sabia que ia magoar a gente.
3321500;3323800;"02, 05";É, e por causa dessa mágoa, eu não tô, tipo,
3323800;3325500;"05";eu não tô nem com vontade de fazer a corda com ele.
3325640;3327640;"02, 01, 05";Eu só quero ir. Exato, é.
3327880;3329280;"02, 04, 01";Não, já era.
3330020;3331860;"01";Já era, já virou, já virou.
3332860;3333220;"02, 01";Demônio.
3334060;3335500;"02, 06, 01";Ele pode até virar aliado, né?
3335540;3337320;"02";Mas o Érico vai olhar por ele de ladinho, assim,
3337380;3338460;"02, 06";de canto de olho. Detalhe.
3339220;3341480;"02, 06";Nós estamos aqui fofocando, né?
3341840;3343360;"06";E o Zorzal, depois,
3343440;3345320;"02, 06, 01";vai ouvir toda a nossa... Exato.
3345340;3347980;"02, 06, 01";Os futriquentos. Vai ficar no Guaxa
3347980;3349720;"02, 01";verso. Personagens heróicos
3349720;3351080;"02, 01";e jogadores fofoqueiros.
3351080;3351940;"02, 01";É isso.
3352560;3353280;"01";Que surpresa.
3353280;3354920;"01";Quem não conhece a gente, que cumpre, né?
3357060;3359020;"02, 05";Tomara que volte. Pois é.
3359600;3361020;"02, 05";Já. Tá chovendo aí? Oi.
3361240;3363300;"02, 05";Fala, Ju, desculpa. Aqui não tá, mas
3363300;3364860;"05";assim, Gaspar, não sei.
3365160;3366920;"02, 01, 05";Ah, tá. O que eu ia dizer?
3367380;3368600;"05";Posso fazer a previsão do tempo?
3369020;3370940;"01";Aqui não adianta nem chover, continua abafado.
3371180;3372120;"01";Tá abafado mesmo.
3372700;3375240;"01";Aqui é pior, né? Aqui chove, cai a internet
3375240;3377420;"01, 05";e continua abafado. Tá 24
3377420;3379280;"05";graus, umidade de 95%.
3380060;3380800;"05";Caraca.
3380800;3383060;"02, 05";Mas sem nuvem, sem nada. Tá chovendo.
3383280;3384800;"05";Não. Hoje não tá chovendo.
3385040;3387180;"05";Amanhã e pelas próximas semanas inteiras vai chover.
3387540;3388700;"05";Olha, a gente podia... Assim,
3388960;3391020;"05";Jean, eu já tô pagando todas as minhas dívidas.
3391360;3393440;"05";Eu fiz uma listinha de dívidas que eu tenho
3393440;3395360;"05";e a sua é uma das
3395360;3396960;"05";mais antigas, com a música.
3397460;3398240;"01, 05";Eu vou pagar. Ah, tá.
3400040;3401160;"01";Caraca, eu tava tentando
3401160;3402880;"01";entender o que que ela estava
3402880;3403820;"00, 01";falando.
3404820;3406120;"00";Eu fiquei com medo, cara.
3406720;3409280;"02, 00";Eu estou pagando minhas dívidas e a sua...
3409280;3410600;"02, 00";Ela fez uma pausa dramática.
3410600;3412060;"02, 00";Eu falei, eita porra.
3412060;3413960;"02, 00";Eu fiquei na dúvida se eu fechei.
3414520;3416900;"00";Eu fiquei na dúvida se era
3416900;3417840;"00";dinheiro
3417840;3419840;"00";ou mesa.
3420180;3422620;"06, 04, 00";Ou minha alma, né? De repente, sei lá.
3422640;3424540;"06, 00";Caraca, eu fiquei na dúvida se era dinheiro
3424540;3426040;"06";ou mesa. Não é nenhum dos dois.
3426820;3427300;"06";Baixa.
3428480;3429500;"03";Voltei. Tá me ouvindo?
3430080;3430780;"03, 06";Alô, Má.
3431520;3432420;"03, 04";Agora sim.
3433300;3433800;"03";Desculpa.
3434720;3437480;"02, 03";Eu preciso ficar em silêncio pra não te atrapalhar.
3437480;3437600;"03";Alô.
3438600;3440380;"02, 03, 04";Mentira, é óbvio que você está ouvindo a gente, eu acho.
3440800;3441160;"03";Alô?
3442060;3443560;"02, 03";A gente comemorou à toa.
3444280;3445260;"02, 03, 01";Não, porque a gente passou o vídeo.
3445740;3447040;"03, 01";Quer dizer, eu não estou ouvindo vocês.
3447400;3450040;"05";Detalhe que eu botei dois segundos separado.
3450160;3451160;"05";Isso vai me... Pera.
3451600;3452420;"05";Sei lá, ficou pior.
3453620;3455060;"02, 03, 05";A gente comemorou em vão.
3455540;3457760;"05";Aqui nessa mesa...
3457760;3459040;"05";Que triste.
3459700;3460420;"05";Mas tudo bem.
3460740;3462680;"03";Eu tenho que trocar de provedor. Estão me ouvindo agora?
3463080;3463780;"03, 01, 05";Agora estamos.
3463780;3465380;"03, 01";Estão nos ouvindo? Você nos ouve?
3465900;3467620;"03";Sem piadinha agora, Zonzal. Vamos embora.
3467840;3469640;"03, 05";Aê. Agora eu fiquei
3469640;3471360;"03, 06, 05";com medo de comemorar. Eu também.
3471560;3472040;"03, 06, 05";Eu também.
3472060;3472180;"unknown";Eu também.
3474740;3476140;"06";Guaxa, da outra vez a gente fez
3476140;3477640;"06";uma musiquinha e estava feliz.
3477940;3479620;"06";E daí você caiu. Você está aqui?
3479860;3480280;"03";Estou aqui.
3481180;3483000;"03";Depois eu escuto nos extras. Vamos embora.
3485020;3486300;"03";Vocês me ouviram, então
3486300;3488020;"03";o Pedro sorriu
3488020;3489120;"03";e saiu do hospital.
3490260;3491360;"03";Saiu do quarto de vocês. De novo.
3491680;3493320;"03";Pedro sorriu e saiu do quarto de vocês.
3494000;3495500;"05";Tá bom. Qual é esse bicho?
3496100;3497580;"05";Agora eu vou pesquisar o que quer dizer
3497580;3498780;"03, 05";se é jogo do mínimo.
3498780;3499340;"03, 05";Não, Guaxa.
3499740;3501280;"03, 00, 05";Eu nem lembrei.
3502060;3505520;"00";Eu dirava que você tinha isso pronto, cara.
3506280;3507500;"03, 06, 00";Pera aí. O jogo do bicho
3507500;3508460;"03, 06";vai até o 25.
3508940;3510980;"03";Não, não. Mas tu pode...
3510980;3512620;"02, 03, 06";Tem sequências, né?
3513620;3514800;"02, 03, 06";17 é o macaco.
3514800;3516700;"02, 06, 03";40 é coelho. Ah, não. Espera aí.
3516780;3517380;"02, 06, 03";E cachorro.
3518740;3520900;"02, 03";Eita. Olha isso.
3521440;3523120;"02, 03";Rapaz. Vamos ficar nessa.
3524400;3525580;"03";Depois em off eu explico
3525580;3526920;"03";porque vem esse número na minha cabeça.
3528940;3529920;"03";Ela não vai responder.
3529920;3531660;"03";Porque pra não botar mais um NPC nessa história.
3532060;3534000;"02, 03, 04";Se tu ligasse pra Ana, ela tinha respondido.
3534360;3535100;"02, 03";Mandei um áudio.
3535920;3536980;"02, 03";Ah, beleza. Ela vai.
3538760;3540440;"06, 01";Ela manda e responde com uma figurinha.
3540500;3541000;"06";Um joinha.
3543100;3545720;"01";Ela manda a figurinha de um gatinho comendo.
3547800;3550120;"01";Pera aí. Rapidinho. Guaxa e Ju.
3550200;3551980;"01, 05";Vocês que não são do Rio, vocês sabem o que é um joelho?
3552040;3554220;"01, 05";Olha, pra mim é um...
3554220;3555800;"05";É tipo um...
3555800;3557060;"05";Um bauruzinho, assim.
3557060;3559200;"01, 05";É o que o pessoal às vezes chama de enroladinho
3559200;3560060;"01, 05";de queijo com presunto.
3560320;3560480;"01, 05";Isso.
3562060;3563340;"03";Não faz o menor sentido.
3563960;3566460;"02, 03";Eu vou me juntar a esses dois motoristas e brigar com vocês.
3566460;3566840;"02, 03";Espera aí.
3567520;3567920;"02, 03";Não.
3568160;3569700;"02, 03, 01";O que as pessoas falam é o que eu vou botar.
3569700;3570260;"02, 01";Existe. Eu tenho história.
3570540;3572060;"02, 01";Você sabe a história do joelho, né?
3572580;3573920;"01";O que eu falei é verdade, gente.
3574020;3579160;"02, 00, 01";Ele é joelho porque ele ficava embaixo da coxinha no display lá.
3579660;3580580;"01";Por isso que ele é o joelho.
3580920;3583580;"02, 00, 01";O cara que introduziu esse salgado no Rio...
3583580;3584560;"02";Toma aqui. Esse é o joelho.
3584560;3588120;"02";Ele botava na vitrine abaixo da coxinha.
3588880;3592040;"02";E aí as pessoas olhavam e viram o que estava abaixo da coxinha.
3592060;3592900;"02";O joelho.
3593540;3594960;"02";É real essa história. Não estou mentindo.
3595480;3596720;"02, 01";Eu não inventei isso também, não.
3597120;3600840;"02, 01";Eu taquei no podcast, mas é uma história real, verdadeira.
3601020;3601520;"01";De verdade.
3602320;3604360;"00";Então o Eric bateu assim.
3604460;3605040;"00";Tá, tá, tá.
3605080;3606420;"00";É interessante pra gente descer.
3606800;3608080;"01, 00";Aí de repente abre a porta.
3608280;3609040;"00";Abre a porta.
3609120;3609780;"00";A senhoria assim.
3610340;3611400;"00";Desculpa, meu filho.
3611740;3612620;"02";Ih, foi mal, tia?
3612720;3613360;"02";Aí ele fecha.
3614700;3615840;"02";Eric e Dora.
3616120;3616680;"02";Flávio, né?
3617060;3618040;"03";Flávio e Dora.
3618600;3620200;"03";Vem um...
3620200;3621000;"03";Um áudio.
3621000;3622000;"03";Um áudio.
3622880;3623200;"03";Alô?
3623880;3624740;"03, 04";Veio um áudio?
3625060;3625940;"03, 04";Veio um áudio.
3626160;3626500;"03";Ah, ok.
3626880;3628200;"03, 04";Ah, tá não. Eu fiquei esperando.
3628580;3629980;"03, 04";Ficamos todos esperando o áudio.
3630000;3631760;"03, 04";Ela tem que clicar pra ele tocar, né?
3631880;3632040;"03, 04";Pô.
3633080;3633980;"unknown";Ah, tá.
3635400;3637800;"03";Eu achei que ela ia fazer algum comentário.
3638000;3638640;"03";Perdão, vamos lá.
3639540;3642480;"03, 06";E detalhe, eu peguei e fiquei botando o ouvido mais perto, assim.
3645580;3646540;"02, 01";Acabou a bateria.
3647080;3648640;"01";Ah, meu Deus. O Flávio foi derrotado.
3648640;3649440;"02, 00, 04, 01";Falando mutado.
3649440;3651140;"01";Não, eu estava falando mutado.
3651220;3651700;"01";Microfone.
3652060;3655300;"00, 05, 03, 01, 02";O Flávio foi esmagado e morreu, gente.
3655300;3655620;"02, 03, 00";Então.
3656800;3658060;"02";Caiu um raio agora aqui.
3658260;3658940;"02";Eu não tô nem te vendo.
3659340;3660740;"02";É, o Eric tá chegando aí, ó.
3661400;3661800;"05";Caraca.
3661940;3666040;"01, 05";Cara, eu não sei se você tá aí ou não tá chegando, mas eu tô derretendo.
3666320;3667160;"01";Eu também. Vamos lá.
3667260;3667460;"03, 01";Vamos lá.
3667460;3667800;"03, 01";Eu também.
3669580;3672100;"06, 03";Todo mundo sem ventilador e sem nada, né?
3672360;3672720;"06, 03";Exato.
3674460;3677680;"02, 03";Cadê os padrinhos que não...
3677680;3681880;"03";Cadê você que não é padrinho e não assinou pra eu botar um estúdio com ar-condicionado?
3681880;3682660;"03";Pra mim.
3684240;3686240;"03, 04, 00";Aí cada um se vira, né?
3686560;3687580;"03, 04";Cadê você, porquinho?
3687620;3689660;"03, 04";Cadê você, porquinho? É isso mesmo.
3690260;3691500;"03, 04";Cadê você, porquinho?
3692080;3693860;"03";Campanha 2023 da RPGosh.
3694380;3695160;"03, 06";Mais um gol do Flávio.
3695180;3696240;"03, 06";Alfred vem pra cá.
3697060;3697540;"03";Vamos lá.
3698500;3699620;"03";Enquanto o Alfred não vem.
3700120;3701160;"03";Uma das vozes...
3701160;3703320;"03";Deixa eu ver se tá captando a chuva no Audacity.
3705020;3705820;"03";Pô, eu acho que tá.
3707860;3708700;"03";Mas vamos lá.
3710420;3710880;"03";Uma das...
3710880;3710920;"03";Tá.
3711880;3713300;"03";Deixa eu fechar aqui a janela só um pouquinho.
3713840;3716500;"03, 06, 01";Ou diz que começou a chover onde tá o shopping.
3717580;3717980;"unknown";Isso.
3718920;3720980;"01";Tem um buraco no teto agora, né?
3721160;3721460;"06";É.
3722460;3723200;"06";São Paulo.
3724080;3724680;"06";Faz sentido.
3725240;3725480;"02, 06, 01";Choveu.
3725500;3726120;"02, 06, 01";É verdade.
3727160;3729780;"02, 06";A gente tá falando de um guache que foi fechar as janelas, né?
3730480;3730920;"06, 04";Isso.
3731560;3731800;"06, 04";É.
3731800;3731860;"06, 04";É.
3739240;3740800;"00, 04, 01";Desgraçado.
3741880;3742920;"01";Desgraçado o que tá fazendo.
3743020;3743900;"01";Sim, demais.
3744000;3744560;"01";Deixa eu ver qual é.
3745540;3746240;"02, 00, 01";Deus do céu.
3746960;3748580;"01";O famoso quem perdoa é Deus, né?
3749240;3749600;"01";Caraca.
3749820;3751900;"01";Em janeiro tá perdoando ninguém, ninguém, ninguém.
3752420;3753420;"02";Tá terrível, cara.
3753540;3756620;"02";A gente tem que sugerir pro guache gravar essas aventuras em maio, tá ligado?
3756680;3758220;"02, 03";Pra ele botar no abril do ano que vem.
3761520;3764240;"02, 03";Ou um porquinho milagroso aparecer aí de padrinho também.
3765440;3765840;"unknown";De...
3765840;3767160;"03";Um dilúvio bíblico, mas vamos lá.
3768120;3769460;"03";Tá, o Flávio tá ouvindo, né?
3769460;3770880;"03";Estou ouvindo.
