0;10120;"06";Se eu pegar essa ilha e esse helicóptero, e aí tudo faz sentido, porque aqui tem um zumbi e ali não tinha, e agora...
10120;15000;"05";É isso! É isso! Eu sabia! Eu sabia! O Guaixaverso existe!
15120;15960;"05";Como assim?
16180;18000;"05";Você entendeu a referência do último episódio?
18260;18980;"05";Olha só, faz tudo!
18980;20020;"03, 00, 05";Não, o Guaixa sabe o que faz!
20020;20960;"03, 05";Espera, o que é o Guaixaverso?
21000;22980;"03, 05";Era só uma questão de tempo.
23080;23460;"05";Todos vão conhecer o Guaixaverso!
23460;24520;"05";O Guaixaverso sempre existiu!
24520;27140;"02, 05";Eu quero entender o Guaixaverso!
27220;28560;"02, 05";Alguém me explica o que é o Guaixaverso?
28560;32020;"02, 00";É, pessoal, não existe o Guaixaverso.
32100;33720;"00";Eu acredito no Guaixaverso!
33760;36560;"02";Mas supondo que ele exista...
37880;41560;"05";Guaixaverso, onde o que não existe é debatido.
45240;48880;"03";Sorsal, não, por favor! Não põe minha aparência no trechinho, Sorsal!
49980;50620;"01";Voltando.
55620;58540;"02";Olá, eu sou o Marcelo Guaxinim, narrador, produtor e...
58540;60640;"02";...utilizador do podcast do Realidades Paralelas do Guaxinim.
60900;63380;"02";E essa voz rouca é um patrocínio da Gripe.
63840;66220;"02";Pra quem não sabe, o Guaixaverso é o nosso antigo escudo do mestre.
66500;69640;"02";Aqui vamos ler os comentários e discutir as teorias do último episódio.
70000;71940;"02";Que, no caso, foi o monstro.
72400;73940;"02";Episódio 98.
74780;77900;"02";Vocês notaram que em dois episódios a gente chega no 100?
79060;79600;"02";Que loucura.
80740;82560;"02";Pra essa gravação eu recebi a jogadora Mel.
82720;85040;"02";Ela jogou o episódio com a personagem Juliana.
85040;87320;"02";E ela estava aqui pra me ajudar a ler os comentários.
87420;88520;"02";A gente gravou numa segunda-feira.
88540;91660;"02";Eu tô de férias, eu continuo de férias.
91920;94580;"02";Eu só passei em casa pra ver como é que tava o gato, né?
94580;94940;"02";A Marie.
95260;97280;"02";Da comida, trocar areia, essas coisas.
97780;99920;"02";Deixar um dinheiro pra ela pedir um lanche, se ela quiser, né?
100300;102840;"02";E tô voltando pras minhas férias, na casa dos meus pais.
103140;107400;"02";Então foi só uma segunda-feira que eu tive a oportunidade, como já passei por aqui.
107920;109760;"02";A Mel tava disponível, a gente já gravou.
109940;111360;"02";Então eu acabei gravando um pouco mais cedo.
111760;113540;"02";Teve menos comentários por isso, né?
113980;115920;"02";O pessoal normalmente espera pra terça-feira.
116160;116860;"02";Não foi o caso.
116860;118180;"02";Eu imagino que semana que vem.
118180;120680;"02";Eu volto a trabalhar normalmente, né?
120740;122720;"02";Eu volto pra habitar esta casa.
123040;125340;"02";E daí volte a ser os Guaxaversos, as terças-feiras.
125560;128260;"02";Lá no canal da Twitch, twitch.tv barra rpguax.
128520;133760;"02";Mas esse provavelmente foi o último mais caótico antes das férias acabarem.
134420;137340;"02";A Mel, ela tem um podcast, Nossa Poesia.
137480;140300;"02";Um podcast onde eles leem poesias que estão em domínio público.
140400;141540;"02";Recomendo bastante, né?
141700;145020;"02";É um porto de calmaria no meio dessa loucura da pandemia.
145420;147360;"02";E o Projeto Drama, é um projeto de audio-dramas.
147520;148160;"02";Muito bacana.
148340;149340;"02";Que eu sempre recomendo aqui.
149440;150800;"02";Que surgiu lá na taberna.
151000;153000;"02";E que é um dos meus xodós.
153200;155200;"02";Então conheça o Projeto Drama, conheça o Nossa Poesia.
155400;156300;"02";E conheça a Mel.
156500;158800;"02";Essa jogadora incrível, que já jogou vários episódios.
159000;161000;"02";No final ela responde algumas perguntas também.
161200;162100;"02";Pra você entender um pouco.
162300;163600;"02";Episódio favorito e tal.
163800;165800;"02";Então, não deixa de curtir aí.
166000;167000;"02";Lembra de seguir a gente nas redes sociais.
167200;169200;"02";Arroba Marcelo Guaxinim, arroba rpguaxa.
169400;171400;"02";Considere também se tornar nosso padrinho.
171600;173400;"02";No meio dessa leitura de comentários.
173600;175300;"02";Tive alguns padrinhos dando seus depoimentos.
175500;177100;"02";A própria Mel deu seu depoimento.
177300;178140;"02";Eu fiquei constrangido.
178340;179600;"02";Eu não sei o que falar nessas situações.
180200;183620;"02";Mas você pode ver que são pessoas realmente apaixonadas por esse projeto.
183920;185780;"02";E se você tiver um pouquinho disso.
186400;187460;"02";Esse é o seu lugar.
188000;191140;"02";Então o primeiro comentário é do Jorge Marcos Santos Silva.
191140;192520;"02";Que normalmente é o primeiro.
192640;194480;"02";Embora das últimas vezes não tenha sido ele.
194880;197140;"02";Olha, realmente um episódio delicado.
197240;198260;"02";Mas muito, muito bom.
198680;201540;"02";Adorei a ideia base e a desenvoltura dos jogadores.
202060;203220;"02";E feliz ano novo Guaxa.
203780;204300;"02";Guaxate.
204880;207600;"02";Ou vim chinins e possível convidado.
207700;208160;"02";Convidado.
208180;209120;"02";Convidado ou convidado.
209560;210160;"02";Temos a Mel.
210400;210760;"02";Oi Mel.
211240;211480;"05";Oi.
211860;212800;"02";Feliz ano novo pra gente.
212900;213280;"02";Olha que legal.
213680;214120;"05";Que bom.
215440;215920;"05";Obrigada.
216220;216700;"02";Spoilers.
216960;220340;"02";Bem, imagino que o prefeito fosse um monstro no sentido de escrúpulos.
220760;222880;"02";Ele não era de fato alguém que se tornava uma criatura.
223420;223940;"02";Ou era?
224120;224500;"02";Não.
224620;225280;"02";Ele realmente.
225700;227440;"02";Ele é um ser humano.
227940;228920;"02";Um monstro, né?
229040;229740;"02";Por dentro.
230160;231200;"02";A ideia do episódio.
231480;231940;"02";Eu esqueci.
231980;232740;"02";Eu tava muito cansado.
232800;235640;"02";Eu esqueci de comentar isso no escudo do mestre.
235640;237640;"02";A ideia inicial da aventura.
238180;240040;"02";Veio do Frankstein.
240360;243360;"02";A cena do velho cego ser ajudado pelo monstro.
243700;247000;"02";Ela tá no livro original do monstro de Frankstein.
247460;248640;"02";Que o Frankstein.
248740;251020;"02";Ele acaba ajudando um homem que é cego.
251500;253340;"02";E daí quando a população vê ele.
253440;254480;"02";Começa a atacar ele.
254940;255960;"02";Expulsam ele de lá.
256420;257740;"02";A ideia do monstro.
257820;259680;"02";Embora no nosso imaginário coletivo.
260040;262340;"02";Ele é um dos monstros do Halloween.
262920;263220;"02";Não.
263400;264440;"02";Ele é a vítima.
264560;264700;"02";Sabe?
264700;266880;"02";Se tu for ver o livro original.
267020;267840;"02";A história original.
268180;272440;"02";Ele é estigmatizado por ser diferente das outras pessoas.
272940;274300;"02";Ele sabe vários idiomas.
274700;276280;"02";Ele é muito inteligente.
276400;276780;"02";E etc.
277160;279620;"02";Mas por ter uma aparência grotesca.
280020;283220;"02";Ele acaba sendo tratado como um monstro.
283720;283980;"02";Entende?
284480;286240;"02";Então aquela cena inicial.
287080;290100;"02";A ideia de como o livro debate no tempo dele.
290420;292600;"02";A ideia do preconceito com o diferente.
293020;295180;"02";É o que me fez querer tratar nesse episódio também.
295180;298160;"02";O preconceito com o diferente.
298180;300880;"02";É óbvio que eu não podia ser tão explícito.
301340;302340;"02";Ou simplesmente assim.
303280;304700;"02";Colocar de uma maneira que no final.
304840;306280;"02";Nossa os jogadores só são um babaca.
306360;307280;"02";Eles mataram o monstro.
307800;310180;"02";E deixaram o cara solto.
311180;314320;"02";A gente teve que ser mais sutil nesse ponto.
314840;318360;"02";Pra ficar uma história mais agradável pra todo mundo.
318860;320320;"02";Mas a ideia básica assim.
320400;321480;"02";Por trás disso tudo.
322000;325160;"02";É a ideia do medo do diferente.
325780;326640;"02";E daí você diz.
326640;327940;"02";Nossa estão pondo política.
327940;329540;"02";Porque no meu podcast fica absurdo né.
330120;331180;"02";É absurdo isso.
332300;335100;"02";Mas a gente tem aqui uma jogadora.
335240;337080;"02";Depois ela vai comentar um pouco também.
337820;340160;"05";Essa história do Frankenstein.
340240;343500;"05";Você não chegou a comentar no depois né.
344000;346620;"02, 05";Porque normalmente a gente tem uma conversinha depois.
346980;348060;"05";E você não tinha falado.
348460;349440;"05";E eu não li o livro.
349680;350260;"05";Então não sabia.
350360;350720;"05";É interessante.
351060;351220;"02, 05";É.
351520;353140;"02";E isso é engraçado porque assim.
353720;355020;"02";Eu tenho ideias assim.
355020;357600;"02";Eu anotei essa cena do Frankenstein.
357600;357900;"02";Minha ideia.
358400;359900;"02";A debater o medo do diferente.
360020;362080;"02";Eu coloquei na minha tabela de ideias.
362880;364520;"02";Nessa tabela de ideias está lá também.
365260;366440;"02";Episódio Sandy Junior.
366560;367300;"02";Está lá anotado assim.
367560;368780;"02, 05";São ideias soltas.
368780;368800;"02, 05";Por favor.
369120;370980;"02, 05";A gente está esperando esse episódio.
370980;371280;"02, 05";Não calma.
371840;372660;"02";Vamos assim.
373120;375160;"02";São ideias soltas que as pessoas vão me dando.
375280;376040;"02";Que eu vou tendo.
376460;378540;"02";E depois eu vou tendo outras ideias.
378660;379700;"02";E vou me aproveitando.
380160;383220;"02";E no fim às vezes eu esqueço de onde surgiu a base né.
383520;385520;"02, 07";Tanto que foi um padrinho até que perguntou.
385520;386080;"02";Ah.
386440;387520;"02";Essa cena não.
387600;388040;"02";Eu anotei no livro.
388180;388540;"02";Porra.
388640;389100;"02";Foi dali.
389560;389820;"02";Sabe.
390240;392680;"02";Essa aventura podia ter acontecido há um ano atrás.
393340;397700;"02";Mas ela aconteceu agora porque surgiram outras ideias né.
398160;402120;"02, 00";Eu tenho uma outra aventura que se passa naquela região ali.
402220;404340;"02";Que vocês vão ouvir em fevereiro.
404480;405900;"02";Fica aqui o spoiler.
406500;406860;"02";É.
407520;409100;"02";O episódio 101 provavelmente.
409720;410180;"02";Mas.
410340;413560;"02";Então eu já estava trabalhando ideias nessa região né.
413980;414460;"02";Então.
414460;416120;"02";Uma coisa puxou a outra.
416380;417200;"02";E foi o que aconteceu.
417600;418360;"02";Mas mais voltando.
418780;420860;"02";A criatura era realmente o filho do homem cego?
421060;421460;"02";Não.
421960;424160;"02";A ideia do homem cego é uma outra referência.
424720;425000;"02";É.
425420;426680;"02";A chapeuzinho vermelho.
427140;427540;"02";Porque.
428160;430040;"02";Embora não tenha nada a ver com o Frankenstein.
430580;430860;"02";É.
431080;432400;"02";É um velho que ficou cego.
432460;433180;"02";O que que tu faz com ele?
433600;435900;"02";Tu põe ele na floresta afastado da cidade.
436340;437380;"02";E se tu parar pra pensar.
437480;438800;"02";A chapeuzinho vermelho é sobre.
439180;441160;"02";A neta tendo que visitar a avó doente.
441540;443940;"02";No meio da floresta que tem lobo.
444440;444880;"02";Tipo.
444880;446780;"02";Ela é absurda a história.
446900;447480;"02";Por que que.
447600;449660;"02";A mãe não foi buscar essa avó.
449840;450960;"02";Pra morar com ela.
451340;453620;"02";Porque ela deixou a velha no meio do mato.
453980;454740;"02";Pro lobo comer.
455100;455400;"02";Sabe.
455840;456220;"02";Então.
456880;457160;"02";É.
457260;457920;"02";Eu já tive.
458100;458880;"02";Lá atrás.
458980;460660;"02";Outros episódios que brincam com isso de.
461120;461420;"02";É.
461600;462820;"02";Contos de fadas né.
463180;464920;"02";E é tudo por essa região aí gente.
465180;465540;"05";E ele.
465720;466400;"05";Ele fala.
466860;467740;"05";Em dado momento.
467840;468460;"05";Ele fala né.
468560;469660;"05";Vocês não vão me perguntar.
469760;470600;"05";Por que que esses.
470860;471680;"05";Olhos grandes.
471840;472860;"05";Esses dentes enormes.
472900;473260;"02, 05";Isso.
473260;473820;"02, 05";Ele fala uma coisa assim.
473820;474020;"02, 05";Ele deixa.
474460;474580;"02";É.
475700;476140;"02";Se.
476820;477320;"02";Se não.
477400;477580;"02";De onde.
477600;477900;"02";De onde veio.
478020;479100;"02";E como surgiu essa criatura.
479380;480420;"02";Mais inteligente.
480840;481960;"02";A gente vai conversar sobre isso.
482200;482680;"02";Futuramente.
483220;484800;"02";E apesar dela ter morrido agora.
484960;485660;"02";Você ainda vai ver ela.
485740;486060;"02";Pelo menos.
486140;486760;"02";Mais uma vez.
487060;487940;"02";Com quais histórias.
488120;489560;"02";Essa pode ter ligação.
490040;490680;"02";Qualquer uma.
490800;492180;"02";Que tenha contos de fadas.
492400;492980;"02";Que seja.
493560;495300;"02";Um mundo medieval.
495760;496020;"02";Muito.
496800;497280;"02";Destruído.
497400;497580;"02";Sabe.
497680;497920;"02";Muito.
498360;499840;"02";Porque na abertura do episódio mesmo.
499940;500340;"02";Eu digo.
500900;501820;"02";Contam as lendas.
502000;502760;"02";Que nenhuma.
502900;503620;"02";Dos seres humanos.
503740;504720;"02";Nasceu naquele lugar.
505220;505520;"02";É.
505520;506220;"02";É como se.
506980;507180;"02";É.
507180;507240;"02";É.
507240;507300;"02";É.
507300;507320;"02";É.
507320;507340;"02";É.
507400;507420;"02";É.
507420;507440;"02";É.
507440;507500;"02";É.
507500;507560;"02";É.
507560;508300;"02";A gente conversou lá.
508480;509480;"02";Em episódios passados.
509800;510340;"02";Essa não é uma.
510440;511160;"02";Das linhas.
511400;511480;"02";Né.
511840;512120;"02";É.
512280;513540;"02";Como se todos os seres humanos.
513640;514200;"02";Que fossem ali.
514560;515200;"02";Eles tivessem sido.
515820;516180;"02";Sequestrados.
516360;517320;"02";De seus mundos.
517720;518380;"02";E viviam.
518420;519320;"02";Em paralelo.
519820;520100;"02";É.
520240;521140;"02";Por algum motivo.
521200;521520;"02";Que também.
521620;522600;"02";A gente vai ter que discutir.
522640;523360;"02";Em outro momento.
523540;523680;"02";Né.
524100;524300;"02";É.
524360;525060;"02";Pensei em Carvalhos.
525080;525560;"02";Arco-íris.
525680;526440;"02";Não é o caso.
527000;527220;"02";É.
527300;527600;"02";Ele botou.
527660;527900;"02";Talvez.
527980;528780;"02";Mas não tenho certeza.
529120;530100;"02";Acho que fico por aqui.
530240;531340;"02";Grato pela companhia.
531420;532460;"02";Nesse último ano.
532680;533140;"02";Delicado.
533320;533880;"02";Para todos nós.
533960;534180;"02";Eu acho.
534180;536840;"02";meus mais sinceros votos de sucesso, carinho, força
536840;539140;"02";e luz para ti e para todos nós
539140;540880;"02";nesse novo ciclo, pois estamos
540880;543080;"02";todos precisando, até logo meu querido
543080;544220;"02";até logo querido, muito obrigado
544220;547100;"02";você é provavelmente a pessoa que mais
547100;549140;"02";comentou, ou um dos que mais comentou
549140;551160;"02";desde que começou o Guaxa Verso
551160;553000;"02";fico muito feliz de estar
553000;554980;"02";sempre aqui, e saiba que
554980;556640;"02";cada comentário teu é uma
556640;558840;"02";motivação pra gente estar lançando
558840;560460;"02";cada vez mais episódios, então obrigado
560460;561780;"02";querido Jorge
561780;564660;"02, 05";você viu que estão falando ali no chat que
564660;566600;"05";vai ter uma aventura de Sandy Junior, né
566600;568720;"05";já foi decidido isso
568720;570960;"02";a pergunta
570960;572560;"02, 05";não é essa, a pergunta é quando
572560;574860;"02, 05";exatamente, e como eu pretendo ter
574860;575700;"02";muitos episódios
575700;578160;"02";então a gente não sabe quando
578160;580580;"05";em algum momento vai vir
580580;582720;"05";eu sou uma pessoa
582720;584700;"05";que eu estou tentando muito fazer o Guaxa
584700;586740;"05";fazer esse episódio, e eu fico mandando vídeos
586740;588320;"05";de Sandy Junior pra ele, tá
588320;591000;"02, 05";é verdade, podemos ler o segundo?
591000;591960;"02, 05";por favor
591960;594820;"02, 05";o segundo comentário é do
594820;597440;"05";Gabriel Narciso Pareja
597440;599000;"05";eu espero que eu tenha falado seu nome
599000;600940;"02, 05";certo, aqui tem que falar
600940;603340;"02, 07, 05";certinho, porque aqui eu prezo
603340;604880;"02";por falar o nome
604880;607080;"02, 07";certo das pessoas, com certeza
607080;608940;"02";você não vem destruir aqui
608940;611480;"02";tudo, a fama que eu construí
611480;613260;"02, 05";sobre a leitura de nome
613260;614180;"02";das pessoas
614180;617100;"02, 05";bom, primeiramente
617100;618480;"05";feliz 2022
618480;620120;"05";Guaxa, Guaxar
620120;621920;"05";que eu imagino que seja Guaxate
621920;624680;"05";ouvirem xins e convidados
624680;625800;"05";que sou eu
625800;627180;"05";de Scrodinger
627180;630500;"02, 05";pedi pra falar isso
630500;631420;"02, 05";é um pouquinho complicado
631420;632600;"02, 05";mas essa gata tá viva
632600;636600;"02, 05";eu não sabia nem escrever, mas eu olho pra isso aqui e sei que é chureta
636600;638580;"05";em segundo lugar
638580;639400;"05";Fora Bozo
639400;640820;"02, 05";a gente pode falar isso?
641540;644240;"02, 05";esse é o ano, não pode, mas esse é o ano
644240;645840;"02, 05";ok, em segundo lugar
645840;648380;"05";Pi, e por fim, falando do episódio
648380;650040;"05";adoro os episódios em que
650040;651780;"05";há uma reviravolta no enredo
651780;653780;"05";que vai contra as aparências iniciais
653780;656460;"05";se o Wagner e o Zugatti trocassem o microfone
656460;658740;"05";até reduziria o trabalho do editor
658740;660080;"02, 05";é verdade
660080;661900;"02, 05";porque o abafador de voz
661900;662960;"05";viria embutido
662960;666360;"05";gente, eu não sei se vocês sabem
666360;668020;"05";eu acho que o Guaxa
668020;669720;"05";não comentou isso, esse episódio
669720;671520;"05";no final dele
671520;674000;"05";o Patrick, que é quem faz o Zugatti, falou assim
674000;675920;"05";eu perdi o
675920;677980;"05";o áudio local que ele tinha
677980;679800;"05";gravado, ele não conseguiu gravar
680040;682340;"02, 05";se o backup tivesse dado o pau
682340;683840;"02";vocês nunca ouviriam, quer dizer
683840;686340;"02";vocês ouviram esse episódio com outros jogadores
686340;687080;"02, 05";exatamente
687080;690420;"02, 05";poderia ter um outro final, alterado o Guaxavers
690420;691300;"02";olha só
691300;692700;"02, 05";se ele existisse
692700;694820;"02, 05";mas não existe, então não teria problema
694820;698440;"02, 05";comecei achando que as ficas invocavam os Slenderman
698440;700460;"05";tipo uma oferenda para ele garantir
700460;702360;"05";que as abelhas produzissem muito e tal
702360;704140;"05";mas quando vi que ele cuidava
704140;706180;"05";do senhor cego, me liguei que tinha mais coisa
706180;708100;"05";por trás, quando a Esther chegou
708100;709880;"05";com o baú de fitas como bom
709880;711980;"05";fã de Dexter, eu entendi que
711980;713560;"05";eram os prêmios que o filho
713560;715380;"05";da mãe guardava
715380;717440;"05";louco pelo episódio onde a Ju
717440;720000;"05";barra Esther, o Heitor, o irmão que não
720000;721840;"05";acreditou muito na explicação oficial
721840;723720;"05";e agora tem idade para treinar como
723720;726160;"05";caçador de monstros, e o Felipe Xavier
726160;728000;"05";cego da cabana que perdeu
728000;730040;"05";seu melhor filho, se juntam
730040;731980;"05";descobrem quem era o verdadeiro
731980;733860;"05";monstro e nos contam porque
733860;736140;"05";a Esther chegou suja de sangue para ver a Mel
736140;738260;"05";olha só, é uma ideia
738260;739020;"02, 05";PS
739020;739480;"02, 05";é uma ideia
739880;742220;"05";eu tô louco pra Fanta patrocinar mais episódio
742220;744040;"05";essa e me dar uma desculpa de deixar
744040;745800;"05";o controle de glicemia de lado
745800;747820;"05";e poder comprar uma Fanta Guaraná
747820;749640;"05";bem gelada numa tarde de verão
749640;751880;"05";em Porto Alegre, aliás, Forno Alegre
751880;753780;"05";digo Porto Alegre, pô Fanta
753780;755300;"05";ajuda aí esse pobre o Vichininha
755300;758040;"05";a gastar seu suado dinheirinho nos seus produtos
758040;759160;"05";nunca te pedi nada
759160;762120;"02, 05";olha só Fanta, já temos mais pedido
762120;763140;"05";de patrocínio
763140;765860;"02, 05";eu tenho que fazer, até quarta-feira
765860;767480;"02";eu tenho que fazer o relatório
767480;769720;"02";do desempenho dos episódios
769880;771500;"02";de download, o escambau
771500;773900;"02";de interações nas redes
773900;775180;"02";e pipipi
775180;776620;"02";eu amanhã vou pensar nisso
776620;779600;"02, 05";e pode falar que eu sou uma pessoa
779600;781140;"05";que eu não costumo comprar refrigerante
781140;783560;"05";eu comprei muito refrigerante Fanta
783560;786020;"05";em dezembro, por conta do patrocínio
786020;786340;"05";então
786340;788580;"02, 05";eu não só comprei, eu ganhei
788580;790680;"02";quando na minha vida
790680;793900;"02";eu imaginei que eu ia ganhar refrigerante
793900;794600;"02";olha só
794600;798320;"02";eu já estive no palco da CXXP
798320;799480;"02";e a minha mãe disse
799880;802260;"02";mãe, eu ganhei uma lata de Fanta
802260;803500;"02";ela achou maravilhoso
803500;806960;"02";eu ganhei o respeito da minha família
806960;808680;"02, 05";porque fui pago com uma lata de Fanta
808680;809360;"02, 05";é isso
809360;810960;"02, 05";não, mentira, a gente teve pagamento também
810960;811980;"02";a lata de Fanta é o extra
811980;813620;"02, 05";prioridades, né
813620;817000;"02, 05";é a régua do sucesso
817000;818860;"05";se você tá ganhando refrigerante
818860;821060;"05";é porque você fez sucesso
821060;822600;"02, 05";mas vamos lá
822600;825700;"02, 05";você viu o que o Felipe falou?
826240;828340;"05";ele falou que é pra ler na minha voz
828340;829340;"05";oi Fanta
829340;831880;"05";eu sou o Guaxaverso, me patrocina, vai
831880;834500;"02, 05";vou mandar isso junto ao relatório
834500;836580;"02";o próximo comentário
836580;837700;"02";é do jogador
837700;839500;"02";Patrick Buchmann
839500;841500;"02";eu já falei que a sacanagem
841500;843180;"02";só comenta nos episódios que joga
843180;846780;"02, 07";não é mentira, o Patrick de vez em quando
846780;847240;"02";ele comenta
847240;849200;"02";agora que o Jorge Marcos já comentou
849200;850460;"02";hora de fazer o meu
850460;852140;"02";salve Guaxa, convidade
852140;856320;"02";Guaxate e Guaxo ouvintes
856320;858280;"02";vim só distribuir biscoito
858280;859320;"02";porque esse foi o meu convidado
859340;860860;"02";foi meu episódio favorito de jogar
860860;864080;"02";agradeço aos meus companheiros de caçada
864080;865500;"02";Mel e Jojo
865500;867900;"02";ao Zorzal por essa edição incrível
867900;869880;"02";sim, salvou o teu áudio
869880;872400;"02";e estragou o áudio do Jojo
872400;874520;"02, 07";dando aquela abafada
874520;875280;"02";quando precisava
875280;877480;"02";e principalmente a você, Sr. Guaxinim
877480;878740;"02";por essa aventura incrível
878740;882100;"02";com um tema pesado, mas que deve ser abordado
882100;883940;"02";e por esse mundo maravilhoso
883940;885060;"02";que você vem criando
885060;887260;"02";beijinhos científicos a todas
887260;889060;"02";usem máscara higienicamente
889340;890220;"02";utilizem as mãos
890220;892560;"02";e se puderem, fiquem em casa
892560;894260;"02";é verdade, se puder, fiquem em casa
894260;896520;"02";eu fui me arriscar a ir na piscina
896520;898320;"02";e eu quase morri, gente
898320;901120;"02";mas eu tava longe
901120;902180;"02";terceira dose, acabou
902180;905020;"02";mas assim, quase morri no padrão mesmo
905020;906580;"02";muito obrigado
906580;908680;"02";esse episódio ter saído agora
908680;909840;"02";ele tem um motivo
909840;913080;"02";é a balança, sabe
913080;915000;"02";ele saiu depois do episódio de Natal
915000;916480;"02";a ideia realmente
916480;918680;"02";ele saiu depois de uma coisa tão alegre
918680;920000;"02";tava todo mundo tão feliz
920000;922220;"02";assim, porra, eu posso dar uma rasteira nas pessoas
922220;923360;"02";porque
923360;926820;"02";pra não ficar ruim aquela sequência de bad vibe
926820;928060;"02";ou mesmo
928060;930300;"02";é legal aquela sequência de episódio bom
930300;931400;"02";mas aí quando vem o ruim
931400;933280;"02";já te derruba muito mais forte, né
933280;934600;"02, 07";a queda é maior
934600;937920;"02";o próximo episódio tem
937920;940440;"02";assim, eu só não diria
940440;941340;"02";como é que eu posso dizer
941340;944740;"02";o próximo episódio tem jogadores maravilhosos
944740;946140;"02";vai voltar personagem
946140;947760;"02";que vocês amam
947760;948640;"02";ele é todo
948680;949460;"02";maravilhoso
949460;950520;"02";o plot
950520;951920;"02";fora dos jogadores
951920;953720;"02";aquela parte que eles não tem controle
953720;955020;"02";é uma merda
955020;956960;"02";mas assim, todo o resto
956960;958220;"02";ignorar tudo isso
958220;960220;"02";ele é um episódio bem alegre
960220;961540;"02";tipo, sabe
961540;964080;"02";vamos torcer que dê tudo certo no final, né
964080;965880;"02";e o episódio 100
965880;969020;"02";é a minha capela assistindo
969020;969940;"02";com o Zorzal
969940;970740;"02";assim, vamos ver
970740;972080;"02";como é que vai ficar
972080;973560;"02, 05";tô ansiosa
973560;975020;"02, 05";é, esse é o problema
975020;976060;"02";eu criei hype nele
976060;978560;"05";você tá criando hype faz um tempo
978560;979940;"02, 05";é verdade
979940;981520;"02";esse é meu erro
981520;984420;"02";mas vamos lá, lê o próximo comentário
984420;986000;"02, 05";vamos ler o comentário do
986000;987620;"05";Rafael Teixeira
987620;989140;"05";caraca, que episódio
989140;991720;"05";e veio quando eu estava jogando The Witcher 3
991720;993540;"05";fiquei pensando o tempo todo
993540;995640;"05";o que eu como Geraldão
995640;997660;"05";ou Gerald para os mais puristas
997660;999400;"05";faria no lugar dos jogadores
999400;1001560;"05";bom, sobre o episódio, muito bom
1001560;1002540;"05";parabéns por tudo
1002540;1005580;"05";parabéns por todo esse episódio
1005580;1006900;"05";e a todos que participaram
1006900;1008340;"05";desde jogadores, o grande mestre
1008560;1009960;"05";e é um incrível editor
1009960;1011180;"05";duas palavras
1011180;1012620;"05";parabéns
1012620;1014580;"05";gente, o Zorzal faz milagre
1014580;1015920;"05";vocês não tem ideia
1015920;1018000;"02, 05";é verdade, é verdade
1018000;1018700;"02, 05";ele é
1018700;1020140;"05";estou aceitando o biscoito
1020140;1022280;"05";muito obrigada por elogiar os jogadores
1022280;1023660;"02, 05";merecidamente
1023660;1026500;"02, 05";o Zorzal faz um trabalho espetacular
1026500;1028020;"02, 05";eu me ferrei
1028020;1028760;"unknown";por quê?
1029540;1031420;"02, 05";olha o tamanho do passo do comentário
1031420;1032800;"02, 05";Guaxa, você quer que eu leia?
1033320;1033980;"02";não, eu leio
1033980;1034460;"02";a regra
1034460;1036540;"02";eu não vou burlar a regra
1036540;1036840;"05";é
1036840;1038180;"02, 05";assim
1038560;1040800;"02";quando eu perguntei se você queria ler o primeiro ou o segundo
1040800;1042620;"02";eu torci pra te ler o primeiro
1042620;1043200;"02";torci
1043200;1045680;"02";que eu já tinha contado pra chegar nesse
1045680;1046360;"02";mas vamos lá
1046360;1048420;"02";desculpa
1048420;1050740;"02";o próximo comentário é do Gabriel Balardino
1050740;1051340;"02";ele comenta
1051340;1052000;"02";olá Guaxa
1052000;1052860;"02";Guaxate
1052860;1054540;"02";e ouvinte Nins
1054540;1056300;"02";esqueceu o convidado
1056300;1057920;"02";como vão as coisas?
1058060;1058400;"02";vão bem?
1058880;1059920;"02";vão bem por aí, Mel?
1060360;1061340;"05";vão, vão bem sim
1061340;1063380;"02, 05";recebeu visita de gente famosa?
1063680;1064180;"05";recebi
1064180;1065380;"05";da Gilmozinha
1065380;1067480;"02, 05";não consegui comentar nem assistir
1067480;1068380;"02";os últimos Guaxaversos
1068560;1070420;"02";por motivos de mudança de casa
1070420;1071460;"02";e puxa
1071460;1072320;"02";como isso é difícil
1072320;1073860;"02";cara, tu não ouviu o episódio
1073860;1075400;"02";tu fez um comentário que é um TCC
1075400;1076480;"02";é isso que tu tá me dizendo?
1076960;1077500;"02";vamos descobrir
1077500;1078360;"02";é
1078360;1080120;"02";mas hora de voltar a rotina então
1080120;1080960;"02";ah tá, ele voltou a rotina
1080960;1081660;"02";estou aqui pra falar
1081660;1082500;"02";Guaxa
1082500;1083600;"02";como você fez isso
1083600;1086040;"02";no primeiro RPG Guaxa do ano
1086040;1088140;"02";que episódio angustiante
1088140;1089060;"02";é
1089060;1090700;"02";pra vocês entenderem que
1090700;1092180;"02";2022 não vai ser
1092180;1093080;"02";passeio no parque
1093080;1093540;"02";tem
1093540;1094860;"02";eleição
1094860;1096040;"02";tem Copa do Mundo
1096040;1097040;"02";tem
1097040;1097700;"02";o que mais tem?
1097700;1098240;"02, 05";é
1098240;1099520;"05";vai ser um ano difícil
1099520;1100380;"02, 05";é isso
1100380;1101380;"02";nesse que não é bacana
1101380;1101920;"02";eu vou continuar
1101920;1103340;"02";vamos aos spoilers
1103340;1104880;"02";o que houve com os dados?
1105580;1107380;"02";eles abandonaram muito os jogadores
1107380;1107860;"02";é
1107860;1108660;"02";é
1108660;1110060;"02";eles queriam o nosso desespero
1110060;1111220;"02";em provar que o atributo 4
1111220;1112040;"02";não é infalível
1112040;1112960;"02";pode ser
1112960;1114080;"02";eles sentiram
1114080;1114900;"02";assim
1114900;1115500;"02";pô meu Deus
1115500;1117320;"02";quanto tempo a Shelly não joga, né?
1117780;1118840;"02";quem são essas pessoas?
1119100;1120200;"02";e daí os dados traíram
1120200;1121200;"02, 05";provavelmente foi isso
1121200;1122020;"02, 05";eu acho
1122020;1123380;"05";que o erro
1123380;1124460;"05";foi não ter
1124460;1126300;"05";alguém atributo 2
1126300;1127440;"05";a verdade é essa
1127440;1128200;"05";é
1128240;1129820;"05";não culpe o atributo 4
1129820;1131820;"05";o atributo 4 é o atributo perfeito
1131820;1132600;"05";mas
1132600;1134060;"05";ninguém é perfeito sozinho
1134060;1134860;"05";a gente precisa de
1134860;1135680;"05";outras pessoas
1135680;1136620;"05";pra nos ajudar
1136620;1138560;"02, 05";é que é aquela sacanagem, né?
1138680;1139600;"02";eu dou o brief
1139600;1140440;"02";da aventura
1140440;1141420;"02";olha só
1141420;1143160;"02";vocês caçam monstros
1143160;1144080;"02";coisa simples
1144080;1145120;"02";é ir no mato
1145120;1145900;"02";mata o bicho
1145900;1146460;"02";fechou
1146460;1147040;"02";isso aí
1147040;1147840;"02";aí as pessoas pensam
1147840;1149560;"02";porra, vou botar o atributo lá em cima
1149560;1151420;"02";quem precisa investigar
1151420;1152580;"02";é só matar o bicho
1152580;1153120;"02";e voltar
1153120;1154020;"02";crau
1154020;1155080;"02";toma o
1155080;1156140;"02";exatamente
1156140;1157120;"02";a aventura de investigação
1157120;1160280;"02";eu me senti assistindo
1160280;1161300;"02";à espera de um milagre
1161300;1163040;"02";torcendo para algo acontecer
1163040;1164740;"02";pra salvar a criatura dócil e boa
1164740;1165960;"02";que inferno
1165960;1167140;"02";pareceu tão real
1167140;1168480;"02, 07";dito isso
1168480;1169360;"02";eu amei o episódio
1169360;1170600;"02";o comprometimento dos jogadores
1170600;1171720;"02";foi espetacular
1171720;1173760;"02";dava pra sentir a angústia deles
1173760;1174560;"02";nas decisões
1174560;1176500;"02";mas eles contaram a história
1176500;1177700;"02";que estava ali
1177700;1178960;"02";pra ser contada
1178960;1180420;"02";eu imagino
1180420;1181320;"02";eu não ouvi ainda
1181320;1182640;"02";os extras desse episódio
1182640;1184040;"02";mas eu imagino
1184040;1184860;"02";que deve ter lá
1184860;1185820;"02";parte deles falando
1185820;1186760;"02";não, eu sei
1186760;1187100;"02";eu sei
1187120;1188700;"02";eu sei que eu não devo fazer isso
1188700;1190380;"02";mas meu personagem não
1190380;1191600;"02";e eu ataco
1191600;1192040;"02";sabe
1192040;1192800;"02";coisas que
1192800;1194060;"02, 05";eu juro que eu fiquei
1194060;1195180;"02, 05";muito tempo
1195180;1196840;"05";tentando achar brechas
1196840;1197420;"05";pra
1197420;1198720;"05";pra Ioliana
1198720;1200220;"05";não matar o bicho
1200220;1201080;"05";ou não atacar
1201080;1202080;"05";mas não tinha
1202080;1202840;"05";ou
1202840;1204300;"05";as informações que ela tinha
1204300;1204940;"05";levava
1204940;1205740;"05";a
1205740;1206700;"05";atacar o bicho
1206700;1207020;"05";então
1207020;1208120;"02, 05";não tem muito o que fazer
1208120;1208840;"02, 05";eu vou te dizer
1208840;1210840;"02";que não vai ter o mesmo impacto
1210840;1212660;"02";tanto nos ouvintes
1212660;1213140;"02";quanto
1213140;1213720;"02";em
1213720;1214840;"02";é
1214840;1216200;"02";mais ninguém
1216200;1217100;"02";em qualquer um
1217120;1218480;"02";do que
1218480;1219940;"02";teve nos jogadores
1219940;1221500;"02";de uma outra aventura
1221500;1222460;"02";que esse bicho aparece
1222460;1224140;"02, 07";porque eu gravei
1224140;1224800;"02";uma outra aventura
1224800;1225620;"02";em que este bicho
1225620;1227100;"02";tem uma
1227100;1228400;"02";uma situação
1228400;1229000;"02";com ele
1229000;1230140;"02";e que os jogadores
1230140;1231060;"02";não faziam ideia
1231060;1233000;"02";de onde ele veio
1233000;1233520;"02";tipo
1233520;1233960;"02";se eu fosse jogar
1233960;1234960;"02";uma aventura agora
1234960;1236100;"02";os jogadores já pensavam
1236100;1237320;"02";ah, esse é aquele bicho
1237320;1237840;"02";ele não é
1237840;1239340;"02";foi um barato avô
1239340;1239800;"02";bonito
1239800;1241060;"02";vocês vão ver
1241060;1242060;"02";vocês vão ver
1242060;1243660;"02";uma outra situação
1243660;1244420;"02";futuramente
1244420;1245080;"02, 05";com essa
1245080;1245220;"02, 05";com essa
1245220;1245940;"02, 05";com essa
1245940;1246960;"02, 05";bicho fofoço
1247120;1247320;"02";enfim
1247320;1248320;"02";mas eu
1248320;1249040;"02";pô, eu botei
1249040;1250280;"02";a aparência do Slenderman
1250280;1251260;"02";eu botei criança
1251260;1252580;"02";eu fiz de tudo
1252580;1253340;"02";pra vocês
1253340;1254340;"02";é, porra
1254340;1254640;"02";assim
1254640;1255340;"02";A mais B
1255340;1256140;"02";é ele
1256140;1257020;"02";tem que ser ele
1257020;1257700;"02";é
1257700;1258900;"02";tá
1258900;1260560;"02";podia comentar até
1260560;1260980;"02";do sonho
1260980;1261840;"02";se ninguém perguntar do sonho
1261840;1262680;"02";me lembra de falar do sonho
1262680;1263160;"02";depois
1263160;1264500;"02";no final, Mel
1264500;1265220;"02";vamos continuar
1265220;1266440;"02";vamos às teorias
1266440;1267760;"02";o prefeito já fazia aquilo
1267760;1268420;"02";há muitos anos?
1268660;1268860;"02";sim
1268860;1269960;"02";porque a criatura
1269960;1271160;"02";interviu
1271160;1271980;"02";ele tinha relação
1271980;1272640;"02";com a criança?
1272940;1273940;"02";o prefeito fazia isso
1273940;1274380;"02";há anos?
1274480;1274960;"02";fazia
1274960;1275620;"02";é
1275620;1276640;"02";a esposa
1276640;1277120;"02";deixa
1277120;1278640;"02";meio no ar
1278640;1279820;"02";que o marido
1279820;1281460;"02";ele não era um bom marido
1281460;1282660;"02";e que
1282660;1283880;"02";ele tinha
1283880;1284820;"02";é
1284820;1286520;"02";sofrido alguma coisa
1286520;1287420;"02";muito forte
1287420;1288360;"02";quando era criança
1288360;1289440;"02";com o pai
1289440;1290480;"02";se eu não me engano
1290480;1291380;"02";isso fica explícito
1291380;1292000;"02";no episódio
1292000;1292700;"02";é
1292700;1293920;"02";eram dicas sutis
1293920;1294120;"02";né
1294120;1294880;"02";de que alguma coisa
1294880;1295460;"02";estava errada
1295460;1296820;"02";com o Gael
1296820;1297660;"02";e
1297660;1298960;"02";então ele
1298960;1299540;"02";sim
1299540;1300620;"02";ele dava
1300620;1301720;"02";as balas
1301720;1302760;"02";as fitas
1302760;1304360;"02";ganhava confiança
1304360;1304820;"02";e
1304820;1305600;"02";a
1305600;1306920;"02";era o verdadeiro
1306920;1307100;"02";monstro
1307120;1307720;"02";ali né
1307720;1308940;"02";porque a criatura
1308940;1309620;"02";interviu
1309620;1310980;"02";que eu posso responder
1310980;1312480;"02";a criatura interviu
1312480;1313160;"02";porque viu
1313160;1313860;"02";que estava
1313860;1314860;"02";alguma coisa errada
1314860;1315520;"02";sendo feita
1315520;1316640;"02";ela não conhecia
1316640;1317180;"02";a criança
1317180;1318320;"02";ela não era
1318320;1319560;"02";daquela região
1319560;1320620;"02";originalmente
1320620;1321460;"02";é
1321460;1322860;"02";ela provavelmente
1322860;1324260;"02";estava de passagem
1324260;1324700;"02";quando você
1324700;1325860;"02";encontrá-la novamente
1325860;1327120;"02";vai ser antes
1327120;1327620;"02";e ela vai estar
1327620;1328320;"02";de passagem
1328320;1328660;"02";também
1328660;1330160;"02";ela simplesmente
1330160;1331260;"02";como é dito
1331260;1331880;"02";no episódio
1331880;1332840;"02";as cidades
1332840;1333660;"02";são para as pessoas
1333660;1334460;"02";a floresta
1334460;1335800;"02";são para as criaturas
1335800;1336840;"02";e essa era
1336840;1336980;"02";uma criatura
1336980;1338300;"02";que não se envolvia
1338300;1339560;"02";com cidades
1339560;1340220;"02";com pessoas
1340220;1341260;"02";mas ela viu
1341260;1341820;"02";uma situação
1341820;1343480;"02";em que ela não concordou
1343480;1344620;"02";e daí ela foi
1344620;1345160;"02";para cima
1345160;1346340;"02";tanto que o Gael
1346340;1347080;"02";ela ataca
1347080;1348420;"02";mas a população
1348420;1348980;"02";quando chega
1348980;1349960;"02";para salvar o Gael
1349960;1351360;"02";ela não tinha motivos
1351360;1352340;"02";para atacar a população
1352340;1353500;"02";e ela foge
1353500;1354160;"02";mesmo
1354160;1355380;"02";podendo derrubar
1355380;1355820;"02";mais uns
1355820;1357220;"02";3, 4 sozinha
1357220;1357500;"02";né
1357500;1358940;"02, 07";então foi
1358940;1360000;"02";ela estava
1360000;1361120;"02";na hora certa
1361120;1362520;"02";no lugar certo
1362520;1363780;"02";e conseguiu
1363780;1364460;"02";é
1364460;1365280;"02";quer dizer
1365280;1366280;"02";ela podia ter
1366280;1366780;"02";chegado antes
1366780;1367080;"02";né
1367080;1368200;"02";mas
1368200;1369580;"02";foi o que motivou
1369580;1370120;"02";a história
1370120;1370660;"02";até um fim
1370660;1371240;"02";pelo menos
1371240;1372360;"02";a morte da criatura
1372360;1373320;"02";no fim não foi em vão
1373320;1373520;"02";né
1373520;1374440;"02";ela criou
1374440;1375960;"02";um efeito borboleta
1375960;1376320;"02";uma
1376320;1378740;"02";as peças de dominó
1378740;1379580;"02";começaram a cair
1379580;1380680;"02";para aquela
1380680;1381600;"02";ter sido a última
1381600;1382820;"02";criança
1382820;1383340;"02";que o Gael
1383340;1384100;"02";fez sofrer
1384100;1384220;"02";né
1384220;1385540;"02, 07";esse mundo
1385540;1386020;"02";é onde se passa
1386020;1387220;"02";as suas histórias sombrias
1387220;1387680;"02";sim
1387680;1389620;"02";você deixou isso passar
1389620;1390820;"02";mas existe um portal
1390820;1391280;"02";desse mundo
1391280;1392220;"02";para outros
1392220;1393380;"02";eu vou
1393380;1394560;"02";ficar em silêncio agora
1394560;1395960;"02";e tu me pergunta
1395960;1396320;"02";isso daqui
1396320;1396620;"02";alguns episódios
1396780;1398260;"02";talvez um quadro
1398260;1398900;"02";dentro de um rio
1398900;1399460;"02";não
1399460;1400360;"02";não é um quadro
1400360;1401420;"02";aquela criatura
1401420;1402980;"02";era um ser natural
1402980;1404300;"02";foi magia
1404300;1405160;"02";ou maldição
1405160;1406380;"02";para aquele mundo
1406380;1406960;"02";natural
1406960;1408160;"02";o velho abandonado
1408160;1409260;"02";com certeza morreu
1409260;1409700;"02";não é
1409700;1410360;"02";não
1410360;1411420;"02";a princípio não
1411420;1412620;"02";gostaria que algum
1412620;1413120;"02";dos personagens
1413120;1414180;"02";acabasse cuidando dele
1414180;1415800;"02";mas sei que não aconteceria
1415800;1416860;"02";ele é um velho cego
1416860;1417560;"02";que o filho
1417560;1418960;"02";visita de vez em quando
1418960;1420040;"02";é
1420040;1421220;"02";um dia ele morre
1421220;1422060;"02";de velhice talvez
1422060;1423380;"02";ou atacado por lobos
1423380;1424000;"02";é
1424000;1424440;"02";não sei
1424440;1425560;"02";acaso ele era de madeira
1425560;1426660;"02";eles podem soprar e derrubar
1426660;1426760;"02";né
1426780;1428320;"02";, só de tijolos
1428320;1429660;"02";é a que é imune
1429660;1430120;"02";não sei
1430120;1430680;"02";realmente
1430680;1432480;"02";seria bacana
1432480;1432900;"02";um dia
1432900;1433900;"02";ter o Felipe
1433900;1434680;"02";um velho cego
1434680;1435340;"02";nesse mundo
1435340;1437140;"02";e ver quantos minutos
1437140;1437940;"02";ele iria durar
1437940;1440120;"02";sua história me pareceu
1440120;1441000;"02";muito uma alegoria
1441000;1441900;"02";do capitalismo
1441900;1442800;"02";e do preconceito
1442800;1443700;"02";capacitismo
1443700;1444520;"02";desculpa
1444520;1444780;"02";é
1444780;1446380;"02";tudo passa pelo capitalismo
1446380;1446660;"02";também
1446660;1447300;"07, 02, 01";vamos de novo
1447300;1448640;"02";sua história me pareceu
1448640;1449420;"02";muito uma alegoria
1449420;1450260;"02";do capacitismo
1450260;1451140;"02";e do preconceito
1451140;1451980;"02";totalmente
1451980;1453900;"02";a história é sobre
1453900;1455800;"02";julgar uma aparência
1455800;1456660;"02";o abandono de criança
1456660;1457940;"02";geralmente deficiente
1457940;1458860;"02";aqui também
1458860;1459700;"02";é outra referência
1459700;1460600;"02";além disso né
1460600;1462360;"02";também é uma referência
1462360;1463620;"02";a joia maria
1463620;1465340;"02";num conto original
1465340;1466600;"02";eles são abandonados
1466600;1467220;"02";porque a família
1467220;1468200;"02";não tem como dar comida
1468200;1468660;"02";pra eles
1468660;1469720;"02";então eles são abandonados
1469720;1470580;"02";na floresta
1470580;1471200;"02";é
1471200;1472060;"02";então
1472060;1474260;"02";também é uma referência
1474260;1474620;"02";ali
1474620;1475760;"02";e idosos
1475760;1477000;"02";que daí também é a mesma coisa
1477000;1478220;"02";também é referência
1478220;1479440;"02";do chapeuzinho vermelho
1479440;1480320;"02";mas sim
1480320;1481060;"02";que ainda hoje
1481060;1482340;"02";são coisas comuns
1482340;1483480;"02";o desrespeito
1483480;1484460;"02";e a fala
1484460;1485160;"02";de mulheres
1485160;1486000;"02";o desprezo
1486000;1486640;"02";a dor de cabeça
1486660;1487160;"02";dos pobres
1487160;1487880;"02";silenciados
1487880;1489360;"02";com presentes
1489360;1490280;"02";eu vou te dizer
1490280;1491300;"02";que o episódio
1491300;1491880;"02";acaba passando
1491880;1492640;"02";por tudo isso
1492640;1494500;"02";mas quando eu escrevi
1494500;1495140;"02";a minha ideia
1495140;1495720;"02";era mais
1495720;1496880;"02";simplesmente
1496880;1498440;"02";a questão
1498440;1499880;"02";de julgar o diferente
1499880;1500840;"02";e isso acaba
1500840;1501740;"02";passando por tudo
1501740;1502820;"02";isso que tu falou
1502820;1504380;"02";eu podia dizer
1504380;1504640;"02";não
1504640;1505040;"02";porra
1505040;1505760;"02";pensei em tudo isso
1505760;1506280;"02";sou um gênio
1506280;1507840;"02";mas
1507840;1509040;"02";a minha ideia
1509040;1509920;"02";era mais simples
1509920;1511240;"02";mas no fim
1511240;1512220;"02";até por conta
1512220;1513220;"02";de como os jogadores
1513220;1513920;"02";conduziram
1513920;1514820;"02";de como a história
1514820;1515840;"02";foi se construindo
1515840;1516100;"02";né
1516100;1517280;"02";ela acabou ganhando
1517280;1518140;"02";esses outros tons
1518140;1520120;"02";e isso que é o maravilhoso
1520120;1520640;"02";do RPG
1520640;1521160;"02";dessa história
1521160;1522220;"02";coletiva
1522220;1523160;"02";então sim
1523160;1523880;"02";muito bacana
1523880;1524860;"02";a criatura
1524860;1525800;"02";que por ser diferente
1525800;1526440;"02";ao monstro
1526440;1528160;"02";retrata tanto como
1528160;1529760;"02";várias deficiências
1529760;1530580;"02";são tratadas
1530580;1532320;"02";como os corpos
1532320;1533440;"02";normais
1533440;1534540;"02";definem o que é bom
1534540;1535960;"02";sim
1535960;1536480;"02";como eu falei
1536480;1537360;"02";no Frankenstein
1537360;1538360;"02";por ele ter uma aparência
1538360;1538900;"02";diferente
1538900;1540200;"02";por ter uma cor
1540200;1540680;"02";diferente
1540680;1541760;"02";uma etnia diferente
1541760;1543180;"02";uma sexualidade
1543180;1544640;"02";diferente
1544640;1545640;"02";por ter uma religião
1545640;1546080;"02";diferente
1546100;1547120;"02";é só
1547120;1548080;"02";ser diferente
1548080;1549060;"02";de como
1549060;1550160;"02";a pessoa
1550160;1550760;"02";acaba sendo
1550760;1551960;"02";estigmatizada
1551960;1553460;"02";o monstro
1553460;1554280;"02";tem que ser aquele
1554280;1555300;"02";que parece um monstro
1555300;1556780;"02, 05";não sei se
1556780;1557960;"02";me ajuda Mel
1557960;1558640;"02, 05";não
1558640;1560300;"05";foi
1560300;1561400;"05";foi claro
1561400;1561680;"05";assim
1561680;1562800;"05";deu pra entender
1562800;1563560;"05";porque
1563560;1565420;"05";é muito sobre
1565420;1566140;"05";como a gente
1566140;1567200;"05";se apressa
1567200;1568460;"05";em julgar as pessoas
1568460;1569300;"07, 05";né
1569300;1569720;"07, 05";exato
1569720;1570800;"07, 05";pela aparência
1570800;1571420;"05";pelo jeito
1571420;1572380;"05";como se veste
1572380;1573720;"05";como se comporta
1573720;1574300;"05";por alguma
1574300;1575640;"05";deficiência física
1575640;1576960;"05";como a gente julga
1576960;1577640;"05";o diferente
1577640;1579180;"05";e sempre tem medo
1579180;1580600;"05";do que é diferente
1580600;1581200;"05";então
1581200;1583020;"05";deu pra entender
1583020;1583400;"05";sim
1583400;1585200;"02, 05";ele continua
1585200;1585780;"02";que história
1585780;1586640;"02";agridoce
1586640;1587300;"02";dramática
1587300;1588800;"02";e que faz pensar
1588800;1589920;"02";como as caquitas
1589920;1590560;"02";colocam
1590560;1591900;"02";RPG nem sempre
1591900;1592720;"02";precisa ser legal
1592720;1594320;"02";e alto astral
1594320;1595260;"02";é verdade
1595260;1596000;"02";a ideia
1596000;1596660;"02";o RPG
1596660;1597720;"02";sempre se propôs
1597720;1598860;"02";a contar uma história
1598860;1600200;"02";obviamente
1600200;1601140;"02";que os jogadores
1601140;1602120;"02";do fim se sintam
1602120;1603540;"02";que gostem
1603540;1604080;"02";tipo
1604080;1605260;"02";eu imagino
1605260;1605620;"02";que a Mel
1605640;1606000;"02";gostou
1606000;1607000;"02";o próprio Patrick
1607000;1607760;"02";botou lá atrás
1607760;1609000;"02";que foi a aventura
1609000;1609620;"02";que ele mais gostou
1609620;1610000;"02";de jogar
1610000;1610940;"02";ele não gostou
1610940;1611180;"02";de jogar
1611180;1611900;"02";porque no fim
1611900;1612900;"02";ele falhou
1612900;1613940;"02";mas porque
1613940;1615180;"02";o trajeto
1615180;1615460;"02";que ele
1615460;1616840;"02";a jornada
1616840;1617180;"02";né
1617180;1619660;"02";que ele teve ali
1619660;1620520;"02";acabou
1620520;1621900;"02";impactando ele
1621900;1622240;"02";então
1622240;1623300;"02";sim
1623300;1624700;"02";eu acho que
1624700;1625580;"02";o RPG
1625580;1626540;"02";é
1626540;1627920;"02";é sobre pessoas
1627920;1629080;"02";contando uma história
1629080;1630560;"02";é sobre partilhar
1630560;1631620;"02";tu tá partilhando
1631620;1632380;"02";alguma coisa
1632380;1633500;"02";às vezes uma alegria
1633500;1634260;"02";às vezes
1634260;1635400;"02";é
1635400;1637800;"02";um momento
1637800;1638640;"02";diferente né
1638640;1640300;"02, 07";a carga emocional
1640300;1640720;"02";e o impacto
1640720;1641180;"02";desse episódio
1641180;1641680;"02";é incrível
1641680;1642840;"02";e mexe muito
1642840;1643280;"02";chorei
1643280;1643720;"02";sim
1643720;1644940;"02";e foi bom isso
1644940;1645760;"02";que legal cara
1645760;1646500;"02";que legal mesmo
1646500;1647540;"02";no mais agradecer
1647540;1648020;"02";mais uma vez
1648020;1648420;"02";a você
1648420;1648980;"02";aos jogadores
1648980;1649640;"02";que são pessoas
1649640;1650540;"02";maravilhosas
1650540;1651020;"02";é verdade
1651020;1652160;"02";e ao editor
1652160;1653160;"02";também outra pessoa
1653160;1653600;"02";maravilhosa
1653600;1654700;"02";é que o Guaxaver
1654700;1655880;"02";se expanda cada vez mais
1655880;1657160;"02";e seguiremos juntos
1657160;1657660;"02";nesse
1657660;1659400;"02";seu crescimento
1659400;1660640;"02";um beijo para todos
1660640;1661440;"02";e saudações
1661440;1661920;"02";ao grande
1661920;1662880;"02";Guaxinim Galáctico
1662880;1663360;"02";muito obrigado
1663360;1663540;"02";querido
1663540;1663960;"02";muito obrigado
1663960;1664900;"02";pelo seu comentário
1664900;1665260;"02";gigantesco
1665400;1666880;"02";mas foi tão
1666880;1667720;"02";tão fofinho
1667720;1668400;"02";que eu não vou ficar bravo
1668400;1668960;"02";contigo não
1668960;1670020;"05";podemos ler
1670020;1670860;"05";o próximo
1670860;1671580;"02, 01, 05";por favor
1671580;1673160;"02, 05";agora é o comentário
1673160;1674520;"05";do João Matias
1674520;1675800;"05";olá Guaxa
1675800;1676520;"05";Guaxate
1676520;1677740;"05";possível convidado
1677740;1678580;"05";sou eu
1678580;1680000;"05";e Guaxa Ouvintes
1680000;1681820;"05";ou Ouvintinins
1681820;1682520;"05";eu prefiro
1682520;1683400;"02, 05";Guaxa Ouvintes
1683400;1683900;"02, 05";eu prefiro
1683900;1684680;"02, 05";Guaxa Ouvintes
1684680;1686320;"02";eu gosto de Ouvintinins
1686320;1686800;"02, 05";mas
1686800;1687700;"02, 05";é que falar
1687700;1688360;"02, 05";dá quebra
1688360;1688720;"02, 05";então
1688720;1690040;"05";mas falar Ouvintinins
1690040;1690440;"05";rápido
1690440;1691100;"05";várias vezes
1691100;1692620;"05";você enrola a língua
1692620;1693940;"02";eu errei Caio
1693940;1695320;"02";eu errei
1695320;1695680;"02";Belo
1695680;1697300;"02";eu errei Belo
1697300;1697680;"02";já
1697680;1698860;"02, 05";é ok
1698860;1699280;"02, 05";Belo
1699280;1700660;"02";são quatro letras
1700660;1701040;"02";sabe
1701040;1703280;"02";a maluja escreve
1703280;1703640;"02";Belo
1703640;1705520;"02, 05";sabe
1705520;1707080;"02, 05";e você ainda assim
1707080;1708820;"05";prefere Ouvintinins
1708820;1709300;"02, 05";é
1709300;1710420;"02";eu gosto de desafios
1710420;1710980;"02, 05";isso aí
1710980;1712420;"05";bom saber Guaxa
1712420;1715320;"05";fica aí o questionamento
1715320;1716820;"05";que episódio incrível
1716820;1718580;"05";ele tem uma vibe pesada
1718580;1719420;"05";angustiante
1719420;1720520;"05";mas ao mesmo tempo
1720520;1721440;"05";prende atenção
1721440;1722620;"05";enquanto toca em temas
1722620;1723380;"05";delicados
1723380;1724760;"05";que devem ser trazidos
1724760;1725240;"05";à tona
1725240;1725300;"05";eu não sei
1725320;1726380;"05";é um episódio
1726380;1727120;"05";antes de tudo
1727120;1728060;"05";necessário
1728060;1728960;"05";pelas reflexões
1728960;1729760;"05";que carrega
1729760;1730880;"05";isso é verdade
1730880;1731900;"05";é
1731900;1733420;"05";aí tem uma partezinha
1733420;1734040;"05";com spoiler
1734040;1734700;"05";que é
1734700;1735540;"05";e vou te dizer
1735540;1736380;"05";que eu nunca torci
1736380;1737120;"05";tanto
1737120;1738700;"05";contra as rolagens
1738700;1739400;"05";dos jogadores
1739400;1740380;"05";quanto fiz
1740380;1741140;"05";nesse episódio
1741140;1742120;"05";nesse episódio
1742120;1742760;"05";no combate
1742760;1743620;"05";contra a criatura
1743620;1744900;"05";eu vou te dizer
1744900;1746100;"05";que eu tava torcendo
1746100;1746700;"05";pra errar
1746700;1747320;"05";tava torcendo
1747320;1748320;"05";pra todo mundo errar
1748320;1750160;"05";pro bicho ficar calmo
1750160;1751100;"05";conversar com a gente
1751100;1751520;"05";sei lá
1751520;1752220;"05";porque
1752220;1753900;"05";doeu o coração
1753900;1754720;"05";matar
1754720;1755300;"05";e
1785320;1785840;"05";,
1785840;1787040;"05";pra quem puder
1787040;1788260;"05";e quem quiser
1788260;1789020;"05";apoiar
1789020;1790260;"05";e virar padrinho
1790260;1791200;"05";e,
1791440;1791540;"05";assim,
1792040;1793040;"05";o grupo principal
1793040;1794680;"05";ele é uma loucura
1794680;1795840;"05";é o tempo todo
1795840;1796980;"05";mensagem chegando
1796980;1797560;"05";gente falando
1797560;1798680;"05";de várias coisas
1798680;1799860;"05";agora a gente tem
1799860;1801000;"05";até um jornal
1801000;1802040;"05";no final do dia
1802040;1802600;"05";que resume
1802600;1803880;"05";tudo que aconteceu
1803880;1805520;"05";mas a gente tem
1805520;1807180;"05";muitos grupos
1807180;1808000;"05";paralelos
1808000;1809440;"05";tem grupo de
1809440;1811140;"05";o Taberna Records
1811140;1811700;"05";que a gente
1811700;1812700;"05";antes a gente
1812700;1813420;"05";só ficava fazendo
1813420;1814160;"05";karaokê lá
1814160;1814980;"05";mas agora a gente
1814980;1815300;"05";fala sobre
1815320;1816400;"05";música também
1816400;1817460;"05";as pessoas colocam
1817460;1818700;"05";as experimentações
1818700;1819700;"05";delas com música
1819700;1820900;"05";tem o perrengues
1820900;1821460;"05";e panelas
1821460;1822120;"05";que a gente fala
1822120;1824040;"05";de tudo que envolve
1824040;1825280;"05";casa e
1825280;1826480;"05";perrengues da vida
1826480;1827280;"05";mesmo assim
1827280;1828180;"05";tem o grupo
1828180;1828860;"05";colorido
1828860;1829480;"05";que é
1829480;1830760;"05";é um cantinho
1830760;1831960;"05";cheio de amor
1831960;1832700;"05";na taberna
1832700;1833660;"05";tem o grupo
1833660;1834340;"05";das meninas
1834340;1835440;"05";que se você é uma menina
1835440;1836040;"05";venha pro grupo
1836040;1836580;"05";das meninas
1836580;1837320;"05";é muito legal
1837320;1837860;"05";lá acontece
1837860;1838940;"05";várias coisas
1838940;1840160;"05";várias fofocas
1840160;1840360;"05";tá
1840360;1841740;"05";a gente adora fofoca
1841740;1842740;"05";então assim
1842740;1844080;"02, 05";que edifica a alma
1844080;1845160;"02, 05";edifica muito
1845160;1846620;"05";Muitos, somos todos edificadas
1846620;1849600;"05";E não importa o grupo que você tiver
1849600;1850780;"05";Se você falar
1850780;1852220;"05";Gente, preciso de ajuda
1852220;1853720;"05";Preciso de um conselho
1853720;1856700;"05";Preciso de atenção, preciso de carinho
1856700;1858500;"05";Vai ter sempre alguém
1858500;1860620;"05";A qualquer hora
1860620;1862680;"05";Pra te acolher, pra te dar esse carinho
1862680;1863680;"05";Pra te dar esse conselho
1863680;1866700;"05";Então assim, se você puder, se você tá querendo
1866700;1869540;"05";No meio dessa pandemia doida
1869540;1871380;"05";Um lugar pra se sentir
1871380;1872500;"05";Amado
1872500;1874160;"05";Vem, vem pra taberna
1874160;1876340;"05";Foi o melhor investimento que eu fiz
1876340;1877920;"05";Nos últimos dois anos
1877920;1879480;"02, 05";Fiz a propaganda direitinho
1879480;1882480;"02, 05";Eu fico sem saber o que falar
1882480;1884480;"02, 05";Mas obrigado
1884480;1886040;"02";Isso é legal
1886040;1888940;"02";O grupo principal, ele é tão doido
1888940;1891680;"02";Que tu pensa, porra, é o grupo do Guaxa
1891680;1893180;"02";Lá o Guaxa é o rei
1893180;1894900;"02";Não, quantas vezes eu postei uma pergunta
1894900;1895980;"02";E eu fui ignorado
1895980;1898360;"02, 05";É porque é muita informação
1898360;1900580;"02, 05";Porra, te vira
1900580;1901820;"02";Vai, põe no Google
1901820;1903540;"02";Porque ninguém vai te responder
1903540;1905460;"02";A gente tá em outro debate aqui
1905460;1907020;"02";E vai ficar indo na tua
1907020;1908740;"02";Nos grupos menores
1908740;1911780;"02";Tanto que normalmente eu começo a conversar
1911780;1912560;"02";No grupo de spoiler
1912560;1916000;"02";Porque o grupo de spoiler é o pessoal mais maluco das teorias
1916000;1918120;"02";Aí o pessoal presta mais atenção
1918120;1919060;"02";Do que eu falo
1919060;1920960;"02";Porque eles acham que vão desvendar alguma coisa importante
1920960;1924240;"02";Mas no grupo principal é a loucura
1924240;1925440;"02";E porra, é tão legal
1925440;1926600;"02";O grupo de animes é tão legal
1926600;1928960;"02, 05";É verdade, tem o grupo de animes também
1928960;1930340;"02, 05";Tem, tem muita coisa
1930340;1931800;"02, 05";Tem muita coisa, gente
1931800;1932860;"02, 05";Tem muita coisa
1932860;1933340;"02, 05";Tem muita coisa
1933340;1936060;"02";Mas é isso, vamos voltar pro foco aqui
1936060;1937760;"02";Próximo comentário
1937760;1939300;"02";O meu nome não é Johnny
1939300;1941260;"02";Que é Lucas, né
1941260;1943540;"02";Assim, se não for, problema teu
1943540;1944380;"02";Agora é Lucas
1944380;1948000;"02";Olá, majestade, guaxinim, contador de universos
1948000;1950460;"02, 07";Pô, aí eu vou concorrer com o Danilo Bastino
1950460;1951600;"02";Eu não quero concorrer com o Danilo
1951600;1953140;"02";Mas tá bom, o universo tá bom
1953140;1956140;"02";Boa noite, guaxavintes
1956140;1957760;"02";Cada um muda uma letrinha
1957760;1958840;"02, 05";Mas esse é bom também
1958840;1960460;"02, 05";Guaxavintes
1960460;1962540;"02";É, e guaxates
1963340;1964380;"02";Guaxavidado
1964380;1965360;"02, 05";Obrigada
1965360;1966560;"02, 05";Guaxavidado
1966560;1970160;"02";Só vim fazer alguns elogios à minha majestade
1970160;1971240;"02";Caramba, pô, pessoal
1971240;1972900;"02";Vocês estão exagerando muito
1972900;1974960;"02";Trouxe algumas especiarias de outro reino
1974960;1975800;"02";Fanta laranja
1975800;1977260;"02";E alguns cachorros quentes
1977260;1977580;"02";É bom
1977580;1979120;"02";Outra coisa é
1979120;1980420;"02";Essa criatura é boa
1980420;1982280;"02";Tá, cachorros quentes
1982280;1983240;"02";Ele não usa ponto também
1983240;1983680;"02, 05";Eu entendi
1983680;1985900;"05";E eu acho que isso é um acento
1985900;1986740;"05";Não é?
1987140;1988160;"05";É uma afirmação, tipo
1988160;1990640;"05";Essa criatura é boa ou é uma pergunta?
1991160;1991860;"02";Essa criatura é boa
1991860;1992300;"02";É boa
1992300;1993100;"02, 05";Tá certo
1993340;1995680;"02";Esse mundo tem a ver com o Cavaleiros do Arco-Íris?
1995780;1995960;"02";Não
1995960;1997040;"02";A majestade
1997040;1998260;"02";Ô majestade
1998260;1999180;"02";Ô majestade
1999180;2001180;"02";Você já ouviu a Taverna do Guaxinim?
2001600;2002640;"02";É um podcast muito bom
2002640;2004520;"02";Eu já ouvi alguma coisa de lá
2004520;2005620;"02";Não ouvi tudo
2005620;2007280;"02";Porque eu tô atrasado em tudo
2007280;2009940;"02, 00, 05";Mas eu já ouvi alguma coisa
2009940;2012080;"02";É legal, é as mesas dos padrinhos
2012080;2014120;"02, 05";Ainda é atualizado aquilo ou parou?
2014140;2016000;"02, 05";Eu acho que parou faz um tempo
2016000;2017180;"02, 05";Mas eu não tenho certeza
2017180;2018660;"02, 05";Então talvez eu esteja em dia
2018660;2019160;"02";Não sei
2019160;2021940;"02";Talvez eu esteja certo e a Taverna esteja errada
2021940;2022620;"02";Olha só
2022620;2023320;"02";Eu esteja certo e a Taverna esteja errada
2023340;2024220;"02";Você já ouviu Evangelho?
2024340;2026480;"02";Eu li o mangá há muito tempo atrás
2026480;2028740;"02";Não lembro se ele tinha um final satisfatório
2028740;2029560;"02";Ou um final que seja
2029560;2031900;"02";Eu vi um pedaço do anime
2031900;2034260;"02";E não sei, eu fiquei meio triste
2034260;2035720;"02";E não fui atrás do resto
2035720;2036920;"02";Você já ouviu Evangelho?
2037320;2037700;"05";Eu não
2037700;2042060;"02, 05";Apesar que eu sei a música de entrada
2042060;2044680;"05";Fica muito na minha cabeça
2044680;2047420;"05";Porque eu tive muitos amigos que assistiam
2047420;2049660;"05";Mas eu nunca me interessei por assistir
2049660;2050980;"02, 05";Vamos lá
2050980;2052920;"02";Precisamos fazer uma pausa
2052920;2053320;"02";Nesse podcast
2053340;2056520;"02";Top 3 abertura de anime
2056520;2058860;"02, 05";Qual é o teu top 3?
2059600;2061920;"05";É que eu sou bem
2061920;2063860;"05";Eu assistia mais anime
2063860;2064900;"05";Antigamente
2064900;2065820;"02, 05";Eu vi muita coisa
2065820;2066260;"02, 05";Eu também
2066260;2068560;"02, 05";Eu vou de 90 a 2000
2068560;2071140;"02, 05";Eu assistia muita coisa na Cartoon
2071140;2074300;"05";Mas assim, que eu gosto das músicas
2074300;2075480;"05";Eu gosto muito
2075480;2077580;"05";Eu gosto muito da entrada
2077580;2079680;"05";Do Evangelion
2079680;2080160;"05";Que é
2080160;2082860;"05";Eu não lembro o nome da música
2083340;2085060;"02";Tá tocando na minha cabeça
2085060;2085340;"02, 05";É
2085340;2087120;"02, 05";É maravilhosa
2087120;2087980;"02, 05";Essa mesmo
2087980;2094920;"05";Eu gosto muito
2094920;2096680;"05";Da entrada de
2096680;2098140;"05";Sakura Cardcaptors
2098140;2099600;"02, 05";Não era
2099600;2103760;"02, 05";Assim, a garotinha apaixonada pelo professor adulto
2103760;2104420;"02";Eu nunca
2104420;2106720;"02, 05";Não, mas era o amigo do irmão
2106720;2108280;"02, 05";Não era o professor adulto
2108280;2110880;"02, 05";Mas o amigo do irmão tava mais interessado no irmão
2110880;2111640;"02, 01, 05";Enfim
2111640;2111980;"02, 07, 05";É
2111980;2113180;"07, 05";Mas eu gosto muito do Evangelion
2113180;2113200;"05";Eu gosto muito do Evangelion
2113200;2114000;"05";Eu gosto muito da entrada
2114000;2115160;"05";Eu acho a letra bonitinha
2115160;2116620;"05";E eu gosto de
2116620;2117400;"05";É um
2117400;2118560;"05";É um anime
2118560;2119900;"05";Ele é um Yuri
2119900;2121780;"05";Pouca gente conhece
2121780;2122540;"05";É
2122540;2123200;"05";Ele chama
2123200;2124000;"05";Ele chama
2124000;2126120;"05";Yami Toboshi no Hon Tabibito
2126120;2128620;"05";Eu lembro pouquíssimo sobre
2128620;2131880;"05";Mas a música de entrada é muito boa
2131880;2134000;"05";Então assim, eu gosto bastante
2134000;2134960;"05";Bastante
2134960;2135900;"05";Mas até aí
2135900;2139160;"05";Eu sei de cor as entradas de Dragon Ball, sabe?
2139220;2141260;"02, 05";Que eu ficava assistindo na TV, então
2141260;2143020;"02";Eu escuto muito o Evangelion
2143020;2143900;"02";Muito até hoje
2143900;2146700;"02";Aberturas de Naruto clássico
2146700;2147960;"02";De Bleach
2147960;2151280;"02";Se eu fosse pegar uma de Naruto
2151280;2152500;"02";Sei lá, Haruka Kanata
2152500;2155440;"02";Eu cantava essa música no karaokê
2155440;2157140;"02, 05";Eu não falo nem português
2157140;2159000;"02";Mas eu, porra
2159000;2161460;"02";Eventos de anime, assim, de me esguelar
2161460;2162080;"02, 05";Era maravilhoso
2162080;2163740;"02, 05";Ai, esses eventos de anime, né?
2164620;2165700;"02";Porra, quanto tempo
2165700;2172300;"02";Tem uma da Yui do Bleach
2172300;2172980;"02";Acho que é Life
2172980;2173460;"02";Alguma coisa
2173460;2174100;"02";Acho que é Life
2174100;2175380;"02";Que é maravilhosa
2175380;2176160;"02, 05";Bleach também
2176160;2176760;"02";E...
2202980;2203980;"unknown";, né?
2203980;2205580;"02";Eu nem gosto tanto de Full Metal
2205580;2209000;"02";Mas a abertura de Full Metal é incrível
2209000;2211000;"02, 05";Essa música é maravilhosa
2211000;2212760;"02, 05";Eu lembrei de outra música que eu gostava
2212760;2214080;"02, 05";Acho que é Melissa, se eu não me engano
2214080;2214720;"02, 05";Muito
2214720;2216460;"05";Que era...
2216460;2219800;"05";É que a Netflix, acho, que fez um reboot
2219800;2220900;"05";Sei lá o que eles fizeram
2220900;2223540;"05";Mas do original de Shaman King
2223540;2225900;"05";Eu gostava muito da música de entrada
2225900;2227500;"05";E a música final
2227500;2228960;"05";Era muito boa
2228960;2232200;"05";Do original, não desse remake
2232200;2233620;"05";Que a Netflix fez
2233620;2235100;"02, 05";Inclusive, vocês vão gostar
2235100;2236160;"02, 05";Eu não vi nem o original
2236160;2238340;"02";O Danilo faz muita campanha
2238340;2239300;"02";Que eu assisto ao remake
2239300;2240200;"02, 05";Eu tenho que assistir o remake
2240200;2240680;"02, 05";Não, assiste
2240680;2242160;"05";É bem legal o Shaman King
2242160;2243280;"05";É bem legal mesmo
2243280;2244840;"02, 05";Eu quero dizer
2244840;2246140;"02";O pessoal do chat tá comentando ali
2246140;2247640;"02";Já vamos voltar pra leitura, gente
2247640;2248060;"02";Desculpa
2248060;2249120;"02";Ah, sim, porra
2249120;2250580;"02";Tem o Yuari do One Piece
2250580;2251360;"02";Mas, assim
2251360;2254080;"02";Bleach é o melhor anime do mundo
2254080;2255540;"02";Se tu considerar só as aberturas
2255540;2257140;"02, 00";Se tu considerar o anime em si
2257140;2257640;"02";É...
2257640;2258680;"02";Ah, puta, meu Deus
2258680;2261020;"02";Mas o character design
2261020;2262040;"02";E abertura
2262040;2262180;"02";É muito bom
2262200;2263140;"02";A abertura do Bleach
2263140;2264100;"02";É incomparável
2264100;2265520;"02";A história se perde
2265520;2266700;"02";Depois de duas sagas
2266700;2267920;"02";Mas, porra
2267920;2268900;"02";Era legal
2268900;2270080;"02";Tá, vamos voltar
2270080;2270760;"02, 05";Vamos voltar
2270760;2271340;"02, 05";Vamos voltar
2271340;2272540;"02";Tem que ler o próximo
2272540;2273200;"02";Quem que lê o próximo?
2273260;2273760;"02";É você, né?
2274140;2275200;"05";Sim, sou eu
2275200;2276360;"05";É...
2276360;2276900;"05";Ai, meu Deus
2276900;2277760;"05";Como é que fala esse nome?
2278200;2278620;"05";Vamos lá
2278620;2280360;"05";Eu vou ler o comentário do
2280360;2283820;"05";Franco Frassanito Wolf
2283820;2285380;"05";Eu espero que
2285380;2288480;"05";Eu esteja de acordo com as regras aqui
2288480;2289260;"05";Do Guaxa Versa
2289260;2290300;"05";De falar o seu nome certo
2290300;2291080;"02, 05";Falou certo
2291080;2291260;"02, 05";É
2291260;2292040;"05";Olá, Guaxa
2292040;2293380;"05";Guaxetes
2293380;2294120;"05";Guaxinhos
2294120;2294820;"05";Guaxonas
2294820;2295460;"05";Guaxes
2295460;2296240;"05";Guaxóveis
2296240;2298680;"05";E quem quer que esteja recebendo essa mensagem
2298680;2299600;"05";Tudo bem?
2300120;2301000;"01, 05";Tu te encaixa em qual?
2301500;2302200;"05";Ah, eu...
2302200;2304340;"05";Eu acho que eu sou uma guaxóvem
2304340;2305560;"01, 05";Uma guaxóvem
2305560;2305660;"01, 05";É
2305660;2306160;"01, 05";Tá bom
2306160;2308460;"05";É...
2308460;2308860;"05";Tudo bem?
2309020;2309260;"05";Tudo?
2309580;2310320;"01, 05";Por aqui tá bem também
2310320;2310560;"01, 05";Tudo bem
2310560;2311560;"01, 05";Por aqui tá tudo bem
2311560;2313220;"05";Episódio fantástico
2313220;2315020;"05";Me lembrou muito a pegada a Witcher
2315020;2317300;"05";E a sua variação da White Wolf
2317300;2318120;"05";Bruxeiros
2318120;2319520;"05";Olha, é...
2319520;2321040;"05";Segura a pessoa que comenta Witcher, hein?
2321040;2322040;"05";Tem uma pegada...
2322040;2324420;"05";Tem uma pegada parecida com o episódio de Inuyasha
2324420;2325860;"05";Olha o anime aí
2325860;2327020;"05";Inuyasha eu gostava também
2327020;2329240;"05";Em que o grupo encontra uma aldeia
2329240;2330740;"05";Onde vive um meio yokai
2330740;2332700;"05";Que é linchado pela população local
2332700;2336220;"05";Enquanto ele só quer cultivar ervas medicinais com a sua avó
2336220;2336880;"02";Porra
2336880;2339080;"02";É, eu nunca dei atenção pro Inuyasha
2339080;2340820;"02";Porque eu amava a Rama
2340820;2341680;"02, 05";Ah
2341680;2343900;"02, 07, 05";E Rama, eu vi todo o anime
2343900;2345140;"02";Trezentos episódios
2345140;2346500;"02";E não tem final
2346500;2347660;"02, 07";Nossa
2347660;2349180;"02, 07";Eu fiquei tão puto
2349180;2350280;"02";Tão puto
2350280;2351040;"02";Tipo assim, não tem...
2351040;2351540;"02";Não tem...
2351540;2352580;"02";Eu queria um final de novela
2352580;2354240;"02";Eu queria um casamento, sabe?
2354280;2354860;"02";Um casamento
2354860;2355600;"02, 07";Uma...
2355600;2356900;"02, 07";Pra finalizar, né?
2356900;2357360;"02, 07";É demais
2357360;2359040;"02, 07";Aqui, sangue latino
2359040;2360140;"02";Um casamento
2360140;2361780;"02";Um beijinho, sabe?
2361840;2362020;"02";Assim
2362020;2363040;"02, 05";Só pra dizer, ok
2363040;2364320;"02";Um dia eles vão ficar juntos
2364320;2365060;"02";Sabe?
2365460;2365980;"02";Porra
2365980;2368580;"02, 05";É, é pra isso que a gente lê fanfic, eu acho
2368580;2369500;"02, 05";É...
2369500;2370360;"02";Ok
2370360;2372760;"02, 05";É pra realizar essas coisas
2372760;2375520;"02, 05";Que as mídias originais não entregam pra gente
2375520;2377360;"02";Tu sabe como é que é a história do Rama, né?
2377860;2378260;"02";Não
2378260;2379520;"02";Eu acho que eu...
2379520;2381360;"02, 05";Eu ouvi várias coisas
2381360;2382660;"02, 05";Mas nunca...
2382660;2383640;"02";O personagem principal
2383640;2385900;"02";É um anime de luta, né?
2385980;2387600;"02";De luta exagerada
2387600;2389440;"02, 07";É...
2389440;2390480;"02";O personagem principal
2390480;2392600;"02";Ele caiu numa água especial na China
2392600;2396620;"02";E agora, quando ele é molhado com água quente
2396620;2398820;"02";Com água fria, ele vira mulher
2398820;2400720;"02";E quando ele é molhado com água quente
2400720;2401860;"02";Ele volta a ser homem
2401860;2404060;"02";O pai dele vira panda
2404060;2406120;"02";Aí tem outras personagens
2406120;2408380;"02";O rival dele vira um porco preto
2408380;2410360;"02, 05";Tem outras personagens que viram outras coisas
2410360;2411340;"02, 05";É o Rama meio, né?
2411360;2411860;"05";É o nome
2411860;2413340;"02, 05";É, e...
2413340;2415120;"02";Porra, tem sacadas geniais
2415120;2416300;"02";Tipo, tem a Shampoo
2416300;2418660;"02";Que ela vira uma gatinha quando ela se molha
2418660;2420780;"02";Ela é de uma tribo de Amazonas que
2420780;2423100;"02";Se ela perde uma luta pra um homem
2423100;2424620;"02";Ela tem que casar com ele
2424620;2426980;"02";Se ela perde uma luta pra uma mulher
2426980;2428320;"02";Ela tem que matar essa mulher
2428320;2431060;"02";E ela perde a luta pro Rama homem
2431060;2432020;"02";E pro Rama mulher
2432020;2434260;"02, 07, 05";E ela não sabe que é a mesma pessoa
2434260;2435860;"02";Então se ela vê ele homem
2435860;2437220;"02";Ela tenta agarrar ele
2437220;2438560;"02";Se ela vê ele mulher
2438560;2439660;"02, 05";Ela tenta...
2439660;2440020;"02, 05";Matar
2440020;2440900;"02, 05";Matar
2440900;2442180;"02";E, porra, e daí
2442180;2442880;"02, 05";Esse personagem
2442880;2444920;"02, 05";Como que isso não tem fim, Guaxa?
2445500;2446060;"02";E, assim
2446060;2448280;"02";E a história é que o...
2448280;2450380;"02";O Rama tem que herdar um dojo
2450380;2453740;"02";Pra isso ele tem que casar com uma das três filhas do dono do dojo
2453740;2455940;"02";Tudo indica que é a mais revoltada
2455940;2457260;"02";A mais novinha, etc e tal
2457260;2460220;"02, 05";Mas, tipo, nunca se resolve isso
2460220;2460940;"02, 05";Nossa, cara
2460940;2461960;"02, 05";Que frustrante
2461960;2462720;"02, 05";É
2462720;2463600;"02";Alguém vai dizer
2463600;2464400;"02";Tem um OVA
2464400;2466560;"02";Ou se escondido no Japão
2466560;2467560;"02";Ou sei lá onde
2467560;2468000;"02";Deve...
2468000;2469580;"02";Algum lugar deve ter saído um filme
2469580;2470760;"02";Sei lá, 40 anos depois
2470760;2472120;"02, 05";Resolvendo isso
2472120;2474060;"02, 05";Mas, porra, eu vi o anime e eu me frustrei
2474060;2474900;"02, 05";Puxa vida
2474900;2476540;"02, 05";Mas, assim, é legal?
2476660;2477180;"02";É legal
2477180;2478020;"02";É absurdo
2478020;2478920;"02, 05";Parece bem interessante
2478920;2479680;"02, 05";É absurdo
2479680;2480300;"05";Eu...
2480300;2481700;"05";Minha melhor amiga gostava de ver
2481700;2483360;"05";Eu não era muito de anime
2483360;2484980;"05";Assim, eu ia nos eventos de anime
2484980;2486880;"05";Aí, às vezes, eu perguntava pras pessoas
2486880;2488720;"05";Nossa, é cosplay do quê aquilo?
2489060;2490860;"05";E eu já tive mais de uma pessoa olhando pra mim
2490860;2491300;"05";Falando assim
2491300;2493900;"05";Mas você tem certeza que você veio no evento certo?
2494360;2494500;"05";É
2494500;2495760;"02, 05";Porque eu conheço um pouco
2495760;2496300;"02, 04, 05";É, tipo
2496300;2496960;"02, 05";Tu tá maluca?
2498660;2500240;"05";É mais ou menos isso
2500240;2500740;"05";Mas tudo bem
2500760;2501180;"05";Tudo bem
2501180;2502200;"05";É...
2502200;2503040;"05";Continuando aqui
2503040;2504260;"05";Falando de anime
2504260;2506220;"05";Já ouviu o Troca Equivalente?
2506680;2507160;"02, 05";Você já ouviu?
2507600;2510260;"02";É o podcast sobre Fullmetal da Renata
2510260;2511020;"02, 05";Ah, então
2511020;2511760;"02, 05";Eu não ouvi ainda
2511760;2512980;"02, 05";Olha só
2512980;2513580;"05";Mas?
2513840;2515480;"02";Eu tô há muito tempo sem ver Fullmetal
2515480;2517380;"02";E, como eu falei, não sou tão fã de Fullmetal
2517380;2519020;"02";Porque eu acompanho...
2519020;2520500;"02";Novamente, problema de final
2520500;2523040;"02";Eu acompanhei todo o anime original
2523040;2524640;"02";E ele acaba uma bosta
2524640;2525500;"02";Aí, um dia, eu descobri
2525500;2528100;"02";Que o problema é porque o anime, eles acabaram
2528100;2529100;"02";E o mangá continuou
2529100;2529620;"02, 05";Exato
2529620;2530200;"02";Tipo, no anime
2530200;2532820;"02";Eles inventaram um final que não tem nem no mangá
2532820;2533200;"02";Ele só...
2533200;2533960;"02";Acaba assim, ó
2533960;2535000;"02";Que legal, que bonito
2535000;2536100;"02";Que poético
2536100;2538000;"02";Olha que psicodélico isso aqui
2538000;2538980;"02";E, porra
2538980;2540420;"02";Tem um panda bebê
2540420;2542340;"02";E eu perdi o panda bebê
2542340;2543100;"02, 05";Meu Deus
2543100;2544800;"02, 05";Aí eu tenho que ver o novo Fullmetal
2544800;2545520;"02, 05";É uma loucura
2545520;2545800;"05";É
2545800;2549440;"02, 05";Mas pretendo voltar a ver e ouvir
2549440;2551940;"02, 05";Já me falaram bastante pra assistir Fullmetal
2551940;2553840;"05";Disseram que eu vou gostar
2553840;2554380;"02, 05";Não, é legal
2554380;2555120;"02, 05";Tá aí na lista
2555120;2556780;"02, 07, 05";De coisas a assistir
2556780;2558560;"05";Prometo me tornar padrinho
2558560;2560100;"05";Assim que receber um comentário
2560100;2560180;"05";Só que não é um comentário só
2560200;2560880;"05";Seu por lá
2560880;2563580;"05";Mentira, vão me tornar padrinho de qualquer jeito
2563580;2564820;"02, 05";Ó, meu amigo
2564820;2565800;"02, 05";A reja é
2565800;2566300;"02, 05";Olha só
2566300;2566900;"02, 05";É, vem
2566900;2568560;"05";Vamos virar padrinho
2568560;2569600;"05";Spoiler
2569600;2571180;"05";Durante o sonho
2571180;2572260;"05";Ó, perguntar do sonho
2572260;2574060;"05";Durante o sonho no meio da floresta
2574060;2575960;"05";Eu pensei que iria ocorrer uma ligação
2575960;2577220;"05";Com um outro episódio
2577220;2579320;"05";Onde um certo grupo de RPG
2579320;2581420;"05";Evoca criaturas por acidente
2581420;2582420;"05";Fui tapeado
2582420;2584240;"05";Você quer falar sobre isso ou eu termino?
2584900;2586240;"02";Talvez, talvez
2586240;2589560;"02";Essas criaturas possam vir de um lugar como esse
2589560;2590100;"02";Olha só
2590100;2590660;"02";Talvez
2590660;2592360;"02";Mas não era o caso do sonho
2592360;2592620;"02, 05";É
2592620;2594060;"05";Um forte abraço
2594060;2596220;"05";E parabéns por essa aventura incrível
2596220;2598740;"05";Que vou tomar a liberdade de começar para o meu grupo
2598740;2600180;"07, 05";Ai, vamos torcer pro seu grupo
2600180;2600440;"07, 05";Por favor
2600440;2602220;"05";Ter umas rolagens de dado melhor
2602220;2606600;"05";Certamente vou aproveitar pra fazer uma propaganda do RPG Guaxa pra eles
2606600;2607300;"02, 05";Exatamente
2607300;2608460;"02, 05";É o certo, é o certo
2608460;2610220;"02, 05";Tá certíssimo
2610220;2611940;"02";Muito obrigado pelo seu comentário
2611940;2612500;"02";Eu prometo
2612500;2614060;"02";Eu tô muito atrasado em podcast
2614060;2615600;"02";Mas eu volto a trabalhar
2615600;2617300;"02";Se tudo der errado
2617300;2619340;"02";Eu volto a trabalhar segunda-feira que vem
2620100;2622360;"02";É porque tem dois sorteios da Mega Sena pra acontecer ainda
2622360;2624660;"02, 04, 05";Tá acumulado agora na quarta-feira
2624660;2625580;"02, 05";Tem, tem
2625580;2628360;"02, 05";Eu jogo os mesmos números
2628360;2630520;"02";Há um bilhão de anos
2630520;2632380;"02";E com esses números eu nunca ganhei
2632380;2634140;"02, 05";Então a teoria é que um dia eu ganho
2634140;2635040;"02, 05";Você vai ganhar
2635040;2636800;"02, 07, 05";É sempre os seis números
2636800;2638300;"02, 05";Mas qual a chance de eu ganhar?
2638420;2639000;"02, 05";É 50%
2639000;2641960;"02, 05";Eu e mais alguns padrinhos jogamos juntos
2641960;2643760;"05";Eu acertei um número
2643760;2646940;"02, 05";Os caras juntaram 22 mil reais
2646940;2649180;"02";Pra jogar um bilhete de 15 números
2649180;2649940;"02";E não acertaram nenhum
2650100;2650920;"02";Nossa
2650920;2653960;"02";Sabe, 22 mil reais num bilhete
2653960;2655720;"02";Pra acertar zero número
2655720;2656680;"02";Os caras estão de parabéns
2656680;2658860;"02";É, isso aí é...
2658860;2660260;"02";É, tipo, porra
2660260;2661860;"02, 05";Tem um outro
2661860;2664120;"05";Porque eu acabei baixando o aplicativo
2664120;2665640;"05";Pra fazer aposta e tal
2665640;2668620;"05";Tem um outro que se você não acerta nenhum número
2668620;2669720;"05";Você ganha também
2669720;2671780;"02, 05";Eu acho que eu já contei essa história
2671780;2673060;"02, 05";Mas eu vou contar de novo
2673060;2675900;"02, 05";Antigamente, nesse pra te apostar online
2675900;2677400;"02";Ainda hoje é assim
2677400;2678980;"02, 05";Tu tem que apostar no mínimo 30 reais
2678980;2679340;"02, 05";Isso
2679340;2680060;"02";E daí
2680060;2681300;"02";Eu fazia a aposta
2681300;2683500;"02";Eu aposto sempre seis números
2683500;2684620;"02";Tem mozinha
2684620;2686620;"02";Que daí ela concorre por oito concursos, né?
2686900;2687660;"02";E daí
2687660;2689020;"02";Quando eu comecei a jogar
2689020;2690620;"02";Não era 4,50 ainda
2690620;2692480;"02";Aí não dava 30 reais
2692480;2693720;"02";Faltava, sei lá, 2 reais
2693720;2694740;"02";Aí eu, porra
2694740;2695920;"02";O que eu faço com 2 reais?
2696280;2696780;"02";Aí eu vi
2696780;2698380;"02";Que tinha um negócio chamado
2698380;2700020;"02";Loto Fácil
2700020;2700440;"02";Isso
2700440;2702000;"02";Porra, Loto Fácil
2702000;2705080;"02";Aí eu fiz uma cartelinha desse Loto Fácil
2705080;2707760;"02";E botei junto com as minhas Mega Sena
2707760;2708580;"02";Aí, beleza
2708580;2709060;"02";Esqueci
2709060;2709880;"02";Chegou no dia do sorteio
2709880;2711940;"02";Eu nunca olho à noite
2711940;2713320;"02";O resultado do sorteio
2713320;2714980;"02";Porque eu vou dormir triste?
2715360;2716860;"02, 04";Vou dormir frustrado que eu perdi?
2716880;2717360;"02, 04";Não, imagina
2717360;2717780;"02, 04";Não vou
2717780;2719440;"02";Pô, eu vou dormir sonhando
2719440;2721560;"02";Com aquela mansão que eu vou comprar
2721560;2722060;"02";Né?
2722080;2722500;"02";Isso aí
2722500;2724700;"02";E daí eu acordo
2724700;2726480;"02";Aí eu peguei o celular
2726480;2728920;"02";Abri lá o negócio da loteria
2728920;2730340;"02";Cliquei na
2730340;2731320;"02";Cliquei
2731320;2733220;"02";Conferir jogo da Mega Sena
2733220;2734620;"02";Pretinho escrito assim, ó
2734620;2736980;"02";Concurso não premiado
2736980;2739100;"02";Concorrendo a próximos concursos
2739100;2739560;"02";Uma coisa assim
2739560;2739720;"02";Porque ele é um concurso
2739720;2740700;"02, 07";Porque ele é aquela temozinha
2740700;2742200;"02, 07";Loto Fácil
2742200;2742720;"02";Cliquei
2742720;2744440;"02";Apareceu em amarelo assim, ó
2744440;2745640;"02";Premiado
2745640;2747340;"02";Deu porra
2747340;2748780;"02";É, Loto Fácil
2748780;2749980;"02";Sei que não deve ser muita coisa
2749980;2750900;"02";Mas porra
2750900;2751980;"02";Premiado
2751980;2753600;"02";Aí eu sentei na cama
2753600;2755360;"02";Cliquei no premiado assim
2755360;2758120;"02";É, clica aqui para receber seu prêmio, né?
2758580;2759820;"02";Era tipo 4 reais
2759820;2763860;"02, 05";Olha, mas pelo menos você dobrou o que você investiu
2763860;2767200;"02, 05";Vamos continuar lendo aqui o
2767200;2769160;"02";Próximo comentário
2769160;2769700;"02";Próximo comentário
2769720;2770420;"02";É da Ju
2770420;2773500;"02";Oi Guaxinha, Mel e Guaxate
2773500;2774020;"02";Como é que ela sabe?
2774040;2775740;"02";Ah, foi uma hora atrás, ela já sabia
2775740;2778880;"02";Ela faz parte da equipe que cuida do Instagram
2778880;2780300;"02";Pessoas maravilhosas
2780300;2781760;"02, 05";Olha só
2781760;2784620;"02";E daí eu tinha comentado que tinha convidado a Mel
2784620;2787000;"02, 05";Foi por isso que ela veio perguntar pra mim
2787000;2788420;"05";No privado, ela falou assim
2788420;2789760;"05";Vai ter Guaxaverso hoje?
2789800;2791200;"05";Eu só mandei assim, vai
2791200;2793120;"02, 05";Não sabia se podia falar
2793120;2794560;"02, 01, 05";Ela tem informações privilegiadas
2794560;2797520;"02, 01, 05";É a pessoa quando é famosinha, né?
2797840;2798840;"02, 05";Essas coisas acontecem
2798840;2799600;"02, 05";E fica
2799720;2800700;"02";E fica registrado
2800700;2802920;"02";Ela começou a ajudar no Instagram
2802920;2804660;"02";Acho que foi esse ano, no final do ano passado
2804660;2806620;"02";Ela já tinha gravado mil episódios
2806620;2809200;"02";Ela não gravou mil episódios porque ela ajudava no Instagram
2809200;2810020;"02";Sabe?
2810080;2812660;"02, 05";Ela já tinha gravado antes que alguém acuse de alguma coisa
2812660;2813080;"02, 05";É, não
2813080;2815380;"05";Os próximos episódios é por causa disso
2815380;2816180;"05";Os de antes, não
2816180;2818020;"02, 05";É, não sei
2818020;2819200;"02";Vamos lá
2819200;2821180;"02";Primeiro trago biscoitos ao narrador
2821180;2822100;"02";Eu, obrigado
2822100;2823220;"02";Aos jogadores
2823220;2824120;"02";Obrigada, Ju
2824120;2825140;"02";Ao editor
2825140;2826960;"02";É, o editor também merece biscoito
2826960;2829440;"02";Mel, Jojo e Tiki mandaram muito bem
2829440;2829700;"02";Obrigada, Ju
2829720;2830300;"02";Obrigada
2830300;2832220;"02";Gostei bastante da história e do ambiente
2832220;2834860;"02";Podemos dizer que o ano começou com um episódio pesado
2834860;2836280;"02";E maravilhoso, sim
2836280;2838280;"02";Como eu falei, vai equilibrar
2838280;2842400;"02";Acrescento que o final da mesa e o escudo do mestre me deixaram um pouco mais calma
2842400;2842800;"02";Que bom
2842800;2845520;"02";Quanto à criatura, veremos mais a respeito dela, sim
2845520;2847480;"02";Há vínculos com outros episódios?
2847840;2848200;"02";Sim
2848200;2850760;"02";Qualquer episódio que tenha contos infantis
2850760;2852180;"02";Provavelmente é deste mundo
2852180;2854120;"02";E episódio 101
2854120;2856840;"02";Vocês vão sentir mais um pouco dessa realidade
2856840;2858780;"02";Obrigado pelo maravilhoso podcast
2858780;2859600;"02";E até mais
2859600;2860900;"02";Beijinhos, beijinhos, querida
2860900;2862300;"02";Muito obrigado pelo seu comentário
2862300;2864220;"02, 07, 05";Olha só, Mel
2864220;2868060;"02";O próximo tem que ler da maneira pro pessoal marcar o bingo
2868060;2868780;"02, 05";Tá bom
2868780;2871400;"05";Só comentando um pouquinho antes
2871400;2876840;"02, 05";Você disse que tem relação com episódios que tem contos infantis
2876840;2879140;"05";O Era Uma Vez Três Crianças
2879140;2881580;"05";Tá no meu top 10 de episódios
2881580;2883380;"02, 05";Eu gosto muito daquele episódio
2883380;2884380;"02, 05";Eu gosto muito daquele episódio
2884380;2885620;"02, 05";Muito, muito, muito
2885620;2889140;"05";E foi o episódio onde eu me apaixonei pela voz da Agatha
2889600;2891220;"01, 05";Agatha é incrível
2891220;2894280;"07, 01, 05";Esse episódio eu escutei e falei
2894280;2896440;"01, 05";Que menina maravilhosa
2896440;2898940;"02, 05";Agatha tá no episódio 100
2898940;2900580;"02, 05";Tô ansiosíssima
2900580;2902180;"05";Eu vou escutar por causa disso, tá?
2903340;2904860;"02, 05";Vamos lá
2904860;2907160;"05";Todê existindo
2907160;2908740;"05";Não desista, Todê
2908740;2911980;"05";Ouvindo Guaxaverso agora
2911980;2914920;"05";E prestes a ouvir o primeiro RPG Guaxa do ano
2914920;2915900;"05";Olá, pessoal
2915900;2916740;"05";Não desistam
2916740;2918060;"05";Mudanças vem aí
2918060;2919420;"05";Ops, spoiler
2919420;2920980;"05";E só isso?
2921480;2922040;"05";Que...
2922040;2922500;"05";Meu Deus
2922500;2924380;"02, 05";Que comentário é esse?
2924820;2925720;"02";Ele não viu o episódio
2925720;2926880;"02, 05";Meu Deus, Todê
2926880;2928340;"02, 05";Como você faz isso?
2929560;2931700;"02";Ele veio aqui pra mostrar que ele não desistiu
2931700;2932660;"02, 05";Que bom
2932660;2933760;"05";Ficamos felizes
2933760;2936320;"05";Mais um 2022 com o Todê aí
2936320;2938640;"02, 05";Uma coisa que me perguntaram em algum outro lugar
2938640;2941200;"02";No Twitter ou no grupo dos padrinhos
2941200;2942900;"02";A questão do sonho
2942900;2946560;"02";O sonho era um caminho de fitas que levava até um monstro
2946560;2948220;"02";Meio sonhador ali
2948220;2949160;"02";A dica do sonho é que o sonho é um caminho de fitas
2949160;2950980;"02";A dica do sonho não era um monstro
2950980;2956100;"02";A dica do sonho era que as fitas eram o caminho pra chegar no monstro
2956100;2958340;"02";Tu tinha que investigar as fitas
2958340;2960220;"02";Pra chegar no monstro
2960220;2962580;"02, 07";A ideia do sonho era essa
2962580;2963860;"02";As fitas
2963860;2965480;"02";O principal ali
2965480;2966160;"02";No fim ficaram
2966160;2966700;"02";Porra, é um monstro
2966700;2968040;"02";Olha só, a gente viu um monstro
2968040;2968800;"02, 07";Então é um monstro
2968800;2970500;"02, 07";Tipo, isso já era óbvio
2970500;2971700;"02";Não
2971700;2974440;"02";Que o monstro era o monstro já era óbvio
2974440;2976460;"02";A ideia do sonho não era essa
2976460;2979140;"02";A ideia do sonho era mostrar que o caminho era as fitas
2979160;2980140;"02";Que tinha que
2980140;2983600;"02, 05";Se tu soubesse de onde vem e pra onde vão as fitas
2983600;2985860;"02, 05";Tu entenderia que ele é um monstro
2985860;2987120;"02";Tava lá
2987120;2988760;"02, 05";Tava lá
2988760;2992960;"02, 05";Você confiou muito na gente
2992960;2994480;"05";Ai meu Deus do céu
2994480;2995780;"05";Eu vou culpar o Jojo
2995780;2996840;"05";É isso
2996840;2999060;"02, 05";Estava fazendo outra coisa
2999060;3000980;"02, 05";Enquanto a gente gravava
3000980;3003600;"05";É verdade
3003600;3006240;"05";O Jojo tava fazendo outra coisa
3006240;3007560;"02";Espero que esteja no zero
3007560;3009000;"02";O Zorzal protege muito o Jojo
3009160;3010540;"02, 05";É, então
3010540;3011520;"02";Eu perguntei
3011520;3012640;"02";Zorzal
3012640;3014740;"02";É pra banir o Jojo das gravações
3014740;3015500;"02";Não, que isso
3015500;3017540;"02";A gente pode expor, Zorzal
3017540;3021480;"02";Mel, qual é o personagem que tu jogou o teu favorito?
3021840;3022620;"05";Que eu joguei?
3022740;3023600;"05";Meu favorito?
3024080;3024320;"02";É
3024320;3026800;"02, 05";Eu gosto muito de
3026800;3028680;"05";Apesar de ter
3028680;3031100;"05";Bastante aventuras assim mais sérias
3031100;3032380;"05";Das que eu joguei
3032380;3034120;"05";Eu gosto muito de comédias, né?
3034600;3035200;"05";Então
3035200;3038140;"05";Eu acho que é a
3038140;3038940;"05";A
3038940;3039040;"05";A
3039040;3039060;"05";A
3039060;3039080;"05";A
3039080;3039100;"05";A
3039100;3039140;"05";A
3039140;3039160;"05";A
3039160;3039260;"05";A
3039260;3039280;"05";A
3039280;3039300;"05";A
3039300;3039320;"05";A
3039320;3039340;"05";A
3039340;3039400;"05";A
3039400;3039420;"05";A
3039420;3039440;"05";A
3039440;3039460;"05";A
3039460;3039480;"05";A
3039480;3039600;"05";A
3039600;3039620;"05";A
3039620;3039660;"05";A
3039660;3039680;"05";A
3039680;3039700;"05";A
3039700;3039720;"05";A
3039720;3039740;"05";A
3039740;3039800;"05";A
3039800;3039840;"05";A
3039840;3039880;"05";A
3039880;3039960;"05";A
3039960;3039980;"05";A
3039980;3040000;"05";A
3040000;3040020;"05";A
3040020;3040040;"05";A
3040040;3040060;"05";A
3040060;3040080;"05";A
3040080;3040100;"05";A
3040100;3041720;"05";A
3041720;3042080;"05";A
3042080;3042220;"unknown";A
3042220;3042260;"unknown";A
3042260;3042280;"unknown";A
3042280;3042380;"05";A
3042380;3042420;"05";A
3042420;3042480;"05";A
3042480;3042520;"05";A
3042520;3042540;"05";A
3042540;3042620;"05";A
3042620;3042780;"05";A
3042780;3042940;"02, 05";A
3042940;3042960;"02";A
3042960;3042980;"02";A
3042980;3043020;"02";A
3043020;3043100;"02";A
3043100;3043200;"02";A
3043200;3043220;"02";A
3043220;3043240;"02";A
3043240;3043340;"02, 05";A
3043340;3043380;"05";Essa
3043380;3045900;"02, 05";Essa é o teu personagem favorito?
3046600;3048180;"02";Dos episódios do RPG Watch
3048180;3049360;"02";Qual é o teu episódio favorito?
3049600;3050780;"02";Tenta o jogado ou não
3050780;3051380;"02, 05";Ah
3051380;3052400;"05";O
3052400;3055060;"05";Ah, essa é a camiseta de falar um que eu joguei
3055060;3055760;"05";Mas eu
3055760;3057740;"05";Ainda tá no meu coração
3057740;3060820;"05";O Pão, a Margarina e o Meteoro
3060820;3062000;"02, 05";Não vai ganhar
3062000;3063200;"02";Nem pra puta
3063200;3065560;"02";Tô muito triste que ele não vai ganhar a votação
3065560;3067600;"02";Tá tendo votação no Twitter
3067600;3069220;"02";Não sei se vai dar tempo se vocês votarem
3069220;3072040;"02";O episódio do ano, esse episódio tinha que ganhar
3072040;3075100;"02, 05";O episódio do Pão
3075100;3076540;"05";É um episódio muito forte
3076540;3078720;"05";Eu gostei bastante de jogar ele
3078720;3079720;"02, 05";Bastante mesmo
3079720;3080920;"02, 05";Qual teu atributo favorito?
3080920;3082600;"02, 05";Ah, quatro, com certeza
3082600;3084760;"02, 05";Teu NPC favorito?
3084760;3086820;"05";A avó Titi
3086820;3087720;"05";Que eu fiz
3087720;3089780;"02, 01, 05";A avó Titi, pô, que legal
3089780;3091380;"02, 01, 05";Eu gosto muito desse episódio
3091380;3095300;"02, 05";Presta atenção, que pessoa que já jogou RPG Guaxa
3095300;3096960;"02";Nunca jogou contigo
3096960;3098800;"02";Um RPG Guaxa, ela pode ter jogado em outro lugar
3098800;3101120;"02";Tu queria gravar um RPG Guaxa?
3101240;3101780;"05";A Agatha
3101780;3104160;"02, 05";Nunca jogou com ela no RPG Guaxa?
3104200;3105240;"05";No RPG Guaxa não
3105240;3106340;"02, 05";Mas fora já
3106340;3106920;"02, 05";Fora já
3106920;3109100;"02, 05";Eu joguei sim
3109100;3112400;"05";Fechou a entrevista? O Bate-Bola Jogo Rápido?
3112900;3113740;"02";Eu acho que são essas
3113740;3114520;"02";Eu tenho que anotar
3114520;3115520;"02";Eu tinha que anotar
3115520;3118320;"02, 05";Você vai ter gravado essas respostas, então
3118320;3121080;"02, 05";É, não, mas eu tinha que anotar pra fazer as mesmas perguntas sempre
3121080;3122660;"02";E eu não faço, eu faço perguntas diferentes
3122660;3123600;"02";Sabe, eu acho
3123600;3125560;"02";Um dia isso fica
3125560;3128760;"02";Esse episódio ficou meio Guaxa verso, meio anime
3128760;3129280;"02";Sabe?
3129660;3130600;"02";Eu não sei
3130600;3144500;"07, 02, 00";Lembrar vocês que nós estamos aqui
3144520;3147720;"02";O nosso querido padrinho Bardo lançou seu livro lá na Amazon
3147720;3149520;"02";O livro se chama A Floresta
3149520;3150640;"02";Outono, né?
3150960;3152540;"02";O autor Anderson Palma
3152540;3153600;"02";O link tá aqui no post
3153600;3155460;"02";Em uma vila afastada do reino
3155460;3156840;"02";Um garoto, Leonardo
3156840;3160420;"02";Inicia uma aventura em uma floresta na qual vivem criaturas fantásticas
3160420;3163780;"02";Tais seres sempre foram protagonistas das histórias que seu avô contava
3163780;3166360;"02";Léo descobre que não só de lendas vive a floresta
3166360;3170020;"02";E que uma profecia envolvendo pode mudar tudo por ali
3170020;3173780;"02";Não estou ganhando nada pra divulgar este livro
3173780;3174500;"02";Estou lendo um livro que eu acho que é muito bom
3174520;3176380;"02";Estou lendo ele ainda, estou gostando bastante
3176380;3178520;"02";Tem o link das canecas do RPG Guaxa
3178520;3179640;"02";Aí sim eu ganho alguma coisa
3179640;3183080;"02";Tem o link dos nossos parceiros aqui no post também
3183080;3185040;"02";Eu continuo de férias, peço desculpa
3185040;3187040;"02";No próximo Guaxa Verso eu leio o nome
3187040;3188880;"02";Dos padrinhos novos que entraram
3188880;3190600;"02";Do final do ano passado pra cá
3190600;3192380;"02";Mas por enquanto é muita gente
3192380;3195140;"02";Como você pode ver, a minha voz não está me ajudando muito
3195140;3196660;"02";Beijo no coração de vocês
3196660;3198820;"02";Lembrem que esse projeto incrível
3198820;3200700;"02";Só existe porque temos ouvintes maravilhosos
3200700;3202860;"02";Que estão sempre divulgando e recomendando
3202860;3204200;"02";Para seus amigos episódios
3204200;3205740;"02";E principalmente padrinhos
3205740;3207940;"02";Que ajudam a pagar os nossos editores
3207940;3209600;"02";Que ajudam a manter esse projeto
3209600;3211780;"02";Sem falhar direto
3211780;3214660;"02";Então seja nosso padrinho se puder
3214660;3217140;"02";Se não puder divulgue isso para seus amigos
3217140;3218760;"02";Ajude a espalhar a palavra
3218760;3221700;"02";Pois sem você o Guaxa Verso não existe
3221700;3222880;"02";Na verdade
3222880;3224620;"02";O Guaxa Verso não existe
3234200;3236360;"02";A criatura então
3236360;3238320;"02";Faz um barulho de lobo
3238320;3239540;"02";Te vira editor
3239540;3242360;"02, 07";Mas nunca chegamos a nada
3242360;3245000;"02";Até que a última menina
3245000;3248860;"02";Deixa eu pegar um nome que não seja tão simples
3248860;3251220;"02";Sempre vai cair no nome da mãe de alguém
3251220;3252700;"02";Eu sempre fico chateado com isso
3252700;3254240;"02, 06";The Witcher, Yennefer
3254240;3256360;"06";Porra, mas aí
3256360;3259120;"06, 03";Unsighted, põe Zeferina
3259120;3259700;"03, 06";Não
3259700;3262680;"06, 04, 03";Zeferina é o nome da pessoa que nasceu
3262680;3263400;"03, 06, 04";Põe Dimitri
3263400;3263740;"03, 04";Yennefer
3264200;3265400;"06";Dimitri
3265400;3268460;"06, 04, 03";É o nome da minha prima
3268460;3269340;"03, 04";Yente
3269340;3274540;"02, 03, 04";Foi ela botando a família dela
3274540;3275440;"02";Como uma menina morta
3275440;3277980;"02, 03, 06";O que eu falei
3277980;3279900;"06";Cara, talvez
3279900;3281500;"06";Eu adoro esse filme
3281500;3285080;"03, 06, 04";É porque você pediu um nome
3285080;3286340;"04";Que não era da mãe de alguém
3286340;3288500;"04";Dimitri não é o nome da mãe de ninguém
3288500;3291360;"06, 04";Ainda né, seu primo dia talvez seja mãe
3291360;3293280;"04";É, mas ainda
3293280;3294180;"04, 05";Entendo
3294180;3296280;"04, 05";É uma situação um pouco
3296280;3297620;"04, 05";Preocupante
3297620;3300100;"05";Deixa o carro passar
3300100;3302400;"04, 05";Não, uma moto
3302400;3304000;"02, 04";Uma moto, pelo amor de Deus
3304000;3306100;"02, 03";Essa chave tranca um quarto?
3307980;3309180;"02";Não, mas o quarto tem uma chave
3309180;3309820;"02";Pela de dentro
3309820;3312480;"03";Ótimo, porque só assim eu posso dormir sem armadura
3312480;3317580;"04";Ai meu Deus, eu tô imaginando ele dormir de armadura
3317580;3320400;"02, 04";Já monta a cama assim perto da porta
3320400;3322180;"02";Pra não ter o risco de alguém abrir a porta
3322180;3322720;"04, 07";É né
3322720;3323880;"02, 03, 04";Exato
3324180;3326700;"03";Eu boto a armadura assim
3326700;3328200;"03, 06";Fazendo uma barricada
3328200;3330660;"03, 06";Só que abrir um pouquinho a porta
3330660;3331340;"06, 03";Vai cair tudo
3331340;3334640;"06, 03";Como é que é o outro bote?
3334760;3335820;"06, 03";Esse bote não vai tomar de mim
3335820;3337420;"03, 06";É, vamos lá
3337420;3339420;"03, 06";Eu tirei 5
3339420;3342440;"02, 03, 06";Ponto R, espaço 1D6
3342440;3347240;"02, 06, 04";Juju, a gente tá
3347240;3348980;"02, 03, 04";O outro também não, hein, cara
3348980;3352040;"02, 03, 04";Nem é
3352040;3354020;"02, 03";A gente tirando críticos
3354020;3356320;"03";Juntos no início da aventura, pô
3356320;3359040;"02, 03";Voltando pra não atrapalhar o editor
3359040;3359580;"02";Vamos lá
3359580;3360880;"02";É um acerto crítico
3360880;3363500;"02, 04";Se você somar os dois dois
3363500;3364120;"04";Dá um 4
3364120;3370080;"02, 03, 04";Não é assim que guaxinês e gambiarras
3370080;3371100;"03, 04";Funciona
3371100;3373420;"03";Guaxa virando Han Solo
3373420;3375640;"03, 06";Voltarão da cigarra
3375640;3377440;"02";Assim
3377440;3379500;"02";Quando o Wagner vai mais a frente
3379500;3380720;"02";A armadura faz
3380720;3383540;"02";Pelo amor de Deus
3384020;3385920;"03";Isso aí é realmente um
3385920;3387780;"03";É um eufemismo
3387780;3390320;"03";Para a sonzeira que a armadura faz
3390320;3392160;"02, 03";Isso aí o editor resolve
3392160;3394980;"03";Que sons ela produz enquanto faz isso?
3398700;3399880;"03, 06";Editor, conto com você
3399880;3402000;"03, 06";Ok, parecem mais urros animalescos
3402000;3403920;"03, 06";Editor, por favor
3403920;3405480;"06";Use esse som, dá uma modificada
3405480;3407040;"06, 03";Mas usa esse som, vai ficar maravilhoso
3407040;3410780;"07, 06, 03";Põe os efeitos, né?
3411500;3413220;"03, 04, 07";Vai ficar maravilhoso
3413220;3413340;"03, 04";Não
3413340;3413380;"03, 04";Não
3413380;3413420;"03, 04";Não
3413420;3413440;"03, 04";Não
3413440;3413460;"03, 04";Não
3413460;3413480;"03, 04";Não
3413480;3413500;"03, 04";Não
3413500;3413520;"03, 04";Não
3413520;3413540;"03, 04";Não
3413540;3413560;"03, 04, 07";Não
3413560;3413600;"04, 07";Não
3413600;3413620;"unknown";Não
3413620;3413660;"unknown";Não
3413660;3413720;"unknown";Não
3413720;3413760;"unknown";Não
3413760;3413820;"unknown";Não
3414020;3415060;"unknown";, não
3415060;3416520;"04";Ai, gente
3416520;3420260;"03, 04, 07";Eu queria que ele tivesse me dando uma resposta em prosa, tá ligado?
3420320;3420980;"03";Ele tivesse dito
3420980;3422880;"03";Parecem urros animalescos
3422880;3423580;"03";Sei lá
3423580;3426160;"02, 03";Eu conto com o editor
3426160;3428260;"03";Desculpa, editor
3428260;3430000;"03";Já fiz o negócio do capacete
3430000;3430800;"03, 07";E agora é isso
3430800;3431100;"03, 07";É
3431100;3441000;"04, 07";Que isso, Juju?
3442960;3443620;"03";Tá ok?
3443820;3443940;"03";Oi?
3443940;3444000;"03";Tá ok?
3444000;3444600;"03";Desculpa
3444600;3450260;"02, 03";O João, ele tá vendo um desenho na Crunchyroll enquanto ele joga
3450260;3452560;"02";Por isso que ele vai mutando
3452560;3453760;"02, 03";Aí ele esqueceu
3453760;3456440;"02, 03";Não, eu tô vendo coisa do projeto
3456440;3459160;"02, 03, 07";Eu não vi, é a voz da Ana
3459160;3468180;"02, 03, 07";Tu sabe que mutar no Discord não muta no aplicativo que grava tua voz, né?
3468460;3471140;"03";Eu sei, não, tá gravando aqui, mas o editor se vira
3471140;3472440;"03";Ele também me ouviu comendo
3472440;3473360;"02, 03";Meu Deus
3473360;3477780;"02, 03";Zorzal, se tu quiser que eu bane ele pra sempre, é só me falar
3477780;3478980;"02, 03";Verdadeira
3478980;3481300;"02, 03";Zorzal, não, por favor
3481300;3483780;"03";Não põe minha aparência no trechinho, Zorzal
3483780;3485540;"02, 03";Voltando
3485540;3486800;"02";Perfeito
3486800;3489600;"02";Isso dá mais tempo ainda pro Zulgat e pro Wagner
3489600;3491520;"02, 06";O que vocês estão fazendo?
3491560;3492940;"02, 06";É o que eu quero saber, passou pra gente, ó
3492940;3495420;"02, 06, 03";Caramba, já passou pra gente, tem certeza?
3497460;3498260;"02, 03";Vocês podem ficar ali
3498260;3498700;"02, 03";A pessoa
3498700;3502120;"03";Meu Deus, que bom que ele não tá vendo meu rosto debaixo da armadura
3502120;3502960;"03";Eu tô acabando de ver o Zulgat
3502960;3503160;"03";Eu tô acabando de ver o Zulgat
3503160;3504020;"03";Acabaram as ideias já
3504020;3506920;"03";Por isso que eu tô parado lá de braços usados
3506920;3509280;"02, 03";Vamos ficar uma hora encarando ele
3509280;3510760;"02";Daí a gente passa pra votação
3510760;3513140;"02, 06";A Mel tem uma informação que eu podia
3513140;3514380;"02, 06";A minha
3514380;3517040;"02, 06";Mas eu não tenho, é o que tem
