0;10120;"04";Se eu pegar essa ilha e esse helicóptero, e aí tudo faz sentido, porque aqui tem um zumbi e ali não tinha, e agora...
10120;15000;"04";É isso! É isso! Eu sabia! Eu sabia! O Guaixaverso existe!
15120;15960;"04";Como assim?
16180;18000;"04";Você entendeu a referência do último episódio?
18260;18980;"04";Olha só, faz tudo!
18980;20020;"00, 04, 02";Não, o Guaixa sabe o que faz!
20020;20960;"00, 04";Espera, o que é o Guaixaverso?
21000;22980;"00, 04";Era só uma questão de tempo.
23080;23460;"04";Todos vão conhecer o Guaixaverso!
23460;24520;"04, 02";O Guaixaverso sempre existiu!
24520;27140;"00, 04, 02";Eu quero entender o Guaixaverso!
27220;28560;"00, 04";Alguém me explica o que é o Guaixaverso?
28560;32020;"00, 02";É, pessoal, não existe o Guaixaverso.
32080;33720;"02";Eu acredito no Guaixaverso!
33820;36560;"02";Mas supondo que ele exista...
37880;41520;"04";Guaixaverso, onde o que não existe é debatido.
45240;48500;"02";Ainda nem teve ler mais. Que bom, né, gente? Porque tá grande.
48920;52740;"02";Tá só a Belo e o Filipe Xavier se divertindo lá. Tá bom.
53060;55380;"02";Depois vai pro feed e daí várias pessoas escutam.
55380;56440;"02";Mas não todos.
57020;58380;"00, 02";Eu acho que é...
58560;60080;"02";Tipo, tem três vezes...
60080;62460;"02";A cada três pessoas, uma escuta o Guaixaverso.
62720;63780;"02";Que é a pessoa que eu amo.
63900;66040;"02";A pessoa que eu não amo é essa que não ouviu o Guaixaverso.
66060;67200;"04, 02";Ó, as pessoas estão se manifestando...
67200;69520;"04";Os Diegos estão se manifestando que eles estão ali.
69740;70500;"04";E o Ivan também.
71020;71800;"02";Vários Diegos!
71880;72640;"02";Olá a toda...
72640;76400;"02";Olá a caravana dos Diegos que veio nos prestigiários esta noite.
83320;88020;"02";Olá, eu sou Marcelo Guaxinim, narrador, produtor, idealizador, podcast do Realidade
88020;91480;"02";para Hora do Guaxinim, e este é o último Guaixaverso do ano.
91480;94160;"02";Pra quem não sabe, o Guaixaverso é o nosso antigo escudo-mestre.
94160;99020;"02";Aqui vamos ler os comentários e discutir as teorias do último episódio, que no caso foi...
99020;103580;"02";A Caçada dos Injustos, RPG Guaxa 96.
103580;108320;"02";Como eu comentei ali em cima, na quinta-feira agora teremos o nosso especial de Natal,
108320;112780;"02";mas na semana que vem, muito provavelmente, eu vou estar de folga.
112780;115720;"02";Então, muito provavelmente, não teremos o Guaixaverso esse ano do episódio de Natal,
115720;116480;"02";mas, obviamente, assim que der, em janeiro, eu vou estar de folga.
116480;124420;"02";Os episódios de janeiro estão gravados e um deles já está editado, então está tudo se encaminhando.
124420;130580;"02";A gente vai ter os episódios RPG Guaxas de janeiro regulares, mas talvez os Guaxaversos, no mês de janeiro,
130580;135180;"02";deem uma atrasadinha, assim como o do episódio de Natal, por conta de férias, né, gente?
135180;137980;"02";Eu preciso descansar um pouco. Espero que vocês entendam.
137980;144220;"02";Esse Guaixaverso foi gravado, assim como os últimos três, numa live em que a gente fez a leitura de quatro Guaxaversos seguidos,
144220;146440;"02";sempre com a participação do nosso incrível...
146480;150580;"02";E agora, quero que vocês escutem como ficou esta gravação.
150580;155580;"02";Vamos ler agora os comentários de A Caçada dos Injustos, RPG Guaxa 96.
155580;162240;"02";Esse episódio, eu tive muita dificuldade de dar um nome a ele, porque eu estava num momento, assim, de zero ideias.
162240;169440;"02";Eu pedi pro pessoal lá da taberna batizar o episódio. Acho que a ideia veio da Mel, ou do Tellerman, ou de alguém.
169440;170640;"04, 02";Acho que foi da Mel.
170640;171280;"04, 02";Acho que foi da Mel.
171280;175080;"04, 02";Foi um sábado de manhã e eu estava dormindo. E ela ganhou esse Vale Aventura.
175080;176420;"04, 02";Dei valeu um Vale Aventura? Pô, olha só.
176480;180780;"02";Injusto isso. Eu estava muito fácil antes. Hoje em dia, a pessoa tem que...
180780;187640;"02";Não, mentira. Só nesse mês agora, já foram três Vale Aventuras. Eu ia dar só três, já dei três e vou dar mais um no Natal.
187640;189780;"02";Como você faz pra concorrer? Seja nosso padrinho.
189780;195680;"02";Mas eu estou aqui hoje, de novo, pela quarta vez. Na verdade, é tudo numa mesma noite infinita que parece nunca acabar.
195680;201680;"02";A gente está preso nesse mundo aqui de Guaxaverso. E eu estou aqui com a Ju. Olá, Ju.
201680;204580;"04, 02";Olá, Guaxa. Olá, pessoal. Tudo bem?
204580;206480;"02";Qual é aquele Instagram que... sei lá.
206480;207880;"02";Se as pessoas seguem, se quiser.
207880;218080;"04";Yeh! O meu Instagram é guaxetrpg, ou acho que é arroba guaxete. Eu uso pra ver coisa de RPG e comida. E é isso.
218080;225280;"02";A Ju também ajuda junto com o Felipe Xavier, Sinara, Biel, Belo e Dani lá no Instagram.
225280;229280;"02";Então, há uma chance em seis dela te responder lá. É, né?
229280;231980;"04";É isso. Essa conta está certa? Eu acho que sim.
231980;232980;"04, 02";São seis pessoas?
232980;233880;"04, 02";Eu sou miçangueira.
233880;235180;"02";É sete comigo.
235180;236280;"02";Acho que se eu te responder...
236280;240880;"02";É absurdo, gente. É aquele 0,1%. Porque eu não gosto muito do Instagram.
240880;247280;"02";No Twitter, sou eu que me eixo. Ninguém mais tem minha senha do Twitter. A Beta tem. Sempre que eu vou morrer, eu passo a senha pra ela.
247280;252680;"02";Mas ela não anota. Então, em teoria, eu não sei em que estágio está isso. Mas só quem usa aquela conta sou eu.
252680;256480;"02";Então, lá no Twitter, se eu não te responder, é porque eu sou isso mesmo.
256480;259880;"02";Mas não estamos aqui pra falar mal de mim. Estamos aqui pra ler os comentários.
259880;263280;"02";Como eu falei, da Caçada dos Injustos. RPG Guaxa 96.
263280;266080;"02";Esse episódio não foi um dos extras da Fanta.
266080;268080;"02";Mas a Fanta apoiou cinco episódios.
268080;274080;"02";Ela apoiou três episódios extras, mais dois episódios regulares.
274080;276080;"02";Então, temos aqui a Caçada dos Injustos.
276080;281080;"02";E temos também a leitura de comentários dele, né? Aqui, o Guaxa Verso.
281080;285080;"02";E acho que é isso. O de Natal não é mais Fanta. O de Natal é meu, porque ele está incrível também.
285080;288080;"02";De Natal, eu cobraria a bandeira dois. Tão incrível que ele está.
288080;289080;"02";Olha o hype.
289080;291080;"04, 02";Porra, está muito bom. Está muito bom.
291080;294080;"02";Tem ovelha, tem galinha. Está maravilhoso.
294080;295080;"02";Aqui está errado os nomes. Eu tenho que arrumar.
296080;298080;"02";Eu acho que é nisso que eu tenho que arrumar.
298080;300080;"02";Já me avisaram duas vezes. Eu sou terrível nisso.
300080;302080;"02";Mas vamos lá. Vamos ler os comentários.
302080;308080;"02";E parece, vejo aqui, que o nosso querido Marcos Santos Silva nos abandonou.
308080;310080;"02";Porque o primeiro comentário é do Fernando Lobo.
310080;311080;"02";E ele comenta.
311080;314080;"02";Olá, Guaxa. Olha eu aqui de novo. Olá, Lobo.
314080;315080;"02";Você estava sumido, né?
315080;318080;"02";Será que você e o Jorge Marcos são a mesma pessoa?
318080;320080;"02";Vai ver que em Noite de Lua Cheia, ele é o Jorge Lobo.
320080;322080;"02";Não, Fernando Lobo.
322080;324080;"02";E é isso. Perdi minha piada.
324080;328080;"02";Dessa vez foi o primeiro. Geralmente não sou o primeiro em nada.
328080;331080;"02";Resolvi comentar apenas nos episódios principais.
331080;334080;"02";Apesar dos feelers serem excelentes.
334080;337080;"02";Não foram feelers, gente. Foram episódios regulares, aí, válidos.
337080;340080;"02";Fazem parte do canon de um Guaxaverse inexistente.
340080;345080;"02";Que a Fanta volte ali para torcinar futuramente.
345080;347080;"02";Ou qualquer outra marca esperta.
347080;350080;"02";O bastante para verem o que estão perdendo.
350080;351080;"02";Perguntas.
351080;353080;"02";1. Os sete velhos aristocratas.
353080;358080;"02";Os sete velhos aristocratas têm a ver com Cavaleiros da Ruíris?
358080;359080;"02";Não.
359080;360080;"02";2. O que eles escondem?
360080;362080;"02";Na verdade, eu pensei nos velhos de One Piece.
362080;363080;"02";No Gorosei.
363080;366080;"02";Que é uma referência que a Ju, obviamente, não tem.
368080;370080;"02";3. O que eles escondem?
370080;375080;"02";É a ideia dos sete velhos capitalistas que estão fazendo bobagem.
375080;377080;"02";Essa era a ideia ali.
377080;380080;"02";4. O homem forte machucado, se tiver sobrevivido, vai virar um lobisomem?
380080;382080;"02";Poderia virar, mas ele não sobreviveu.
382080;387080;"02";5. A criatura morta, por estar se regenerando, significa que ela vai voltar?
387080;388080;"02";Significa que ela voltou.
388080;392080;"02";6. Ela tem alguma ligação com os ratos inteligentes ou o monstro do episódio do farol?
392080;393080;"02";Do episódio do farol, não.
393080;399080;"02";Mas no final do episódio é dito que a criatura vai ser enterrada num terreno baldio chamado Sherryfield.
399080;402080;"02";Que a gente volta a ver ele em um outro episódio.
402080;404080;"02";Então, essa estava ali.
404080;407080;"02";Quem está ajudando a criatura e por quê?
407080;409080;"02";Na verdade, a ideia é a seguinte.
409080;411080;"02";Os velhos ricos soltaram a criatura?
411080;413080;"02";No pessoal carente.
413080;415080;"02";Para diminuir a população.
415080;417080;"02";Aquele homem forte...
417080;420080;"02";Quem foi que cortou a grade para a criatura poder invadir o lado rico?
420080;424080;"02";E fez aquelas marcas de sangue na parede para atrair a criatura para o lado rico?
424080;426080;"02";Foi aquele homem forte.
426080;430080;"02";Então, na verdade, era o povo jogando de volta aquilo que foi atirado contra eles.
430080;432080;"02";Essa era a ideia.
432080;436080;"02";Como a família Dante sabe tanto sobre esses outros mundos?
436080;438080;"02";Eles não são da Terra?
438080;440080;"02";Olha só, temos uma boa pergunta.
440080;446080;"02";Futuramente, já que o Dante é uma pessoa tão especial, talvez um dia a gente fale mais sobre os antepassados dele.
446080;453080;"02";Mas, por enquanto, a gente descobriu que o avô dele, o pai dele, não lembro ali quem era o bordomo.
453080;455080;"02";Ele veio das colônias.
455080;457080;"02";Ele veio de uma terra distante.
457080;459080;"02";Então, fica aí a dica para vocês.
459080;465080;"02";Lembro-me, no último Guaixa Verso, você disse que a motivação do Pietro Dante seria revelada nesse episódio.
465080;466080;"02";Não a motivação, né?
466080;469080;"02";Bom, sua família tem uma óbvia ligação com o místico.
469080;471080;"02";Eu, o mágico.
471080;473080;"02";Mas não explicou a sua motivação.
473080;475080;"02";Se puder explicar, encerro meu comentário por hoje.
475080;477080;"02";Eu não lembro de ter dito isso.
477080;479080;"02";Se eu disse, eu estava errado.
479080;481080;"02";Não era a motivação.
481080;483080;"02";Era no sentido de criação dele.
483080;485080;"02";Tipo, os conhecimentos dele.
485080;487080;"02";Aquela convivência com os ricos ali.
487080;489080;"02";E os estudos.
489080;491080;"02";Foi o que tornaram ele quem ele é hoje.
491080;493080;"02";Acho que talvez eu tenha me expressado mal.
493080;495080;"02";Porque eu sou muito bom nisso.
495080;497080;"02";Em me expressar mal.
497080;499080;"04, 02";Eu achei que tu ia ler o Atenciosamente.
499080;500080;"04, 02";Desculpa.
500080;502080;"04, 02";Atenciosamente, Fernando Lobo.
502080;504080;"04";Perfeito.
504080;508080;"04";O próximo comentário é do Victor Lucas Busso.
508080;510080;"04";Bom dia, boa tarde, boa noite.
510080;513080;"04";Guaixa, Guaxete e Guaxa ouvinte.
513080;515080;"04";Guaxete, acertou.
515080;517080;"04";Guaxa, seu safado.
517080;518080;"04";Eu aqui, distraído.
518080;521080;"04";Pensando, putz, que história legal.
521080;523080;"04";Mas não se encaixa no Guaixa Verso.
523080;526080;"04";Aí, no final, você vai lá de novo e pá.
526080;527080;"04";De novo, Guaxa.
527080;528080;"04";Desculpa.
528080;529080;"04";De novo.
529080;533080;"04";Agora, todo episódio, vou ficar esperando você fazer isso.
533080;536080;"04, 02";Ansioso para ser surpreendido novamente.
536080;538080;"02";Tem um episódio que eu gravei recentemente.
538080;540080;"02";Em que o jogador pergunta.
540080;541080;"02";Para uma bruxa.
541080;542080;"02";Qual o seu nome?
542080;544080;"02";E daí, eu falei Pietro Dante.
544080;545080;"02";Mas, depois ele se editou o corte.
545080;546080;"02";Isso que é uma piada.
549080;550080;"02";Na hora, foi maravilhoso.
550080;551080;"02";Mas, vai sair do episódio.
551080;552080;"02";É isso, Victor.
552080;554080;"02";Espero te surpreender no próximo episódio.
554080;555080;"02";O próximo episódio é de Natal.
555080;556080;"02";Ele não vai te surpreender.
556080;557080;"02";Quer dizer, ele vai.
557080;558080;"02";Ele está bem doido.
558080;559080;"02";Não sei se vocês vão...
559080;564080;"02";Assim, largue um pouco, assim, aqueles episódios realistas, como esse.
564080;566080;"02";Nossa, um bicho matando as pessoas.
566080;568080;"02";E a primeira guerra mundial vindo.
568080;574080;"02";O episódio de Natal, você joga aquela tua suspensão de descrença mais lá para cima.
574080;577080;"02";O próximo comentário é do Todê Existino.
577080;578080;"02";Não desista, querido.
578080;579080;"02";É ele que escreve.
579080;582080;"02";Querido, nunca brigue com alguém com espingarda.
582080;583080;"02";Não discorde.
583080;584080;"02";É um ensinamento que ficou no episódio.
584080;585080;"02";Teatrinho.
585080;586080;"02";Olha só, tem um teatro.
586080;587080;"02";Você faz o governante e eu faço o idiota qualquer.
587080;588080;"02";Vai lá, Ju.
588080;589080;"02";Perfeito.
589080;590080;"02";Governante.
590080;591080;"04, 02";Ah, tem muita gente morrendo de fome.
591080;592080;"04";O idiota qualquer.
592080;593080;"04";Já sei.
593080;594080;"04";Vamos começar uma guerra.
594080;595080;"04";Péssima ideia.
595080;596080;"04, 02";Alguém mais.
596080;597080;"04, 02";Meu vizinho tem um cachorro mágico.
597080;598080;"02";O que ele faz?
598080;599080;"02";Ele mata pessoas.
599080;600080;"02";Serve.
600080;601080;"02";Próximo assunto?
601080;602080;"02";O idiota qualquer e o outro idiota seriam duas pessoas, mas eu só tenho uma, então.
602080;603080;"02";Eu fui idiota duas vezes, gente.
603080;604080;"04, 02";É isso.
604080;605080;"02";Curte o vídeo.
605080;606080;"04, 02";Se inscreve no canal.
606080;607080;"04, 02";Se inscreve no canal.
607080;608080;"02";Se inscreve no canal.
608080;609080;"02";Se inscreve no canal.
609080;610080;"02";Se inscreve no canal.
614080;615080;"02";Curte o cast.
615080;616080;"02";Valeu, galera da live.
616080;617080;"02";Hosts.
617080;618080;"02";Hosts.
618080;619080;"02";Olha só.
619080;620080;"02";Você foi promovida host.
620080;621080;"04, 02";Você tem que me dar um tema.
621080;622080;"04, 02";Obrigada, Todê.
622080;623080;"02";Você tem que me dar um tema depois para gravar o Miçangas.
623080;624080;"02";Por enquanto, eu lembro só do tema da Dani.
624080;628580;"02";Falei para a Ju chamar a Dani e daí eu esqueci dos outros, porque eu não lembro os temas.
628580;629580;"02";Curte o cast.
629580;630580;"02";Valeu, galera da live.
630580;631580;"02";Host.
631580;632580;"04, 02";É isso.
632580;633580;"04, 02";Eu não desisti.
633580;634580;"04";Obrigado.
634580;635580;"04";Vamos ao próximo?
635580;636580;"04";Luan Gaitano.
636580;637580;"04";O comentário já começa assim.
637580;640700;"04";Sobrinha e uma cara envergonhada.
640700;641700;"02";Desculpa.
641700;642700;"unknown";Eu sou sobrinha.
642700;643700;"unknown";Desculpa.
643700;644700;"04";Desculpa.
644700;649420;"04";Eu rachei de rir na parte da sobrinha, que a família não conhece.
649420;656700;"04";Principalmente porque a situação era muito tensa e pesada e, do nada, um senhor de idade
656700;658340;"04";fica vermelhinho.
658340;659340;"04";Tadinho.
659340;660340;"04";Kkkkkkk.
660340;667200;"04, 02";Eu achei que combinava com o personagem ali, com a descrição pedida pela situação.
667200;671960;"02";Porque a minha ideia, eu precisava de uma desculpa para tentar esconder o máximo.
671960;672960;"02";Não só o fato.
672960;673460;"02";Porque assim.
673460;677100;"02";O cara tá usando um cachorro do diabo lá pra matar pessoas.
677100;678100;"02";Beleza.
678100;679100;"02";Ter uma amante.
679100;680100;"02";Não.
680100;681100;"02";Pegar mal pra cacete.
681100;682100;"02";Então, ele queria esconder isso de qualquer forma.
682100;684100;"02";Então, essa era a piada ali.
684100;685100;"02";Só pro chat marcar o bingo.
685100;686100;"02";Oh, não.
686100;687100;"04, 02";Um ver mais.
687100;688100;"04, 02";Ok.
688100;689100;"02";Eu esqueci.
689100;690100;"04";Bom, já vou apertar antes, né?
690100;691100;"04";Meu Deus, é grande.
691100;692100;"04";Vai lá.
692100;693100;"04, 02";Desenterrasse.
693100;694100;"04, 02";Vamos aos spoilers.
694100;695100;"02";Recomendo sentar, porque é um textinho grande até.
695100;696100;"04";Ai, olha só.
696100;697100;"04";Não foi planejado, mas eu tô muito feliz que não sei o que tá lendo.
697100;698100;"04";Tem que falar.
698100;699100;"04";Desenterrasse.
699100;700100;"04, 02";Vamos aos spoilers.
700100;701100;"04, 02";Recomendo sentar, porque é um textinho grande até.
701100;704180;"04, 02";Não foi planejado, mas eu tô muito feliz que não sei o que tá lendo.
704180;705180;"04";Textinho grande.
705180;706180;"04";Um beijo, Luan.
706180;707180;"04";Vamos lá.
707180;711660;"04, 02";Primeiramente, esse é o mundo mais parecido com a nossa realidade, correto?
711660;712660;"02";Correto.
712660;713660;"02";Ricos matando pessoas humildes.
713660;714660;"04, 02";É isso mesmo.
714660;715660;"04";Help.
715660;722620;"04";O mundo mais normal onde certos eventos históricos reais ocorreram, como na nossa realidade.
722620;729660;"04";Onde as aventuras menos mágicas ocorrem e onde certas vezes um ser mágico aparece.
729660;730660;"04";Aliás.
730660;733540;"04";E onde certas vezes um ser mágico aparece.
733540;736220;"04";Ou é evocado por um grupo de RPG real.
736220;737220;"04";Tem isso.
737220;741380;"04";E certas situações não normais ocorrem.
741380;743820;"04";Ou isso é tudo fake news.
743820;748260;"04, 02";Afinal, o guachaverso não é real e blá blá blá, etc.
748260;749260;"04, 02";Fake news.
749260;750260;"04";Uhum.
750260;751260;"04";Há controvérsias.
751260;755740;"04, 02";Como foi dito no último CDB… CDB não é negócio de banco de investimento?
755740;756740;"02";Não é?
756740;757740;"04, 02";Isa me ajudou.
757740;758740;"02";Não sei.
758740;759740;"04, 02";Eu não sei.
759740;760820;"04, 02";Eu também nem invisto.
760820;761820;"02";Eu gasto meu dinheiro.
761820;762820;"04";Eu não tenho dinheiro.
762820;763820;"04";Apesar de ter apelido.
763820;764820;"04, 02";Eu invisto toda semana 4,50 na Mega Sena.
764820;765820;"04, 02";Esse é meu investimento.
765820;766820;"02";É isso.
766820;767820;"02";A esperança é a última que morre.
767820;768820;"02";É.
768820;769820;"04, 02";Um dia eu vou acertar.
769820;774820;"04, 02";Como foi dito no último CDB, certas pessoas existem em diferentes universos, com leves
774820;775820;"04";mudanças de aparência.
775820;776820;"04";É cavaleiros do bicho.
776820;777820;"04";Ou não?
777820;778820;"04";É cavaleiros do bicho.
778820;779820;"04, 02";Sim.
779820;780820;"04, 02";Então, esses setes…
780820;781820;"04, 02";Tu já sabia?
781820;782820;"04, 02";Tá me fazendo passar vergonha?
782820;783820;"04, 02";Eu achei que tu tava só fazendo mistério.
783820;784820;"04, 02";Eu sou burro.
784820;785820;"04";Eu não sabia.
785820;786820;"04";Eu só sabia agora.
786820;787820;"04";Eu não sabia.
787820;788740;"04";Eu não sabia.
788740;789740;"04";Mas agora…
789740;791460;"unknown";Pra siga, vovó.
791460;792460;"02";Ok.
792460;794420;"04, 02";Tá bom, eu achei assim.
794420;796320;"04";Não, eu não preciso explicar porque, tipo, tá.
796320;799540;"04";A gente sabe que é menos um guache.
799540;800540;"04";É menos um guache.
800540;802180;"04";Ai ai, que lindo isso.
802180;806780;"04";Certas pessoas existem em diferentes universos, com leves mudanças de aparência ou não.
806780;812860;"04";Então, esses sete senhores e o segredo que carinhosamente vou chamar de guachacão, são
812860;818620;"04, 02";os representantes dos sete cavaleiros arco-íris do universo onde a magia é mais forte?
818620;821200;"04, 02";É uma ótima ideia, mas eu nunca pensei nela.
821980;829200;"04, 02";O falecido ou a mortal que nega a morte, o achacão, não era um lobisomem, né?
829300;829540;"04, 02";Não.
829700;831160;"04";Nem um cachorro com raiva.
831300;831580;"02, 04, 03";Não.
831780;833800;"04";Se pá, nem um animal aquilo era.
834280;840860;"04";Talvez uma criatura sem forma definida que gera matéria biológica para criar a forma
840860;846040;"04";e que possivelmente roubou o estilo de algum cachorro e por isso tem essa forma?
846160;848000;"04, 02";Tipo o Bubble Beam e tá num carro, sim.
848000;848400;"04, 02";Ok.
848900;850400;"04";Agora é um Leão Transformer.
850660;851040;"04";Tá bom.
852100;853320;"04";O bisavô Dante.
853960;856980;"04";Sim, eu já tô considerando ele como o bisavô do Pietro.
857280;859040;"04";Fonte, vozes na minha cabeça.
859300;859520;"04, 02";Certo.
859600;860900;"04, 02";Ele não conhecia a criatura?
861940;862380;"02";Ele...
862380;863340;"04, 02";Ele só sabe...
863340;864280;"04, 02";Desculpa, fala agora.
864280;864960;"04, 02";Não, ele...
864960;869160;"02";Assim, ele deu a entender que não, mas eu acho que nas entrelinhas ficou claro que
869160;872900;"02";foi ele que ensinou os ricos a invocar o bicho, né?
872900;874020;"02";Ele sabia invocar o bicho.
874480;878600;"02";Talvez ele jogue um RPG diferenciado, mas ele sabia invocar o bicho.
878980;882500;"04";Ele só sabia dos mitos de lobisomens por ser das colônias?
882940;885320;"04, 02";Ou ele realmente sabia com o que estava lidando?
885320;887280;"04, 02";Ele sabia com o que estava lidando, ele sabe muito mais.
887400;891320;"02";Eu brinquei ali que podia ser do RPG real, mas ao contrário daquele agorizado que não
891320;895600;"02";sabia o que ia invocar, eu te digo que esse bisavô ou avô, eu não lembro qual é a árvore
895600;899760;"02";genealógica aí, ele sabia exatamente o que invocar e quando invocar.
900200;901960;"04";É de família, apenas isso.
902360;902880;"04";Continuando.
903300;906620;"04";Os velhos do conselho julgaram manter a criatura viva.
906620;908600;"04";Para matar o povo da cidade.
908620;923320;"04";Da cidade baixa, até que alguém ajudou ela a subir para a cidade alta e matar a sobrinha
923320;924040;"04";de um dos velhos?
924060;924620;"04, 02";Sim, basicamente.
925540;929720;"02";Assim, ele não sabia que ia matar, ele queria que matasse alguém rico, para que os ricos
929720;934000;"02";sentissem a dor ou a necessidade de eliminar a criatura, né?
934440;937060;"02";Mas foi uma coincidência ter atacado a sobrinha.
937060;938060;"02";Mas é porque...
938620;942860;"02";Era uma região não muito movimentada e a sobrinha, por algum motivo, que eu não lembro
942860;946880;"02";qual era, ela não queria muito ser vista por ali para encontrar seu tio.
947440;949300;"04, 02";Tio, entre muitas aspas.
950120;950700;"04";Ai, ai.
951160;953700;"04, 02";O homem ferido foi quem criou o caminho para a criatura?
954260;958920;"04";Ele que encerrou as grades, abriu o bueiro e depois fez um rastro de sangue na parede
958920;959260;"04, 02";para a criatura subir?
959260;962960;"04, 02";Sim, o ferimento dele, inclusive, era o sangue dele que ele usou nas paredes.
962960;968080;"02";Ele não queria mais sacrificar ninguém do seu povo, então ele sacrificou o próprio sangue.
968080;970800;"04";Com a localização de onde o Guaxacão foi enterrado.
971160;973420;"04";Se é que ele foi realmente enterrado.
973920;977700;"04";Podemos teorizar que ele é o real problema do episódio Ratos nas Paredes?
977720;979960;"04";Eu acho que tá 90% confirmado aí, né?
980500;980980;"04";Perfeito.
981920;983560;"04, 02";E acabou este comentário gigante.
983800;984400;"04, 02";Olha só, lindo, hein?
984740;986740;"02";O próximo comentário é da Marcelles Rey.
987260;989180;"02";Oi, Guaxa, Guaxate e Guaxa Ouvintes.
989540;991240;"02";Vim comentar meio tarde aqui.
991760;992240;"02";Não é nada.
992440;995040;"02";A Ju comentou no episódio passado, há quatro horas atrás.
995040;997900;"02";E tu comentou há treze horas atrás, então tu tá mais certo que ela.
998080;1000720;"02";Porque esse é o episódio na ordem cronológica certa.
1001060;1001320;"02";É isso.
1001580;1003260;"02";Algum filho da mãe fez um comentário a mais.
1003660;1004680;"02";Mas depois a gente chega nele.
1004760;1005400;"02";Calma, vamos lá.
1005800;1008740;"02";Vim comentar meio tarde aqui, mas não comentei nos extras.
1008900;1011280;"02";Então espero que agora eu tenha chego a tempo.
1011340;1011840;"02";Chegou a tempo.
1012280;1015300;"02";Na verdade, se eu tivesse voltado atrás, como a Juliana fez,
1015700;1019320;"02";eu poderia ter comentado a tempo dos outros também, porque a gente comentou tudo ao mesmo tempo.
1019640;1020220;"02";Amei esse episódio.
1020360;1022500;"02";Parabéns aos envolvidos, principalmente aos 50% do episódio.
1022900;1024900;"02";Que, claro, são sempre a alma da aventura.
1025080;1027900;"02";Eu achei que a ligação seria com o Jaqueta Vermelha.
1028320;1028480;"02";Não.
1028920;1030260;"02";E os lobos adolescentes.
1030440;1030900;"02";Não também.
1031320;1038380;"02";Talvez seja por isso também o que pode significar que o Pietro está mais ligado com tudo do que a própria Nicky.
1038480;1038840;"02";Talvez.
1039720;1041520;"02";Talvez tenhamos mais Pietro no ano que vem.
1041960;1043980;"02";Talvez tenhamos mais Nicky no ano que vem.
1044420;1046060;"02";A Nicky, a Pietro...
1046060;1047180;"02";Não sei, não prometo nada, gente.
1047300;1049140;"02";Mas o tempo é convoluto.
1049500;1052100;"02";Sim, mas ainda fiquei surpresa com a revelação.
1052100;1056980;"02";No Escudo Mestre, tive que ouvir de novo o episódio para captar a mensagem falando em Pietro.
1057260;1058060;"02";Confesso que tenho...
1058080;1060040;"02";Desenvolvido um apreço por esse vilão.
1060560;1063100;"02";E estou tranquila com os julgamentos.
1063700;1065520;"02";Eu gosto muito dele também como vilão.
1065580;1067680;"02";Eu tenho medo do quanto poder eu já dei na mão dele.
1068200;1069920;"02";E até onde ele pode chegar.
1070500;1072400;"02";Mas, ele é um grande vilão.
1072880;1074100;"02";Precisa ser derrotado um dia.
1074620;1076080;"02";Eu não sei por quem, nem como.
1077080;1078760;"02";Mas seria um bom por episódio 500.
1078840;1080080;"02";Já que eu já falei dele recentemente.
1080720;1082960;"02";Não, eu tenho só até o 100 planejado por enquanto.
1083280;1084920;"02";Amo um vilão tão poderoso assim.
1085140;1085980;"02";Esse final de episódio.
1086280;1087700;"02";Será que teremos o Guaxaverso?
1087760;1088060;"02";Que não existe.
1088080;1090040;"02";Se expandindo por mais países?
1090720;1091120;"02";Facilmente.
1091280;1091880;"02";Imagino que sim.
1092320;1095960;"02";E afinal, qual é o monstro que vem aterrorizando as histórias vindas da Alemanha?
1096420;1097360;"02";É a Primeira Guerra Mundial.
1097800;1099580;"02";A Primeira Guerra Mundial está para acontecer.
1100120;1101040;"02";E dela vai acontecer.
1101400;1104100;"02";E daí, ao invés de mandar um cachorro atacar as pessoas.
1104600;1106940;"02";Eles vão pegar os homens, vestir um uniforme e dar uma arma.
1107260;1108300;"02";E mandar eles para a guerra.
1108780;1110000;"02";O que é mais ou menos a mesma coisa.
1110500;1114000;"02";E botar as mulheres e crianças a trabalhar nas fábricas para fazer munição.
1114800;1115200;"02";E...
1115200;1116680;"02";Pô, 16 horas por dia.
1116680;1117760;"02";O que é...
1117760;1119960;"02";Quase tão ruim quanto o cachorro, inclusive.
1120260;1120700;"02";Eu acho.
1120820;1121980;"02";Estou só falando, né?
1122680;1123640;"02";Vou ficar aqui.
1123780;1124800;"02";Abraços e até mais.
1124880;1125520;"02";Um abraço, querida.
1125900;1126700;"02";Algum comentário, Ju?
1127680;1128200;"04";Não.
1128580;1130580;"04";Eu gostei do comentário dela.
1130640;1131900;"04, 02";É, a Marcesa é maravilhosa.
1132660;1133720;"04";Sim, muito, querida.
1134460;1136720;"04";O próximo comentário é do Luciano Faria Abel.
1137140;1137400;"04";Olá!
1138120;1140660;"04";Muito biscoito e fanta laranja para todos.
1141160;1143500;"04";Nossa, faz tempo que não consigo comentar.
1143940;1144880;"04";Que episódio massa.
1144880;1146660;"04";A partir daqui é spoiler.
1146660;1152620;"04";Então, a família do Pietro já era envolvida com o Sobrenatural há muito tempo, hein?
1153320;1153720;"04, 02";Interessante.
1153740;1154660;"04, 02";Também achei. Fiquei surpreso.
1155440;1156400;"04";Não quero dizer nada.
1156860;1159160;"04, 02";Mas eu ouvi um corvo ao fundo em vários momentos.
1159180;1160920;"04, 02";É culpa do Solzão. Eu vou demití-lo. Não se preocupe.
1161840;1163900;"04, 02";Ou será que eu estou alucinando?
1163920;1166920;"04, 02";Olha só, demití-lo não, porque não tem um vínculo empregatício, pelo amor de Deus.
1167300;1170220;"02";Ele edita episódios e a gente tem pago para ele.
1170320;1173560;"02";Está tudo certo. Não há um vínculo, pelo amor de Deus.
1173780;1174680;"02";Fique registrado.
1175540;1176140;"02";Mas...
1176140;1176500;"02";O corvo é para você.
1176500;1176580;"02";O que é?
1176580;1176620;"02";O que é?
1176620;1176640;"02";O que é?
1176660;1177200;"02";O que é culpa do Solzão?
1177560;1179000;"02";Ou você está alucinando?
1179660;1181140;"04";Ou será que eu estou alucinando?
1181700;1182240;"04";Será o...
1182240;1183480;"04, 02";Alucinação. Desculpa.
1183540;1183860;"04";Dica.
1184420;1190820;"04";Será o editor nos mandando uma mensagem sobre um guachaverso que, nós sabemos, não existe?
1191080;1191560;"02";Provavelmente.
1191680;1192400;"04, 02";O Solzão arrasou.
1192480;1194220;"02";Sim, excelente. Como sempre.
1194300;1196000;"04";Uma dúvida de mestre para mestre.
1196300;1201040;"04";Se tivessem colocado o abridor de cartas dentro do cano da arma e disparado,
1201500;1203560;"04";quantos dados tu deixaria serem rolados?
1203980;1205620;"04, 02";Foi a primeira coisa que pensei em fazer.
1205620;1206620;"04, 02";O triste é que se falhar...
1206620;1209380;"02";Aliás, tu perderia a arma até alguém buscá-la de volta.
1209800;1212460;"02";Mas está na regra básica do R.P. Guaxa.
1212820;1215500;"02";Se tu faz alguma coisa que te dá uma vantagem, você rola um dado a mais.
1215820;1216260;"04";Perfeito.
1216600;1218260;"04";Agora temos Merchan aqui, Guaxa.
1218360;1219080;"04, 02";Pode fazer, né?
1219080;1219480;"04, 02";Eu não sei o que você vai fazer.
1219500;1220000;"04, 02";Ele é maravilhoso.
1220320;1220680;"04";Tá bom.
1221120;1222140;"04";Vou ficando por aqui.
1222540;1223740;"04";Sorte nos projetos.
1223880;1230060;"04";E se prepare, que em breve você irá receber seu terceiro livro do Mighty Blade,
1230560;1232480;"04";o recém-lançado Guia do Vilão.
1232820;1236480;"04";Lembrando que todos os nossos livros estão disponíveis gratuitamente,
1236620;1242400;"04";em nosso site, www.mightyblade.com.br,
1242620;1249500;"04";que se escreve m-i-g-h-t-y-blade.com.br.
1249760;1253740;"04";Mas se quiser adquirir as versões físicas, basta ir no site do editor,
1254320;1257740;"04";www.editorahunas.com.br.
1258080;1259520;"04, 02";Rá! Já vai de oportunidade.
1260360;1261100;"04, 02";Abraços, meu Deus.
1261100;1261480;"04, 02";Abraços, querida.
1261660;1264080;"02";Eu acho que tem uma mensagem dele no WhatsApp para a gente poder...
1264080;1264920;"02";Isso é muito comum, gente.
1265000;1266540;"02";As pessoas mandam mensagem no Telegram e no WhatsApp,
1266620;1268920;"02";e eu penso, porra, preciso responder tal pessoa.
1269360;1270240;"02";E daí o tempo passa.
1270660;1271800;"02";E a mensagem está lá.
1272260;1273080;"02";Então, desculpa.
1273500;1274760;"02";Mas eu vou responder ele.
1275220;1276800;"02";E provavelmente deve ser isso do livro,
1276800;1282220;"02";ou ele estava perguntando também no grupo dos padrinhos sobre PicPay e Padrim,
1282300;1283540;"02";ou deve ser algum tipo.
1283900;1285880;"02";Mas eu recebi os dois primeiros livros, é bem bacana.
1286220;1287280;"02";É um RPG medieval.
1287840;1290720;"02";Quem curte, dá uma conferida lá no www.mightyblade.com.br.
1291300;1292080;"02";E eu recomendo.
1292460;1296080;"02";E o último comentário é da Fabiola, da nossa querida Bela,
1296080;1298100;"02";a nossa cantora oficial da taberna.
1298600;1302340;"02";Nós temos o Bardo e temos a Barda, que é a Fabiola.
1302700;1306260;"02";Boa noite, Guaxa, Ju e grande elenco do Guaxate e do Feed.
1306560;1306800;"02";Olá.
1307320;1307720;"02";Fala, olá.
1308100;1308860;"04";Oi, Fabi.
1309160;1314060;"02";Vem aqui rapidinho só para agradecer ao episódio em que o Teleman tenta matar a Ju.
1314420;1314940;"02";De novo.
1315520;1316800;"02";Mas ele está perdoado.
1317220;1319080;"02";Só porque fez um trocadilho para mim.
1319640;1321000;"02";RS, RS, RS.
1321300;1322160;"02";Ele está perdoado, Ju?
1322680;1323200;"03, 02";Não.
1323200;1325200;"03, 02";A Ju jogando de Fabi, N.
1326080;1326680;"02";Apresentou.
1326840;1327320;"02";É verdade.
1327720;1331000;"02";Com exceção do ótimo sotaque que eu não consigo fazer.
1332760;1335360;"02";Parabéns para todos e longa vida ao RPG Guaxa.
1335380;1336020;"02";Muito obrigado, querida.
1336520;1337040;"02";Longa vida.
1337560;1339120;"03, 02";Tem um comentário a mais do Arthur.
1339120;1339640;"03, 02";Longa vida.
1342600;1344460;"04, 02";Quase derrubei coisas, mas tudo bem.
1344460;1344820;"04, 02";Tem um comentário do Arthur que veio há sete minutos.
1344900;1345480;"02";Tu quer ler ele?
1345840;1346620;"04";Deixa eu ver.
1346700;1347180;"04";Eu não vi.
1347720;1348980;"04";Eu estou atualizando a página.
1349500;1351040;"04";Tu falou que quer ler e eu já tenho medo.
1351460;1352680;"02";Não, é três frases.
1352680;1355720;"04, 02";Ok, eu vou ler o comentário do Arthur.
1356080;1356560;"04";Existe.
1357060;1358360;"04";Oi, Jumozinha.
1358780;1359680;"04";Oi, Guaxa.
1359880;1360560;"04";Oi, Chete.
1360800;1361580;"04";Oi, Taberna.
1362100;1363660;"04";Arthur, isso terá volta.
1364200;1367240;"04";Imagino o que vem as bombas dos próximos capítulos.
1367760;1369060;"04";Só passei para perturbar.
1369360;1369980;"04, 02";Amo vocês.
1370000;1372100;"04, 02";Vou pegar do perturbar, Arthur, que existe.
1372760;1378340;"02";Suponho que deva não existir um Arthur e que não existe.
1378660;1380900;"04";Se ele é um Arthur que existe, ok.
1380900;1384940;"04, 02";Tu quer explicar Jumozinha ou a gente acaba o episódio?
1385320;1385520;"04";Não sei.
1385520;1385900;"04";Eu acho que...
1386080;1387720;"04";Eu prefiro ficar em silêncio.
1387820;1392580;"04, 02";Quem quiser entender o Jumozinha, entra na Taberna, vira padrinha e madrinha, que é isso aí.
1392600;1395760;"04, 02";Pessoal, o moderador escreve o comando Jumozinha para explicar a história.
1396240;1399040;"04, 02";Um beijo para vocês e até a próxima.
1399120;1400880;"02";Muito obrigado, Ju, por me aturar tanto aqui.
1401200;1402240;"04";Não, eu que agradeço.
1402360;1404460;"04";Estou me sentindo muito importante.
1404580;1405220;"04";Muito obrigada.
1405500;1406720;"04";Você é um fofo.
1407560;1410940;"02";Pessoal, se puder, segue a gente nas redes sociais, em nossas lojas parceiras.
1410940;1412940;"02";Pense com carinho em ser nosso padrinho.
1413040;1414980;"02";Ano que vem a gente vai ter coisas incríveis.
1415300;1416060;"02";O RPG Guaxo.
1416060;1420260;"02";Os episódios regulares só existem porque tem pessoas nos apoiando, pessoas como você.
1420480;1423600;"02";E o Guaxaverso, bem, o Guaxaverso nem existe.
1430820;1434220;"03";É um chapéu-clochê, segundo as fontes da internet.
1435440;1437300;"02";Meu nome é...
1437300;1439780;"02";Eu tinha anotado, eu fechei tudo por causa que estava travando.
1439780;1441780;"02";Estava no...
1442560;1442780;"02";No...
1443560;1444540;"04, 02";Sr. Blood Mary.
1444580;1445460;"04, 02";Do Google Chrome.
1446060;1447360;"02";O nome do inglês, gente.
1447420;1447760;"02";Vamos lá.
1448120;1448520;"02";Johnson.
1449040;1449440;"02";Watson.
1449920;1450280;"01, 02";Isaac.
1450400;1450820;"01, 02";Eu já usei Isaac.
1450820;1451160;"01, 02";William.
1451380;1451800;"02";Já usei.
1452240;1452600;"01";Lewis.
1453300;1453620;"01, 02";William?
1453660;1454240;"01, 02";Eu já usei William.
1454620;1455300;"01, 02";Já usei William.
1455340;1456160;"01, 02";Mas qual é o sobrenome?
1457880;1458280;"01, 02";James.
1459200;1460180;"01";Abraham James.
1460340;1462520;"02";Não tem nenhum inglês no chat aí pra eu pegar o sobrenome?
1463520;1465720;"02";Eu acho que a gente travou porque não tem ninguém nem falando com a gente.
1465840;1467180;"02";Pra mim aqui tá tranquilo.
1468240;1469900;"01, 02";Mas eu acho que tá com um delay, eu acho.
1469900;1470980;"01, 02";É, tá com...
1470980;1471520;"01";Ah, pode ser?
1471680;1471860;"01";Pode ser.
1471860;1475740;"01";Tipo, o JP tava acabando de falar, eu tava vendo o que eu ainda tava falando.
1476060;1477340;"02";Ulisses, John.
1477500;1478260;"02";Ulisses é bom.
1478940;1479340;"02";David.
1479920;1480360;"01";Davis.
1480800;1481760;"02";Davis, pode ser.
1481920;1482360;"02";Davis.
1482900;1485300;"01";O que sabem sobre a dentição do...
1485300;1486280;"01";Calma, deixa eu usar a voz.
1486720;1489860;"01, 02";As pessoas sabem que alguém morreu nas ruas e que o melhor é ficar em casa.
1490160;1491380;"01, 02";Caraca, é que lugar bom, né?
1491460;1493200;"01, 02";Quando dá um problema as pessoas ficam em casa.
1493440;1495860;"01";O que o Medin, em 1914, não faz, né?
1496720;1497840;"01";Rola dois dados.
1498160;1499640;"02";E falha pra gente ter aventura.
1501080;1502300;"04";Três e três.
1502860;1503060;"04, 02";É isso aí.
1503060;1504080;"01, 04, 02";É o que você falou agora.
1504460;1505940;"01, 02";É o momento que o Messi fica feliz.
1506060;1506940;"02";Queimando a jogadora.
1507420;1510100;"02";Um dado é uma arma que não foi feita pra ser uma arma.
1510200;1510500;"01, 04, 02";E morreu.
1510520;1512320;"01, 03, 02";Você fala isso até ser atingido por algo.
1512620;1516980;"02";É, entre uma escopeta e uma dela, eu preferi enfrentar uma vida de carta.
1517480;1520460;"01";Poxa, só um negócio que eu percebi agora, a gente tá sem pote, né?
1520840;1521240;"02";Ah, sim.
1521360;1522840;"02";Espero que todo mundo esteja gravando localmente.
1523000;1523160;"01";Sim.
1523640;1523960;"01, 02";Sim.
1524300;1525700;"01, 04, 02";Deixa eu conferir se eu tô gravando localmente.
1525860;1528340;"04, 02";Aquele calor que sobe, né?
1528420;1529060;"04, 02";Aquele...
1529060;1532980;"03, 02";Eu fechei tanta coisa pra fazer funcionar a live e não tá funcionando.
1533820;1534680;"03, 02";Deu até o...
1534680;1535280;"02";Vamos lá.
1535280;1538520;"03, 02";O Zorzal tava por aí na live, inclusive.
1539200;1541960;"02";O Zorzal tá anotando, ele edita só com o que ele anotou da live.
1542420;1542820;"00, 02";Vamos lá.
1545320;1545800;"02";Voltando.
1545940;1547640;"02";Mantenho a atenção, Zorzal.
1548140;1552380;"00";Como eu cheguei do meio pro fim da live, eu só editei o meio do fim do episódio.
1552540;1554000;"00";O resto eu não editei.
1554960;1558120;"00";E ele só tá aí, sei lá, mágica mesmo.
1558380;1558840;"00";Boa noite.
1559240;1561080;"00";São três e vinte da manhã, eu tô acabando.
1561620;1562040;"00";Tá ótimo.
1562040;1565040;"00, 02";O motivo da Inglaterra vencer...
1565280;1565760;"02";Segunda guerra...
1565760;1566440;"02";A primeira guerra.
1566980;1569920;"02";Daqui a alguns anos, é esse homem, gente.
1571180;1572280;"01, 02";Isso que eu tô dispensado.
1573180;1577300;"02";Ah, primeira guerra, eu acho que na segunda leva os dispensados são levados também.
1577940;1578860;"01, 02";O teu tio arranca...
1578860;1580300;"01, 02";Perdido sou eu, a razão, né?
1583600;1584320;"02";Voltando, editor.
1584740;1588160;"02";A criatura tinha arrancado o braço do homem, ele morreu por sangramento.
1588760;1590120;"02";Não, porque engoliu a criatura inteira.
1590360;1591140;"02";Chate, por favor.
