0;10120;"02";Se eu pegasse a ilha e esse helicóptero, e aí tudo faz sentido, porque aqui tem um zumbi e ali não tinha, e agora...
10120;15000;"02";É isso! É isso! Eu sabia! Eu sabia! O Guaxaverso existe!
15120;15960;"01";Como assim?
16180;18000;"01";Você entendeu a referência do último episódio?
18240;18960;"02, 01";Olha só, quase tudo!
18960;19620;"02, 01";Não, o Guaxaverso sabe!
19620;20960;"02, 03, 01";Espera! O que é o Guaxaverso?
20980;22980;"03, 01";Era só uma questão de tempo!
23080;24220;"01";Todo mundo conheceu!
24220;24540;"01";O Guaxaverso sempre existiu!
24540;27180;"03, 01";Eu quero entender o Guaxaverso!
27220;28560;"03, 01";Alguém me explica o que é o Guaxaverso?
28560;32020;"04, 03, 01";É, pessoal, não existe o Guaxaverso!
32100;33720;"04, 01";Eu acredito no Guaxaverso!
33820;36560;"04";Mas supondo que ele exista...
37880;41540;"05";Guaxaverso, onde o que não existe é debatido!
44980;50780;"04, 03";O Giovanni se chamar Marcelo me enxergou de vez. Eu fiquei chateado com ele.
50900;53560;"00";Ah, fazer o quê? Nem todo mundo respeita o nome Marcelo.
53560;58200;"04, 00";É assim, mas o que combinaria com uma dupla Marcelo? Não sei.
58560;61340;"04";Porque assim, Jean e Marcelo já não daria.
61660;67040;"00";Não. Talvez Marcelo e Marmelo, mas um deles ia acabar morrendo.
67540;68760;"04, 03";É verdade. É verdade.
69620;73300;"04";Olá, eu sou Marcelo Guaxinim, narrador, produtor, idealizador, podcast da Realidade do Paralelo Guaxinim.
73300;77760;"04, 03, 00";E não é Guilherme, é Gabriel. E não é a primeira aventura, é a terceira aventura.
78180;79520;"04";Fora isso, tá tudo certo.
79880;81920;"04";Pra quem não sabe, o Guaxaverso é o nosso antigo escudo-mestre.
82020;84200;"04";Aqui vamos ler os comentários e discutir as teorias do último episódio.
84520;88400;"04";Que, no caso, foi Convite Casamento, RPG Guaxa 101.
88560;95920;"04";E hoje eu tô aqui, não com o Guilherme, não com a Ju, mas com o Gabriel Ballardino.
96260;96640;"04, 00";Olá, Gabriel.
96660;97560;"04, 00";Olá, Guaxa.
97560;101980;"00";É, eu já tô acostumado a ser chamado de Guilherme algumas vezes.
102380;107880;"04, 00";E considerando que a música Convite de Casamento não se chama Convite de Casamento, fez tudo parte...
107880;107900;"04, 00";É verdade.
108060;109560;"00";Fez tudo parte ali do plano secreto.
110300;114260;"04";Por sinal, daqui a pouco, eu vou ler vários nomes que são padrinhos.
114400;117320;"04";Tá acumulado, inclusive, eu não li no passado.
117640;118360;"04";O que você quer apoiar?
118360;118420;"04";O que você quer apoiar?
118420;118540;"04";O que você quer apoiar?
118540;122480;"04";O RPG Guaxa, assim como o Ballardino, seja nosso padrinho.
122740;126740;"04";Você pode apoiar a partir de um real, ou a partir das reais você faz parte do grupo da taberna, né?
127100;130240;"04";Ballardino, como é a sua experiência em estar no grupo de padrinhos?
130480;131820;"00";Ah, é maravilhosa, né?
132080;139540;"00";Eu, inclusive, fico aqui, geralmente, nos comentários, fazendo um milhão de elogios,
139660;143880;"00";chamando todo mundo pra vir, porque só tem gente linda, só tem gente linda.
144480;146440;"00";Alguns eu já pude encontrar pessoalmente.
146440;148400;"00";A primeira pessoa que eu encontrei na taverna...
148400;150740;"00";A primeira pessoa que eu encontrei na taverna foi a Dani, que mora longe pra caramba de mim,
151260;154540;"00";mas já teve encontro, eu gosto de encontro aqui no Rio de Janeiro,
155020;157620;"00";então eu pude conhecer o Tiki, conheci o Zorzal.
158000;160440;"00";A gente sempre tá conversando, sempre tem gente jogando,
160940;163720;"00";sempre tem gente falando quando a gente tá triste e tal.
164240;168260;"00";Tem uns grupos secundários que são lindos, agora tá começando o grupo da Copa.
168760;174680;"00";Tem o grupo LGBT, que, poxa, é uma coisa fofa, mas aí você só pode entrar se for do Vale, né?
174780;175840;"00";Mas é uma delícia.
176160;176540;"04";É verdade.
176540;177420;"04";A delícia.
177480;177560;"04";A delícia.
177560;180480;"04, 00";Eu que quero entrar no da Copa, eu não vi, eu perdi essa discussão.
180500;184540;"00";É, o Jean que tá vendo, só vou marcar ele lá.
184680;186340;"04";Não quero mais entrar no da Copa.
187960;190440;"04";Não, mentira, Jean me coloca lá depois, gente.
192120;195660;"04";Talvez a gente faça um bolão, valendo alguma coisa legal ali, mas a gente vê, a gente conversa.
195780;196140;"04";Sim.
196460;201800;"04";Mas, se você quer apoiar o projeto e não tem dinheiro, não quer, quer dizer, se você...
201800;204900;"04";Eu não quero fazer parte do grupo do Telegram porque eu sou muito antissocial.
204900;207220;"04";Você pode só assinar, gente, não precisa clicar no link.
207560;208000;"04";Vem, tranquilo.
208180;211520;"04";E, se você quiser apoiar também do jeito grátis, é seguir nas redes sociais.
212040;214420;"04";Arroba o Marcelo Gostinho, arroba a RPGuasta no Twitter quanto no Instagram.
214920;220740;"04";E segue a gente na twitch.tv barra RPGuasta, que é onde estamos agora, nesta noite de
220740;224020;"04";quarta-feira, devido ao feriado, a gente passou a leitura pra hoje.
224160;231260;"04";Era pra ser ontem, mas eu gravei ontem a aventura que faltava de 2022, então pra esse ano
231260;232640;"04";todos os episódios estão gravados.
232640;237300;"04";Teve que ser ontem porque eram pessoas com horários horríveis, que é a Jujuba, por exemplo,
237300;240660;"04";que faz faculdade à noite, ela só poderia fim de semana, mas aí fim de semana eu tava
240660;246260;"04";fora, eu voltei ontem e tal, e a Ágata também, que trabalha no horário da noite, né, com
246260;250500;"04";um TI, se eu não me engano, e não sei a Amanda, mas a Amanda tava lá também, tava
250500;251060;"04";tão muito feliz.
251480;254580;"04";Um dia vocês vão ouvir, ainda este ano, vocês vão ouvir essa aventura.
254840;258640;"04";Mas não é sobre aventuras que vão acontecer, que a gente tá aqui hoje, a gente tá aqui
258640;266400;"04";pra ler as perguntas e comentários que vocês fizeram lá no post do deviante.com.br barra
266400;267200;"04";podcast.com.br.
267300;267880;"04";Aqui pega a guacha.
268560;273040;"04";O primeiro comentário é do Jorge Marcos Santos Silva, e ele coloca, essa era uma música
273040;277800;"04";que eu tinha um pouco de vergonha de admitir, antes de qualquer coisa, assim, eu suponho
277800;283000;"04";que você ouviu o episódio, eu espero, caso você tenha esquecido, talvez, teve gente
283000;286700;"04";que disse, ah, eu tô ouvindo todos os episódios, depois eu vou voltar e ouvir os guachaversos,
286760;287180;"04";tá errado.
287920;292360;"04";Você faz o que quiser, o ideal é que não discute, sei lá, pulei o episódio e tô
292360;293300;"04";ouvindo só o guachaverso.
293660;297280;"04";Não, não faz isso, mas caso aconteceu, a gente tá falando do episódio que foi
297300;303020;"04";baseado na música de Jane Giovanni, que não se chama Convite Casamento, ela se chama
303020;308960;"04";O Grande Amor da Minha Vida, que é um péssimo nome, o Roberto Carlos tem uma música com
308960;314340;"04";o mesmo nome e totalmente diferente, inclusive, eu acho que ele gravou antes, até, péssimo,
314460;318100;"04";Convite Casamento é um nome muito melhor e a aventura se baseou nesta música.
318740;322680;"04";Voltando, então, o que o Jorge Marcos Santos Silva tá dizendo é que essa era uma música
322680;327220;"04";que eu tinha um pouco de vergonha de admitir, que sabia a letra inteira, porque eu era adolescente
327220;327280;"04";na época, e eu não sabia a letra inteira, porque eu era adolescente na época, e eu
327300;331140;"04";era adolescente na época, e era do rock, aquelas coisas bestas que só fazemos na
331140;332040;"04";adolescência mesmo.
332260;334900;"04";Bom dia, senhor guacha, convidade, que é o Balardino.
335080;336720;"00";Bom dia, boa noite, né?
336900;340300;"04, 00";É, depende do lugar.
341020;342860;"04";Ouvinte Nins e chat, tudo bem com vocês?
343020;344320;"04";Tudo bem comigo, tudo bem contigo, Balardino?
344380;345520;"04, 00";Ah, sim, agora bem melhor.
345860;351020;"04";Hoje vim só oferecer biscoito a todos, mesmo por essa história divertida e gostosa de
351020;351380;"04";ouvir.
351840;354040;"04";Além de risadas, me trouxe um quentinho no coração.
354040;356720;"04";Vou ficando por aqui, mais sossegado.
356720;362040;"04";Forte abraço a todos, força e luz para todos nós, e até mais, até mais, querido.
362140;364120;"00";Em adolescência a gente tem uma bobeira mesmo, né?
364160;368140;"00";Essa coisa de, ah, não gosto disso, ah, eu só vou me vestir preto.
368360;375600;"04";É assim, a minha adolescência lá em 1990, tinha o grupo dos roqueiros e dos pagodeiros.
376100;379380;"04";Ambos usavam calça baixa pra poder mostrar cueca.
380020;384540;"04";A diferença é que a do pagodeiro era cueca com estampa, e eles lavavam a cueca.
384540;386420;"04, 06, 00";Essa era a diferença.
386720;389180;"00";E você tava em qual grupo?
389340;391300;"04, 00";Você tava nos pagodeiros ou tava nos roqueiros?
391380;396960;"04, 00";Eu tava no, eu era eclético, eu tinha uma cueca simples, mas lavada.
397480;399220;"04";Porque a minha mãe, a minha mãe era dedicada.
399460;400080;"00";Ah, sim.
400200;403640;"00";É, uma alternativa também seria usar calça baixa e não usar cuecas.
403960;404900;"00";Assim ela não ficava suja.
405100;405320;"04";É.
406300;406740;"04";Ok.
407440;409700;"04";Há sempre, há sempre uma possibilidade.
410760;411640;"00";Ai, ai.
412140;414720;"00";Vamos lá, pra eu não falar, pra eu falar menos besteira.
415160;416700;"00";É, eu peguei um comentário pequenininho.
416720;417780;"00";Ó, a culpa não é minha.
418420;419940;"00";Vô que perdeu tudo no jogo.
420580;423360;"00";Amor é uma flor roxa que nasce no coração de trouxa.
424180;428920;"00";É, eu não concordo muito porque o amor, ele não é uma flor, né?
430780;431220;"unknown";Mas...
431220;432820;"00";Ele nasce em trouxa.
433580;434880;"04, 00";E também quem não é trouxa.
435100;436640;"04";O TR Silva coloca...
436640;437180;"04";Gosto muito...
437180;439580;"04";Ele nem dá boa noite, ele vai embora, olha só.
439840;441940;"04";Gosto muito dos episódios baseados em música.
442440;445600;"04";Quando a morte apareceu, pensei no episódio de queimada.
445600;446600;"04";E achei que não...
446720;448960;"04";Ia ser porque eu nunca pego as referências.
449380;450640;"04";Toma, hoje pegou a referência.
450980;453620;"04";Guaxa, traz a continuação do episódio da Ilha das Formigas,
453680;455300;"04";que era meio One Piece, meio Renterrante.
455600;459380;"04";Ia ser legal ligar esse episódio com a saga dos ratos e do esgoto.
459580;460120;"04";Ia ser legal?
460240;460740;"04";Ia ser legal.
460900;461540;"04";Vai acontecer?
462220;463060;"04";A princípio, não.
463380;464280;"00";Mas era o mesmo...
464280;465000;"00";Era a mesma linha?
465320;466000;"03";Não sei, cara.
466120;466540;"03";Não sei.
466660;467380;"03";Esse é outro episódio.
467560;467820;"03, 00";É.
468160;469340;"04, 00";Eu realmente não faço essa.
469340;469900;"04, 00";Eu também não.
470300;473400;"00";Eu gosto de analisar as linhas do Caio lá, mas eu não sei, não.
473900;474400;"00";Vamos lá.
475020;476680;"00";Chegando na Lua.
476720;478860;"00";Olá, Guaxa e Guaxa Ouvindades.
479100;479900;"00";Olá, Chegando.
480100;480340;"00";Olá.
480640;483020;"00";Este será um comentário curto para a alegria de todos.
483660;486100;"01, 00";Não, Guaxa ia ficar mais feliz se caísse pra ele.
486500;490080;"00";Eu ouço o RP Guaxa desde o segundo episódio, mas sou low profile.
490720;492360;"00";Nunca senti a necessidade de comentar.
492560;493400;"00";Mas Guaxa...
493400;495120;"00";Guaxa do céu, tu é um homem...
495120;495920;"00";Um gênio homem.
496500;497080;"00";É só isso.
497500;498720;"00";Tive uma epifania nos minutos iniciais.
499500;500120;"00";Fez meu dia.
500520;502160;"00";Nem terminei de ouvir, mas nem precisa.
502560;504060;"00";Eu comecei o episódio pensando.
504180;506500;"00";Poxa, vai ser só um episódio bonitinho.
506720;507600;"00";Ligação com os outros.
508080;509580;"00";Daí comecei a receber o drama.
509960;510740;"00";E eu amo drama.
511120;512820;"00";Depois, não é que tem ligação?
516260;518520;"00";Parabéns a todos os envolvidos e em té.
518880;519440;"04";Em té, querido.
519460;520620;"04";Muito obrigado pelo comentário.
520720;523320;"04, 03";Um gênio é um exagero, mas obrigado.
524080;525280;"04";O Rafael Andrade coloca.
525560;527480;"04";Bundinha e bundão a todos.
528300;530140;"04";Lendo e escutando.
530460;531620;"04";Como vocês estão?
532460;533620;"04";Tô, tô, bundinha.
533620;536080;"04";É melhor que tá bundão, eu imagino.
536720;537520;"04";Não sei.
537700;538160;"04";Depende.
538400;539080;"04";Depende muito.
540080;544740;"04";O que dizer sobre esse episódio, além de que foi maravilhoso e muito gostosinho de ouvir.
545220;546700;"04";Ainda mais com o final como foi.
547260;548780;"04";Muitas felicidades a todos.
549440;553960;"04";Esse episódio também funciona como um recado a todos que sentem medo de demonstrar o que sentem.
554640;560760;"04";É muito melhor falar logo que gosta de alguém do que plantar a semente da incerteza e deixar ela crescer.
561440;562720;"04";Sejam corajosos.
563140;564000;"04";É isso que a música fala.
564000;566000;"04";A música fala de um cara que nunca...
566720;567340;"04";Nada.
568280;572440;"04";E um dia descobriu que demorou demais, né?
572540;573540;"04";A menina casou.
574020;574400;"04";Como é que é?
574520;575880;"04";Camarão que dorme, a onda leva.
576000;576380;"04";É isso.
576580;577620;"04";Tem um outro poeta que diz.
578020;579140;"04";Uma coisa sobre a morte em si.
579360;584240;"04";Eu vejo ele muito com roupão branco e tranquilo tomando um chocolate quente.
584820;586620;"04";Em dia de paz e tranquilidade.
586740;589580;"04";Eu não acho que a morte tem um dia de paz e tranquilidade assim normalmente.
590320;591760;"04";Mas também imagino ele fazendo isso.
592040;592400;"04";E outra.
592740;593740;"04";Onde está a vida?
593740;595580;"04";Ela também possui uma personificação?
595940;596620;"04";Existe alguém que leva?
596720;597980;"04";As almas para o mundo espiritual?
598260;601060;"04";Também deve ter alguém que volta as almas de reencarnação.
601260;602040;"04";Completando o ciclo.
602420;605760;"04";Espero ver ela em futuros episódios, mas por enquanto.
605980;609240;"04";Vamos nos deliciar com esse episódio em si.
609640;612900;"04";Nunca pensei em uma personificação da vida.
613500;614040;"04";Vou anotar.
614220;615580;"04";Não sei se vou usar, mas obrigado.
615820;622140;"00";Mas você trabalhou com essa ideia de voltar à vida, de nascer naquele episódio dos trigêmeos.
622220;622720;"04, 00";Da Rita.
623140;623620;"04";É, sim.
623620;626640;"04, 00";Tem a aranha, que é bem bonito aquele episódio.
626720;627580;"00";Eu também, diga-se.
627940;631440;"04";Sim, aliás, é uma alegoria para a vida, mas uma outra ideia.
631660;632060;"04";Sim.
632220;633060;"04";Eram outros tempos.
633700;634700;"00";Tempos mais...
634700;637340;"00";Tempos de um guacha mais feliz e otimista?
637660;638100;"03";Não sei.
638360;639400;"03";Eram só outros tempos.
640820;641700;"00";Olha, Ju.
642420;643780;"00";Juliana Leiva.
644340;644980;"00";Oi, guacha.
645140;645980;"00";Guacha-o-vindade.
646320;647040;"00";Oi, Ju.
647460;648420;"00";E guacha-o-munidade.
648920;651340;"00";Já pararam para beber ao menos um gole de água?
651540;651820;"04";Já.
651940;652400;"04";Está acabando.
652400;653660;"04, 00";Está quente para caramba hoje.
653660;654640;"04, 00";Vou beber aqui mais um.
654800;655560;"04";É um absurdo.
655760;656560;"04";Tem que vestir camisa.
656720;657360;"04";É para gravar podcast.
657480;657840;"04";Socorro.
658380;662380;"00";É, essa coisa de ter que colocar câmera faz isso, né?
662420;663180;"00";É uma droga.
663740;664180;"00";Dois.
664620;665600;"00";Eu amei esse episódio.
666100;669300;"00";A hora que começou a introdução, eu já estava dando pulinhos empolgadas.
669440;669940;"00";Ha, ha, ha.
670420;675960;"00";Drama, novelão, alívio cômico, romance, narração, jogadores, NPCs, edição.
676320;678580;"00";Teve de tudo e todos foram incríveis.
679140;683160;"00";Ainda tratou-se com delicadeza e naturalidade sobre a pluralidade entre as pessoas.
683160;684880;"00";E isso é sensacional.
685280;686580;"00";Obrigada por esse podcast.
686580;687540;"00";Senhor Guaxinim.
687740;688120;"00";Três.
688600;694080;"00";Seria coincidência um episódio do Guaxa narrado com o sistema G&G inspirado numa canção
694080;697240;"00";interpretada por outro G&G, Jean e Giovanni?
697560;698580;"04";Eu não tinha pensado nisso.
698740;699200;"04";Olha só.
699520;701300;"00";Nossa, muito bom, inclusive, né?
701820;702300;"00";Genial.
702460;704140;"00";Pode agora fingir que foi mesmo, Guaxa.
704260;704480;"04";Foi.
704580;705540;"04";Foi exatamente por isso.
705680;710380;"00";Para finalizar, deixo bem casados para vocês, acompanhados de um bilhete de agradecimento
710380;713780;"00";com o Guaxinim desenhado num cantinho rabiscado no verso.
714000;714400;"00";XD.
714400;716400;"04, 00";O Jean Macedo colocou que o guitarra...
716580;719000;"04";Rabiscado no verso é Vral, no centro do bilhete.
719200;721540;"00";Juliana Leiva completou Vapo Vapo.
721720;727380;"04";Isso é o idioma próprio de um canto esquecido da taberna, gente, que eu não recomendo vocês
727380;727860;"04";a conhecerem.
727960;731220;"00";Pode ser também da torcida do Flamengo, que a gente gosta de Vral e Vapo Vapo lá.
731680;732360;"04";Mas é outra história.
732480;732980;"04";Tá bom.
733180;734300;"04";Não vou...
734300;738960;"04";Tudo que eu sei de futebol, vocês vão conhecer no próximo episódio.
739580;741820;"04";Juscelio Machado Cassetari.
742300;743120;"04";Espero ter acertado.
743120;746380;"04";Eu acabei de pôr o episódio para tocar, mas...
746380;749500;"04";Meu Deus, a introdução eu já estava ficando empolgado.
749900;754240;"04";Mas quando eles acharam a carta, eu já estava cantando a música de acordo com o que você está narrando.
754900;757160;"04";Eu cresci ouvindo essa música graças à minha mãe.
757560;759180;"04";Eu também, minha mãe sempre gostou muito de sertanejo.
759600;763200;"04";Infelizmente, não vou terminar de ouvir à noite, porque o intervalo de trabalho está acabando.
763480;765020;"04";Quando terminar, eu volto para comentar de novo.
765140;766060;"04";Vamos aguardar.
766340;766680;"00";Sim.
767260;768240;"00";Marlon Ferri.
768520;770220;"00";Olá, Guaxa e Guaxomunidade.
770800;772780;"04, 00";Então eu não respondo porque ele não falou comigo, certo?
772780;773940;"04";Tu é da Guaxomunidade?
774140;775120;"00";Ah, sim, é verdade.
775240;775940;"00";Então, olá também.
776380;777760;"00";Guaxomunidade é tipo todo mundo, né?
778020;778200;"03";É.
778560;782440;"00";Finalmente aparecendo para comentar e deixar meu carinhoso ler mais.
782740;783120;"00";Ou não.
783520;784300;"00";Não, não deu não.
784920;790580;"00";Sou da parcela de ouvintes envelhecida em Barris de Carvalho, que lembra de quando essa música fazia sucesso nas rádios.
790960;792280;"00";Olha, essa música não era tão velha assim não.
792340;795340;"00";Minha mãe não lembrava dessa música e eu não faço a menor ideia de o que ele cantava.
795840;799180;"00";Quando anunciou o nome do episódio, pensei de cara na música.
799420;801900;"00";Meio incrédulo de que realmente seria, mas foi.
801900;806220;"00";Ao começar a escutar, esperava um romance em poste de mel do Adam Sandler.
806380;808660;"00";E mais um engano, uma quebra de expectativa.
809060;812900;"00";Foi adicionado uma dose de Billy Mandy e depois outra camada de Constantine.
813260;816140;"00";Praticamente o episódio virou o Pactos de Anjovani.
816420;816900;"00";Tem ligação?
817260;818860;"04";Não, mas boa lembrança.
819200;821580;"00";Resultado de mistura toda. Maravilhoso.
822380;826180;"00";Biscoitos em formato sortidos e cores diversas para todos.
826720;828860;"00";Não perdi a frase deixada sutilmente de
828860;831720;"00";No fim do mundo em 10 ou 20 anos.
831920;832640;"00";Como assim?
833080;834760;"00";Por favor, explique mais, Guaxa.
834940;836360;"04";Tem outro comentário que fala disso.
836420;838000;"04";Mais abaixo, eu prometo que vou responder lá.
838340;838740;"00";Nota.
839160;843440;"00";Quando ouvi que o Silvio era quem era, liguei o nome no casamento
843440;846440;"00";e a imagem do esqueleto de He-Man e da Barbie voltaram à minha mente.
846820;848420;"00";Quase explodi rindo no trabalho.
849120;849760;"00";Nota 2.
850200;852300;"00";Escuto desde o episódio 5 no Spotify.
853100;854780;"00";Muito obrigado por mais esse episódio.
855040;855640;"00";Até o próximo.
856020;856360;"04";Até o próximo.
856440;857980;"04";Espero ter ouvido os 4 primeiros também, né?
859380;862040;"04";Provavelmente ele ouviu desde que lançou o episódio 5, mas ele ouviu tudo.
862160;862700;"04";Eu acho que é isso.
863300;864560;"04";O próximo comentário é um absurdo.
864640;866040;"04";Eu queria deixar aqui registrado.
866380;871260;"04";Da pessoa que só comenta no episódio que joga, que é o caso do Gabriel Ballardino.
871820;872460;"04";E ele coloca.
872940;876940;"04";Só vim comentar que, se eu não comentar nesse episódio, seria ou não absurdo.
877040;877460;"04";Seria absurdo.
879900;885260;"00";Aliás, eu vou comentar de novo porque eu não consigo resistir a trazer notícias do mundo.
885480;885680;"00";Tá.
885980;887520;"00";Felipe Augusto de Oliveira.
887860;889580;"00";Olá, Guaxa e Guaxa Humanidade.
890220;895060;"00";Venho trazer docinhos de casamento para todos os 50% envolvidos nesse episódio incrível.
895580;896300;"00";Sobre...
896300;896820;"00";Episódio.
897360;902840;"00";Na parte em que o Silvio, o espírito do Natal, barra morte, fala sobre mudar uma linha,
902960;906000;"00";me veio na cabeça o episódio De Volta pra Pista.
906500;910640;"00";Já que nesse episódio temos uma mudança na linha temporal e também se passa nos anos 90.
910980;911620;"04";Não é o caso.
911880;912180;"04";Beleza.
912180;915240;"04, 00";O Silvio, o espírito do Natal, barra morte, faz...
915240;915960;"00";Ele é doutor.
916300;919600;"00";Faz toda essa bagunça para evitar o casamento do Gabriel.
920100;921300;"00";Tiveram um encontro naquela...
921300;923300;"00";Naquela depois, naquela igreja.
923780;925700;"00";E só vão se encontrar no...
925700;928040;"00";Queimada Ascensão das Vendareles Cobras Roxas?
928360;930860;"00";Em que o Gabriel diz que o Silvio prometeu ligar no dia seguinte?
931420;932640;"00";Meio cafajeste esse Silvio.
932880;937740;"04";Então, depois daquele casamento, os dois tiveram algum tempo de romance.
938360;941420;"04";Mas, realmente, a morte trabalha bastante, né, gente?
942100;944240;"04";E acabou não ligando.
944780;946920;"04";E daí dá aquele problema que a gente vê em Queimada.
947380;949800;"04";Então, você que é fã da morte...
949800;951360;"04";Ela não seja fã da morte.
951360;953740;"04";Fica bem creepy, inclusive.
954460;954860;"04";Mas...
954860;955560;"04";Ela não é tão...
955560;956200;"04";Tão boazinha.
956340;956680;"04";Olha só.
956740;957860;"00";É, e assim...
957860;961460;"00";A última vez que o Gabriel trabalhou foi há dois mil e poucos anos atrás, né?
961540;964180;"00";Então, eles têm aí um problema de agenda, né?
964440;964660;"06, 00";É.
964880;968180;"00";Quando o Guaxa falou do esqueleto dentro do carro, eu pensei...
968180;969960;"00";Seria engraçado ter uma Barbie ali junto.
970360;977660;"00";Por fim, me identifiquei com a personagem da Fabi na parte de derrubar pessoas em veículos de duas rodas abrindo a porta do carro.
977940;979680;"00";Eita, eu acho que ele é fã da morte mesmo, cara.
979680;981880;"04";É, não faça isso, por favor.
982400;985480;"04";Eu tenho medo do número de personagens que estão surgindo nessa leitura de comentários.
985560;988860;"04";Porque agora temos a Coelha de Alcantarilla.
989180;991760;"04";Que não tem nenhum coelho lá, mas ok.
992100;993340;"04";Quanto tempo, Sr. Guaxinim.
993440;998680;"04";Até mudei o nome da minha conta, porque pretendo virar uma comentarista constante aqui no Guaxa Verso.
998980;1005260;"04";Como deve-se lembrar, sou o ponto fora da curva que estava pelo nome de A Criativa Arco-Eras.
1005640;1005920;"04";Ok.
1006480;1007060;"04";Mas, enfim.
1007520;1008960;"04";Boa hora do dia, Guaxa.
1009240;1010380;"04";Convidate, que é o Malardino.
1010400;1010560;"04";Olá.
1010740;1011040;"04";Chat.
1011520;1013240;"04";Ouvinte e futura Fabiola.
1013240;1013620;"04";Ah, tá.
1013700;1014420;"04";Ela também é Fabiola.
1014720;1015240;"04";Que vai ouvir esse...
1015560;1017400;"04";A gente já falou sobre nomes repetidos, né?
1017440;1018660;"04";Temos uma outra Fabiola aqui.
1018900;1019720;"04";Que vai ouvir esse episódio.
1019900;1020420;"04";Ó, Guaxa.
1020500;1023000;"04";Escuto esse podcast há três anos e meio.
1023540;1024940;"04";E nunca vou me cansar dele.
1025460;1028960;"04";Conheci o RPG Guaxa quando estava na minha fase de ser obcecado por RPG.
1029620;1031320;"04";Tudo que eu pesquisava era sobre RPG.
1031860;1035640;"04";Porque fora da internet, ninguém que eu conhecia nem sabia o que era isso.
1036080;1040120;"04";Aí eu encontrei o seu podcast no Spotify, maratonei e virou o meu podcast favorito.
1040320;1041880;"04";E meio que o único que eu escuto.
1041880;1044620;"04";Eu escuto em quase toda situação, lavando louça.
1044620;1047700;"04";Fazendo o dever enquanto eu desenho.
1047760;1050040;"04";Até a minha mãe é fã das aventuras do Guaxa Verde.
1050100;1050540;"04";Olha que legal.
1050720;1051000;"04, 00";Olha.
1051300;1055960;"04";Uma promessa que eu tenho é que quando eu for maior de idade, daqui a dois anos.
1056020;1056920;"04, 06";Ai, que bonitinho.
1056940;1060520;"04, 06";E arrumar um emprego, ser uma madrinha desse projeto que eu amo tanto.
1060900;1062980;"04";Provavelmente invoquei o Maquiaveli que fez mais.
1063060;1063700;"04";Não, não invocou.
1064240;1066620;"04";Então toma os biscoitos de cenoura como desculpa.
1066960;1067360;"04";Coelhinho.
1068080;1068840;"04";Muito obrigado, Coelha.
1068900;1071620;"04";Muito obrigado pelo seu comentário fofíssimo, maravilhoso.
1072200;1073980;"04";E a taberna te espera de braços abertos.
1073980;1074580;"04, 00";Ah, com certeza.
1074580;1074600;"00";Com certeza.
1074960;1076620;"04";Será que daqui a dois anos vai ter ainda...
1077340;1078320;"04, 00";Ah, vai.
1078420;1078920;"00";Com certeza.
1079060;1081800;"00";A gente vai ter que levar esse projeto até o mil, pelo menos.
1082040;1082400;"04";Tá bom.
1083120;1084140;"04";É uma promessa.
1085020;1086240;"04";Aí no mil talvez eu pare.
1086580;1086780;"00";M.
1086960;1087360;"00";Frese.
1087940;1088860;"00";Saudações, Guaxa.
1089360;1090220;"00";Juvidade do dia.
1090860;1091260;"00";Saudações.
1091740;1093720;"00";E todos os Guaxas da Guaxa Humanidade.
1094020;1094520;"00";Como estão?
1094860;1095340;"00";Eu tô bem.
1095680;1096340;"04, 00";E você, Guaxa?
1096520;1097180;"04";Eu tô bem.
1097300;1097580;"04";Tô bem.
1097760;1098880;"04";Tô calor, mas tô bem.
1098920;1099660;"04";Então é isso aí.
1099900;1100700;"00";Aqui tá frio.
1101180;1102100;"00";Estamos invertidos.
1102540;1104440;"00";Rio de Janeiro tá frio e o sul tá quente.
1104440;1107420;"04, 00";É, mas assim, provavelmente a temperatura aí é maior do que aqui.
1107860;1108440;"04";Mas eu entendo.
1109520;1109960;"00";Talvez.
1111620;1112440;"00";Finalmente vim comentar.
1113460;1116280;"00";Adentrei essas realidades paralelas no episódio 19.
1116480;1117360;"00";Sangue no espaço.
1117620;1117920;"00";Nossa.
1118760;1122480;"00";Mas nunca comentei porque sempre procrastino ou perco o prazo.
1122920;1124420;"00";Mas não tem prazo pra comentar.
1124600;1124960;"00";Não, tem.
1125080;1125900;"04, 00";Talvez não seja lido.
1126160;1126620;"04";Tem, é.
1126680;1127420;"04";Tem pra ser lido.
1127560;1129860;"04";Quer dizer, todos são lidos em algum momento.
1130500;1134080;"04";Mas pra ir pro podcast só seguindo esse comentar tempo.
1134080;1134400;"04, 00";Sim.
1134400;1134920;"04, 00";Verdade.
1135340;1138420;"00";Mas dessa vez estou comentando enquanto procrastino.
1138920;1140140;"00";Então está tudo certo.
1140400;1142760;"00";Mas se você tá comentando, você não tá procrastinando.
1143000;1146480;"04";A menos que ela tivesse alguma coisa muito urgente que ela deveria estar fazendo agora.
1146720;1147200;"00";Ah, verdade.
1147820;1149840;"00";Mas aí ela só definiu prioridades errado.
1150320;1151240;"00";Eu faço isso o tempo todo.
1151520;1151800;"04";É, ok.
1152520;1153420;"04";É, pô, é a minha vida.
1153720;1154800;"04, 00";Eu vou ter mais pra provar.
1155440;1157140;"00";Que episódio gostoso de ouvir.
1157500;1158560;"00";Foi divertidíssimo.
1159100;1161400;"00";Todos foram 113% de episódio.
1161500;1162660;"00";Eu gostei dessa porcentagem.
1162940;1164380;"00";Tinha até um senhor barato.
1164380;1165340;"00";Passo no episódio.
1165520;1166020;"00";Olha só.
1166740;1170000;"00";Vou tentar poupar o nobre leitor do terrível ler mais.
1170680;1172360;"00";Mas farei apenas um comentário.
1172940;1173720;"00";Vamos abrir aqui.
1174680;1180720;"00";Fiquei esperando até o final do episódio o Guaxa dizer que o convite que as personagens encontraram em casa não era pra elas.
1181060;1184560;"00";Mas sim, o convite que o Gabriel mandou para o Silvio.
1184740;1185340;"00";Digo morte.
1185980;1187340;"00";Como assim era realmente pra elas?
1187860;1191580;"00";Não que a justificativa das almas trigêmeas não tenha me convencido.
1192060;1193980;"00";Um, dois, três, somos trigêmeas sim.
1193980;1194840;"00";Cof, cof.
1195840;1199140;"00";Mas tenho certeza de que o Silvio, usando alguns locos pocos,
1199580;1203420;"00";para fazer com que ficasse igual a letra da Lili aos olhos das garotas.
1203560;1206180;"00";Afinal de contas, Gabriel também não queria casar.
1206340;1208000;"04";É uma teoria, mas não é verdade.
1208100;1209580;"04, 00";É, nenhum dos dois queria casar ali.
1210480;1211120;"04";Não, ninguém quer.
1211180;1212580;"04";Assim, no fundo, ninguém quer, gente.
1212680;1213340;"04";Queria deixar que eles casassem.
1213340;1214160;"04, 00";É, pois é.
1214240;1216400;"00";As pessoas casam porque acontece.
1216620;1216960;"04";Mentira.
1217080;1218300;"04, 00";Beta, se estão me mentindo.
1220280;1220980;"04";Foi humor.
1221720;1222460;"04";O nome do seu é humor.
1222460;1223520;"04, 00";É, no meu caso,
1223520;1224380;"00";eu acho mesmo.
1224920;1227240;"00";Por hoje, deixarei só esse devanir mesmo.
1227660;1229760;"00";Deixarei os teóricos profissionais especularem
1229760;1232940;"00";sobre a mudança de linha ou o apocalipse em 10 anos.
1233460;1234100;"00";Então é isso.
1234500;1235700;"00";Força e luz pra todo mundo.
1236280;1237440;"00";Espero voltar mais vezes
1237440;1240460;"00";e em breve frequentar a taberna dos padrinhos.
1240740;1241620;"00";Você será bem-vindo.
1241880;1242600;"04";Estamos te esperando.
1243400;1244400;"04";Pós-comentário é da Luana.
1244680;1245600;"04";Olá, boa noite.
1245860;1247720;"04";Não é a Sabihom porque não pediu pra jogar.
1247940;1248600;"04";Estão voltando.
1248680;1249260;"04";Olá, boa noite.
1249380;1251180;"04";Jogo RPG desde os meus 15 anos.
1251360;1253020;"04";Hoje em dia, com 31.
1253520;1255380;"04";Me pego apaixonado
1255380;1256960;"04";por sua criatividade e disposição
1256960;1259580;"04";para ter disponibilidade para criar grandes histórias.
1259920;1261580;"04";Ouvir o RPG eu acho que me ajudou extremamente
1261580;1263220;"04";a sair da depressão em 2020.
1263820;1264700;"04";Na época da pandemia.
1264960;1266980;"04";Sou muito grata por esse projeto
1266980;1268460;"04";e por essas histórias incríveis.
1269120;1271000;"04";Então hoje, finalmente, decidi vir comentar.
1271660;1273520;"04";Estarei me tornando madrinha esta semana.
1274020;1275740;"04";Afinal, eu ouço os episódios
1275740;1276740;"04";desde 2018.
1277420;1279060;"04";Ainda lembro que os episódios
1279060;1280620;"04";só saíram uma vez no mês.
1280620;1282040;"04";É verdade, não começaram uma vez por mês
1282040;1282920;"04";porque era eu que editava.
1283520;1285940;"04";Eu não dava conta de manter uma certa qualidade
1285940;1289760;"04";e, porra, agora graças aos
1289760;1290500;"04";orzóis a gente consegue.
1291360;1293600;"04";Já ouvi todos os episódios mais de 4 vezes.
1293780;1294900;"04";Dá um total de ter ouvido
1294900;1297540;"04";935 episódios.
1297820;1299140;"04";Todos os dias eu ouço
1299140;1300840;"04";uma ou outra aventura e reviso
1300840;1302300;"04";algumas.
1303020;1305320;"04";É como se eu tivesse ouvido mais de 4 anos
1305320;1306500;"04";de RPG Watch à frente.
1307060;1309160;"04";Obrigado por tudo que fez por mim
1309160;1310620;"04";mesmo sem saber.
1311420;1313120;"04";Eu nem sei o que dizer.
1313520;1315640;"04";Só agradecer pela tua mensagem, Luana.
1316320;1317560;"04";Eu tinha dito que ia parar no mil.
1317720;1319120;"04";Eu vou no dois mil agora.
1319120;1322240;"04";São comentários como o seu
1322240;1323320;"04";que me motivam
1323320;1325060;"04, 00";a continuar cada vez mais.
1325080;1327160;"04, 00";E você será super bem-vindo
1327160;1328700;"00";na parte dos teóricos
1328700;1330720;"00";porque quem ouve quatro vezes vai ser
1330720;1331880;"00";um acréscimo e tanto.
1332220;1332840;"03";É verdade.
1333760;1336480;"00";Salt zero, underline, alt zero.
1336780;1339120;"00";Eu fiz uma cagada muito grande, embora não tenha bumbum.
1340000;1341560;"00";Totalmente Brook das Ideias.
1341740;1343100;"00";Episódio 10 barra 10.
1343100;1344620;"00";É, otakus.
1344700;1346760;"04, 00";Sim, no episódio da queimada já tem
1346760;1348220;"04";uma outra piada assim.
1348860;1350940;"04";Obviamente a inspiração é a caveirinha
1350940;1352680;"04";querida do anime One Piece.
1352920;1355420;"00";Que é a melhor caveira
1355420;1357000;"04, 00";com black power de todos os tempos.
1357180;1358120;"04";Com black power, é.
1358460;1360960;"04";Conta só a melhor caveira e eu ainda fico com o seu.
1362540;1364860;"04";Inclusive foi contra o Brook entrar
1364860;1365640;"04";no bando.
1366300;1367800;"04";Isso é discussão para o outro episódio.
1368340;1370580;"04";Batatina Tina coloca só na caixa DJ.
1370580;1372600;"04";Eu não aprendi a música ainda, Batatina.
1373100;1374920;"04";Guaxa, Guaxa, Du, estamos com você.
1375420;1376820;"04";Temos um trabalho para resolver.
1377220;1378360;"04";A Oba Guaxa,
1378780;1380780;"04";convidado, que é o Guaxo
1380780;1382280;"04";convidado, né? Que é o Balardino.
1383100;1384400;"04";Ouvinte Nish, tudo bem?
1384620;1386100;"04, 00";Tudo bem, tudo bem, Balardino.
1386420;1388800;"04, 00";Que a luz da Deusa esteja em seus corações.
1389340;1391020;"04";Episódio lindo, essa música é incrível.
1391280;1392740;"04";Quando você citou ela,
1392820;1394780;"04";eu cantei junto. Pensei que seria
1394780;1396440;"04";um episódio bem romântico.
1396620;1399020;"04";Até o Silvio aparecer e desandar
1399020;1399380;"04";tudo.
1400940;1402640;"04";Muito incrível,
1403100;1404980;"04";o episódio e o Silvio falando.
1405420;1406980;"04";Fiz uma cagada enorme, mesmo
1406980;1408860;"04";não tendo bumbum. Foi fenomenal.
1409300;1410360;"04";Eu também sempre lembro
1410360;1413400;"04";do Giovanni em prota
1413400;1414800;"04";da novela falando isso.
1415060;1416740;"04";Que? Essa referência eu não tenho.
1417140;1418260;"04, 00";Felomenal. Mas a melhor parte...
1418260;1421060;"04, 00";Felomenal era o Zé Vilker que falava.
1421440;1423060;"04";Ah, tá.
1423540;1424600;"04";Ok, ok, ok.
1425720;1427240;"04";Felomenal, ok, ok.
1427520;1429080;"04";Ele tinha outras sacadas, assim.
1429080;1430780;"04";Agora eu sei quem é o personagem.
1431020;1433080;"04";Mas a melhor parte é ver esse elenco incrível.
1433100;1435500;"04";Tocando terror, assim como
1435500;1437340;"04";nossas lendárias cobras roxas.
1438180;1439880;"04";Palma, palma, cobra.
1440120;1441120;"04";Palma, palma, cobra.
1441720;1443240;"04";É isso. Obrigado por me trazer
1443240;1445100;"04";incríveis recordações com a música do episódio
1445100;1446780;"04";Linda Guaxa PS.
1446920;1448340;"04";Esse episódio tem relação com o corvo, né?
1448560;1449960;"04";Brincadeira. KKKJ.
1450420;1453000;"04";Beijo de luz e biscoito a todos. Eu vou ignorar.
1453200;1453940;"00";A melhor coisa.
1454420;1457360;"00";Rob Neto. Adorei o episódio e percebi
1457360;1459040;"00";que eu tinha pulado o episódio da Queimada
1459040;1460780;"00";sem querer. KKKK.
1461060;1462980;"00";Achei até mais legal ouvir eles fora de ordem.
1462980;1465160;"00";Pois dessa forma, Gabriel aceita
1465160;1466920;"00";seu amor com a morte e depois
1466920;1469140;"00";ele já forma um casal. Imagem da Barbie
1469140;1470640;"00";e do He-Man se batendo.
1470960;1473060;"00";Fora isso, queria agradecer a boa
1473060;1475400;"00";receptividade de todos na taverna.
1475680;1477120;"00";Estou adorando os grupos de Telegram.
1477640;1478860;"00";Principalmente os de bichinhos.
1479200;1480540;"00";Ah é, temos o de bichinhos também.
1481020;1482960;"00";Estou esperando também alguma aventura
1482960;1484960;"00";sobre OVNIs. O Guaxa não pode
1484960;1486920;"00";perder esse hype todo em cima dos nossos amigos
1486920;1489260;"00";extraterrestres que decidiram estacionar
1489260;1490280;"00";sobre Porto Alegre.
1490280;1491420;"00";Dois pontos P.
1491700;1492960;"00";Não faço nem ideia do que ele está falando.
1492980;1494620;"04, 00";É, está tendo
1494620;1496580;"04";avistamento de luzes no céu e as pessoas
1496580;1498020;"04, 00";dizendo que é OVNIs. É isso.
1498040;1500900;"00";Ah tá. Nossa, eu estou muito fora da internet.
1501500;1502680;"00";Valeu e muito obrigado.
1502960;1504680;"00";E um abraço aos jogadores desse episódio
1504680;1505860;"00";e do episódio Queimada.
1506080;1508860;"04";O próximo comentário é do Fernando Lobo.
1509020;1510820;"04";Olá Guaxa, convidado e ouvinte início.
1511340;1512220;"04";Não trago teorias.
1512700;1513780;"04";Apenas bem casados.
1514440;1516480;"04";Ótimo episódio, mas na minha cabeça seria melhor
1516480;1518600;"04";se se chamasse Até que a Morte
1518600;1519340;"04";nos separe.
1520220;1520740;"04, 06";Excelente.
1520800;1521840;"04, 06";Excelente sacada.
1522980;1524620;"04";Aliás, porque ele perdeu
1524620;1526520;"04";seus poderes, veremos
1526520;1528720;"04";o Silvio... Ah tá, porque ele perdeu os poderes
1528720;1530220;"04";dele. É, porque era
1530220;1532040;"04";conveniente a narrativa
1532040;1534860;"04";e porque ele estava se metendo
1534860;1536520;"04";na... Existem forças
1536520;1538620;"04";superiores, né, acima dos anjos
1538620;1540640;"04";e tal, e como ele estava se metendo
1540640;1542440;"04";demais, pra ficar justo, essa
1542440;1543940;"04";força superior tirou os poderes dele.
1544200;1546720;"04";Pelo menos naquela situação. Ele estava agindo
1546720;1548020;"04";em bem próprio, né,
1548340;1550840;"04";não pra cumprir o papel dele de servidor
1550840;1552840;"04";público do mundo dos mortos.
1552980;1554980;"04, 00";E perdeu os poderes mais ou menos, né,
1555020;1556580;"00";porque o que ele fez com aquele carro ali
1556580;1557760;"04, 00";foi brincadeira.
1558520;1561280;"04, 00";Ele é incrível
1561280;1563140;"04";por padrão. Veremos o Silvio
1563140;1565120;"04";em um especial de Natal,
1565640;1567040;"04";fiquei imaginando o bolo de casamento
1567040;1569200;"04";do Gabriel e da... Tá, veremos ele no especial de Natal?
1569820;1570960;"04";Temos que ouvir o episódio de Natal
1570960;1573080;"04";pra saber, acho que não. Fiquei imaginando
1573080;1574760;"04";o bolo de casamento do Gabriel e da Morte
1574760;1576940;"04";tendo em cima uma Barbie e o esqueleto
1576940;1578820;"04";do He-Man. É isso, até a próxima.
1579480;1581000;"04";Até vendo o Lobo, até onde eu sei
1581000;1582220;"04";eles não casaram, né?
1582980;1584740;"04";Então o bolo ainda não tá encomendado.
1585240;1587120;"04";Mas vou anotar a sua sugestão.
1587420;1589300;"04, 00";Seria interessante, seria interessante.
1590180;1590660;"00";Fabiola!
1591320;1593120;"00";Olha, Guaxa. É a nossa Fabi?
1593420;1595360;"04, 00";É a Fabi. Ó, ela comentando.
1595680;1596860;"00";Eu reconheço pela foto.
1597020;1598860;"00";Ah, é. A foto...
1598860;1601360;"00";Anime. Oi, Guaxa,
1601520;1603360;"00";Juvedade e todos os guaxinins
1603360;1605140;"00";presentes. Oi, Fabi!
1605520;1607000;"00";Oi, Fabi. Amei participar
1607000;1609580;"00";do episódio. Obrigada pela oportunidade,
1609680;1611360;"00";Guaxa, e obrigada pela parceria,
1611460;1612500;"00";Ballardino e Ágata.
1612980;1614080;"00";Vocês são demais.
1614900;1617260;"00";Esmaio com o coraçãozinho. E mais uma vez,
1617540;1619440;"00";o Guaxa cria um episódio que é,
1619660;1621480;"00";ao mesmo tempo, incrível sozinho
1621480;1622900;"00";ou no conjunto da obra.
1623240;1625420;"00";Se o Guaxa Verso existisse, claro.
1625620;1627280;"04, 00";Não existe. Aliás, eu...
1627280;1629560;"00";Agora sou obrigado por contrato a falar que ele não existe, né?
1629880;1631100;"00";Senão não joga a quarta aventura.
1631140;1633080;"00";Ok, então o Guaxa Verso não existe.
1633240;1635480;"00";Aliás, existe porque a gente tá gravando, né? Mas é só isso.
1635720;1637100;"04";É, mas nem se existe.
1637300;1639100;"04";Porque a gente tá dormindo sendo só ele.
1639100;1641220;"04, 00";Ah, sim, claro. Ah, e mais
1641220;1642620;"00";um NPC carismático também.
1642980;1645140;"00";A Morte. Ricamente interpretada
1645140;1647240;"00";pelo Trota. Praticamente o quarto
1647240;1649480;"00";jogador. RS, RS, RS.
1649900;1651180;"00";Vou me descrevidendo por aqui,
1651320;1653260;"00";coraçãozinho. Vivo amor e
1653260;1655120;"00";vida longa ao RP Guaxa.
1655340;1656740;"00";Vida longa ao RP Guaxa!
1656840;1659500;"04";Ok. Assim, dois comentários
1659500;1660820;"04";rápidos. Primeiro,
1661420;1663200;"04";é um absurdo. Jogador que só
1663200;1664600;"04";comenta no episódio que jogou.
1665660;1667220;"04";Segundo, eu tava
1667220;1669120;"04";planejando hoje, tendo
1669120;1671560;"04";ideias, assim, linhas gerais
1671560;1672520;"04";do que eu já tenho anotado.
1672980;1674760;"04";Do que eu espero pra 2023.
1675620;1677440;"04";Tive várias ideias com o personagem da Morte.
1677960;1679260;"04";Mas descartei porque
1679260;1681240;"04";é sacanagem, assim.
1681240;1682900;"04";A gente tem que variar as histórias.
1683440;1685260;"04";Mas, veremos ele novamente em algum
1685260;1686960;"04";momento no ano que vem. Ou não.
1687140;1688940;"04";Não sabemos. Próximo comentário é do
1688940;1691160;"04";Matheus F. Fala Guaxa, tudo bem?
1691320;1692760;"04";E aí, convidado, como está? Como é que tá?
1692920;1695160;"04, 00";Tudo bem. Que episódio gostoso de ouvir. Merece os
1695160;1697040;"04";parabéns. O mestre e os jogadores. E um
1697040;1698900;"04";super parabéns. O senhor editor,
1699080;1701220;"04";a trilha sonora cartonesca, contribuiu
1701220;1702480;"04";muito para a ambientação.
1702980;1705120;"04";Abraços a todos e até a próxima quinzena.
1705160;1706160;"04";Até a próxima quinzena, querido.
1707440;1709060;"00";Maravilhoso. Próximo comentário
1709060;1711240;"00";é do Tô Desistindo. Não desista.
1711580;1713240;"04, 00";Não desista, querido. Eu não desisti.
1713960;1714360;"04, 00";Olha.
1715380;1717060;"00";Só aconteceu um monte de coisa que
1717060;1718560;"00";me atrapalhou em muitas coisas.
1719240;1720980;"00";Mas não se preocupe, eu não vou desistir.
1721320;1723100;"00";É isso aí. A gente tem que
1723100;1725080;"00";andar por cima sempre. Pera, eu acho
1725080;1726400;"00";que vi um carro passar aqui do lado.
1726920;1728520;"00";Aquilo ali é a morte dando um tchauzinho?
1729800;1730200;"00";Talvez.
1731480;1732820;"00";Begoachete, juvidade do dia.
1732980;1734940;"04, 00";E ilustríssimo guacha. Dois pontos
1734940;1736400;"04";dele. Ele é o contrário, né?
1736560;1738620;"04";Ele escreve o parágrafo maior primeiro.
1739240;1740840;"04";Faz um comentário alegrinho.
1740960;1741640;"04";Depois ele dá.
1742780;1744840;"04";A morte, né? O Adriano Trota, que fez
1744840;1746000;"04";esse NPC incrível, comenta.
1746620;1748560;"04";Não desista, meu querido. Obrigado pelo seu comentário.
1748740;1751120;"04, 00";E é isso. O próximo comentário é da Uyakika.
1751220;1752820;"00";A Uyakika fez um desenho lindo.
1753240;1753680;"00";Maravilhoso.
1754300;1755520;"06, 00";Olá, criaturas.
1756080;1758880;"00";Esse é um dos tipos de episódios que mais gosto.
1759560;1761120;"00";Cheio de caos sobrenatural
1761120;1762200;"00";e pura diversão.
1762980;1764280;"00";E cada segundo deles.
1764940;1767160;"00";Devo dizer que essa morte é agora
1767160;1768700;"00";um dos meus NPCs favoritos.
1769220;1770180;"00";Mais um pra coleção.
1770740;1772060;"00";Biscoito para todos vocês.
1772660;1774880;"00";Fiz o desenho que já compartilhei no grupo de spoilers,
1775080;1776440;"00";mas compartilho aqui novamente.
1776980;1778540;"00";Ah, gente, vocês têm que entrar pra ver. O desenho
1778540;1780100;"00";tá muito incrível.
1780440;1783440;"04";Isso é um podcast. Descreva a ilustração pra gente.
1783520;1784800;"00";A gente tem a morte
1784800;1787060;"00";dirigindo o carro, enquanto
1787060;1788260;"00";a gente tem
1788260;1790800;"00";a personagem da Fabi
1790800;1791900;"00";falando com ela.
1792980;1795140;"00";Personagem em pé com a foice na mão
1795140;1796860;"00";e a personagem da Ágata
1796860;1798560;"00";segurando a minha perna e o Miguel
1798560;1800980;"00";voando atrás com a espada pra cima da gente.
1801380;1801880;"04";Tá lindo.
1802020;1804180;"04";Tá incrível. Esse sorrisinho
1804180;1808940;"04, 00";com a parte do carro de cima destruída,
1809040;1809380;"04";sabe?
1810520;1813220;"04, 00";A Ágata tá muito Ágata ali também.
1813220;1813560;"04, 00";Sim.
1814300;1815460;"04, 00";E a cara
1815460;1818300;"04, 00";do meu personagem ali
1818300;1820620;"00";meio psicopata, muito maneira.
1821020;1822380;"04, 00";A Fabi desesperada.
1822980;1823540;"04, 00";Ficou incrível.
1823900;1825400;"04";Não, ficou demais.
1825760;1827700;"04";O próximo comentário é da Marcele de Rei. Ela coloca
1827700;1829740;"04";Oi Guaxa, convidade e todo mundo.
1830160;1832760;"04";Passei rapidinho dessa vez só para marcar presença.
1833200;1834720;"04";E dizer que o episódio foi incrível,
1835100;1836500;"04";engraçado e emocionante
1836500;1837940;"04";na medida certa. Amei.
1838160;1839880;"04";Também queria contar que fiz uma descoberta.
1840300;1841660;"04";Dia 18 de dezembro
1841660;1843680;"04";vai haver uma edição de um evento
1843680;1846260;"04";aqui na minha cidade. Bragança, Pará.
1846500;1847800;"04";O Guaraguique.
1848720;1849660;"04";A descoberta
1850300;1851660;"04";vem com uma decepção.
1851660;1854240;"04";Pois eu perdi a data
1854240;1855760;"04";de inscrição para as mesas de RPG.
1856060;1858240;"04";Cara, é um evento de RPG chamado Guaraguique.
1858340;1859300;"04";Eles não me chamaram, olha só.
1859500;1862040;"04";Inscrição para a mesa de RPG que irão ocorrer.
1862540;1864080;"04";E vai ter uma mesa de guax...
1864080;1866660;"04";Quê? Vai ter uma mesa de guaxinins
1866660;1868500;"04";e gambiarra. Ouvinte, quem é você?
1868840;1870360;"04";Manda uma mensagem pra gente.
1870360;1871920;"04";Muito triste, já que sempre
1871920;1874200;"04";narrava para meus irmãozinhos e amigos
1874200;1875860;"04";por ser um sistema bem prático
1875860;1878400;"04";e ajuda a focar na minha
1878400;1880080;"04";parte favorita do roleplay.
1880080;1882060;"04";Que é a história acima do combate.
1882420;1883380;"04";Mas ninguém narrou pra mim.
1883720;1885420;"04";Bom, não vai ser dessa vez.
1885900;1888260;"04";Mas pretendo ao menos montar um cosplay
1888260;1889960;"04";de personagem minha mesmo
1889960;1891980;"04";e me divertir. Talvez ir lá
1891980;1894000;"04";assistir quem aproveitou a oportunidade
1894000;1896180;"04";de jogar. KKKKKJ
1896180;1898140;"04";Bom, aqui ficam meus biscoitos
1898140;1899680;"04";e meu desabafo. Eu vou indo.
1900660;1901500;"04";Até a próxima.
1901940;1903060;"04";Um abraço e boa aventura.
1903640;1905680;"04";Quem vai mestrar guaxinins e gambiarras
1905680;1906700;"04";no Guaraguique?
1906960;1909020;"04, 00";Não, ela tem que ir contar pra gente.
1909200;1909900;"00";Ela tá aqui no...
1910080;1913260;"04";Bragança. Cara, pessoa maravilhosa.
1913380;1915760;"04";Porque provavelmente só você conhece
1915760;1917860;"04";o RPG Guaxa nessa mesa
1917860;1921600;"04";ou sei lá se os seus amigos vão jogar, não sei.
1921900;1923480;"04";Mas de alguma forma você tá divulgando
1923480;1924540;"04";o RPG Guaxa e eu fico muito feliz.
1924860;1926380;"00";A Marcele J tá aqui, inclusive.
1926840;1928760;"00";Então quando for lá, conte pra gente, hein.
1929160;1931000;"00";Marcele J de novo.
1931500;1933560;"00";Vim do futuro responder meu próprio comentário
1933560;1935500;"00";pra dizer que talvez eu devesse
1935500;1937760;"00";tomar vergonha na cara e dar um presente de Natal
1937760;1939680;"00";pra esse programa em vez de reclamar
1939680;1941020;"00";que ninguém narra GG pra mim.
1941440;1942040;"00";Fica no ar.
1942460;1945160;"00";Em dezembro faz um ano que eu ouço e é meu favorito.
1945560;1946960;"00";Vale a pena me organizar mais.
1947340;1949900;"00";Vale sim. A taberna é maravilhosa e a gente tá esperando por você.
1950460;1951540;"00";Mais uma vez, até logo
1951540;1953720;"00";e espero comer rabanada com a
1953720;1955180;"00";taberna em dezembro.
1955320;1956480;"00";KKKKKKKKKKK
1956480;1957860;"04, 00";Estamos te esperando, querida.
1958120;1960440;"04, 00";O próximo comentário é da maravilhosa Sinara.
1960440;1961500;"04, 00";Ela coloca.
1961820;1963620;"04";Sinara que estará no próximo...
1963620;1964520;"04";Ai, que legal.
1965320;1967940;"04";Vem através desse manifesto deixar biscoito para todos.
1968400;1969320;"04";Biscoito para os jogadores,
1969320;1971040;"04";biscoito para os NPCs. Obrigado
1971040;1972740;"04";por essa dona morte incrível.
1973180;1975340;"04";Biscoito pro editor e um bem grandão
1975340;1977520;"04";e em formato de guaxinim pra você.
1978060;1978500;"04";Guaxa.
1979020;1981200;"04";Obrigado por mais esse episódio e por me fazer lembrar
1981200;1982760;"04";dessa música maravilhosa.
1983080;1984920;"04";Bracinhos pra cima. Beijo, beijo, querido.
1985060;1986580;"04, 00";Ai, a Sinara é uma fofa.
1986880;1987540;"04";É maravilhosa.
1987780;1990700;"04, 00";Buda. Bom dia, boa tarde e boa noite.
1990900;1992320;"00";Guaxa. Guaxonvidade.
1992860;1995140;"00";Bom dia, boa tarde, boa noite. Guaxete.
1995460;1997540;"00";Olá, Buda do futuro que está acompanhando
1997540;1999300;"00";a leitura. Você está acompanhando a leitura?
1999320;2001300;"00";Olá, Buda. Olá, Edson de novo.
2001660;2003840;"00";E guaxonvintes. Olá, Buda do futuro
2003840;2005420;"00";que vai ouvir o guaxaverso editado.
2005660;2007260;"00";Muito bom. É uma boa prática.
2007520;2009480;"00";Ouvir mais de uma vez também é bom, não é, guaxa?
2009640;2010840;"04";Isso. Quer dizer,
2011340;2013840;"04";não ouvir o mesmo arquivo. Baixar mais de uma vez
2013840;2015660;"04";ou ouvir da Play mais de uma vez
2015660;2016460;"04";é bom. Claro.
2016940;2019140;"00";Eu comecei a escrever esse comentário na quinta-feira
2019140;2021400;"00";assim que saiu o episódio, mas só terminei
2021400;2023660;"00";hoje. Alguns diriam que eu esqueci.
2024100;2025300;"00";Outros que procrastinei.
2025880;2027540;"00";Eu prefiro dizer que deixei pra depois
2027540;2028880;"00";pois eu estaria mais velho.
2029320;2030440;"00";Portanto, mais sabe.
2031100;2033620;"02, 00";Uma boa desculpa. Vou usar isso mais vezes.
2034000;2034900;"00";Meu querido guaxa,
2035260;2037380;"00";que episódio maravilhoso. Como disse
2037380;2039780;"00";em Queimada, a Ascensão das Cobras Roxas.
2040140;2041500;"00";Morte e Gabriel são o chip
2041500;2043460;"00";da minha vida. Episódio
2043460;2045560;"00";super gostoso de ouvir. Viva o amor.
2045860;2047680;"00";Independente de gênero, etnia,
2048020;2049500;"00";nacionalidade, religião
2049500;2051840;"00";e se você é humano, anjo, demônio
2051840;2053700;"00";ou uma entidade atemporal que existe
2053700;2055760;"00";desde o início da vida e existirá até o fim
2055760;2057940;"00";de tudo que entendemos como universo
2057940;2059300;"00";e é sempre mal compreendido.
2059320;2060120;"00";Eu sou uma pessoa protegida e vilanizada
2060120;2062460;"00";por ser a responsável por retirar pessoas queridas
2062460;2063800;"00";daqueles que ainda restam vivos.
2064100;2066220;"00";Mas na verdade é você que dá o real sentido da vida
2066220;2068520;"00";pois sem um fim a vida não passaria de uma existência
2068520;2071160;"00";amarga e fútil. Ame como se não houvesse amanhã
2071160;2072780;"00";pois pode realmente não haver.
2073140;2075420;"00";Nunca se sabe quando pode cair um anjo do céu
2075420;2077000;"00";em seu caminho enquanto está na estrada.
2078560;2079040;"00";Ok.
2080000;2082080;"00";Muito obrigado pelo episódio maravilhoso
2082080;2083380;"00";e pela representatividade
2083380;2084920;"00";que deixa o coração quentinho
2084920;2086640;"00";e ajuda a fugir da realidade
2086640;2088780;"00";LGBTQIAPN
2089320;2091800;"00";fóbica que muitos tem que enfrentar
2091800;2093820;"00";mesmo que seja por uma hora
2093820;2095880;"00";20 minutos e 49 segundos.
2096160;2096740;"00";É isso aí.
2097440;2100000;"00";Guaxa, Agatha, Balardino, Fabi,
2100180;2101540;"00";Zorzal e todos
2101540;2103760;"00";padrinhos e madrinhas, NPCs
2103760;2105380;"00";todos vocês foram individualmente
2105380;2107580;"00";775% do episódio.
2108320;2109400;"00";Este número eu não entendo.
2109960;2111880;"00";E lembre-se sempre de buscar
2111880;2113660;"00";a iluminação, de preferência
2113660;2115520;"00";com fontes de energia sustentável como
2115520;2117460;"00";solar e eólica. Menor que 3.
2117720;2119140;"04";Muito obrigado pelo seu comentário.
2119320;2121760;"04";Maravilhoso. Eu quero dizer que
2121760;2123840;"04";a parte da representatividade
2123840;2126140;"04";ela vem dos jogadores.
2126400;2127820;"00";É uma coisa incrível
2127820;2129940;"00";que a taberna tem e que vem de você
2129940;2131720;"00";também, dessa pessoa acolhedora
2131720;2134060;"00";que você é, de trazer pessoas diferentes.
2134460;2136080;"00";Porque aí a gente traz isso
2136080;2137720;"00";porque a gente fala da gente quando a gente
2137720;2138520;"00";conta histórias também.
2139000;2142160;"00";Então a Agatha traz isso, eu trago isso
2142160;2144100;"00";porque a gente vive essas coisas.
2144480;2145820;"00";Então a gente vai trazer.
2146460;2147620;"00";Não tem como.
2147940;2149300;"00";É por isso que a gente fala.
2149320;2151240;"00";Só que não dá pra ter essa comunidade de RPG
2151240;2153320;"00";homem, branco, hétero
2154040;2155820;"00";só falando pra si mesmo, né?
2156120;2156440;"04";Isso.
2156920;2158780;"04";O próximo comentário é da Marina M.
2159120;2160100;"04";O que será que é esse M?
2160700;2161600;"04";Pode ser Giovanni.
2162280;2165120;"04";Olá Guaxa, Guaxa Clã e todos os
2165120;2167120;"04";seus Guaxa
2167120;2168900;"04";indivíduos. Como estão? Eu tô bem.
2169160;2171000;"04";Ótimo. Tô-se que bem e se não estiver
2171000;2173180;"04";tão bem, tô-se que melhor. Vai tudo bem.
2173680;2174080;"04";Coração.
2174740;2176860;"04";Segunda vez aqui, pois tenho uma certa dificuldade
2176860;2179300;"04";em lembrar de comentar logo depois de ouvir.
2179320;2180040;"04";Eu também.
2180560;2182800;"04";Esse foi um episódio bastante divertido e um bocado
2182800;2185360;"04, 06";enquanto ouvia. E no caso, eu estava
2185360;2186740;"04, 06";no meio do Pilates.
2187560;2189060;"04";Imagina eu fazendo força
2189060;2190860;"04";pra não rir durante os exercícios.
2191540;2193160;"04";Adorei os personagens se entregando
2193160;2195400;"04";novamente, jogadores maravilhosos,
2196140;2197280;"04";ao estranhamento da situação,
2197860;2199360;"04";mas ainda querendo se segurar
2199360;2200180;"04";na realidade.
2200940;2202460;"04";Querendo ter nenhuma pergunta? Que bom.
2202800;2204920;"04";Só agradecimento de dizer que cada jogador, narrador,
2205040;2206480;"04";editor foram maravilhosos como sempre.
2207280;2208480;"04";Silvio é um dos meus NPCs
2209320;2211360;"04";mais ainda depois desse episódio.
2211780;2213220;"04";Foi um episódio caótico, divertido
2213220;2215140;"04";e com certeza ouvirei repetidas vezes.
2215860;2217180;"04";Abraços e beijos para
2217180;2219240;"04";todos. Coração, obrigado pelo seu comentário.
2219360;2220440;"04";Queria dar um abraço e um beijo pra você.
2221220;2223280;"00";Ah, e o Silvio é incrível mesmo. E a voz do
2223280;2224560;"00";trota ficou maravilhosa.
2225660;2226820;"04";É, o cara é um profissional.
2227060;2229280;"04, 00";É. Ele é o Guimarães
2229280;2231040;"00";Brandão. Olá, Guaxa.
2231160;2233240;"00";Você é uma sumidade no assunto musical
2233240;2235340;"00";e RPG. Por esse e outros motivos
2235340;2237060;"00";virei apoiador do projeto.
2237060;2238640;"00";Ah, venha você também.
2239320;2241220;"00";Será que meu nome aparecerá um dia na lista
2241220;2243140;"00";de apoios? Risos.
2243580;2244940;"04, 00";Não sei. Eu não sei nem se o meu tá.
2245120;2247360;"04, 00";Na lista do site, se eu que atualizo
2247360;2248420;"04";e tá lá desatualizado,
2249100;2250440;"04";deveria. Mas um dia
2250440;2252400;"04";eu tiro um dia pra ver isso.
2252900;2254080;"04";Mas na leitura, provavelmente.
2255320;2257060;"00";Eu não sei se o meu tá e eu já sou
2257060;2258380;"00";apoiador até pelinho.
2259600;2260940;"04";Isso aí. Desculpa.
2261140;2262020;"00";Não, não ligo não.
2262740;2265120;"00";Esse EP foi muito nostálgico e com alguns
2265120;2266980;"00";gatilhos. Gian Giovanni
2266980;2269120;"00";continua temporal. Esperando mais
2269120;2270540;"00";episódios com músicas assim.
2271060;2273100;"00";Que tal Sinônimos? A letra é
2273100;2275040;"00";muito boa para uma história e a versão
2275040;2277040;"00";Zé Ramalho e Chitãozinho
2277040;2279140;"04, 00";Chororó é ótima. Conheço a música.
2279240;2281160;"04, 00";O amor é feito de paixões e quando perde
2281160;2283140;"00";a razão, perder a razão
2283140;2285420;"00";e etc. Bom, ideias apenas.
2285700;2287220;"00";Risos. Venho aqui
2287220;2288740;"00";só agradecer. Abraços.
2289100;2290980;"04";Abraço, querido. Muito obrigado pelo seu comentário.
2291300;2293140;"04";O próximo comentário é dele de novo. Eu não sei
2293140;2295360;"04, 06, 00";porque ele vem criar problemas pra gente
2295360;2295680;"04, 06, 00";aqui.
2297320;2299040;"04";Eu já reclamei que ele só come...
2299120;2301300;"04";Tem episódio que ele participa, né?
2301580;2302900;"04";Então, o Gabriel Ballardino.
2303020;2305040;"04";Olá, Guaxa. Convidade. Que é o próprio
2305040;2307080;"04";Gabriel. Tu sabia que seria tu o convidado
2307080;2309020;"04, 00";já ali, não? Não sei. Eu não sei se nesse momento
2309020;2311040;"04, 00";tu já sabia. Eu acho que não. Tudo bem, tudo bem.
2311040;2313180;"04";O Brasil está em um estado de anormalidade
2313180;2315060;"04";estranho, sem notícias bombásticas e até
2315060;2316800;"04";algumas prisões relevantes.
2316860;2319160;"04";Como a flor de liça, aparentemente mataram o marido e voltou
2319160;2320720;"04";a ser considerado crime.
2322140;2322960;"04";Sorte de quem
2322960;2324320;"04";tem esposa. Acho.
2324960;2327180;"04";Apesar de ter os maridos por aí, francamente.
2327460;2328740;"04";Enfim, falando em casamento,
2328740;2330820;"04";amei demais jogar esse episódio, Guaxa.
2331200;2332360;"04";Como uma pessoa não mono,
2332800;2334520;"04";poder fazer um personagem assim foi incrível.
2334980;2336940;"04";Jogar com a Belo e a Agatha
2336940;2339040;"04";sem preço e, claro, suas narrações
2339040;2340400;"04";são sempre espetaculares. Obrigado, Felipe.
2340700;2342880;"04";Não tenho uma pergunta. Se eu fui chamado
2342880;2344800;"04";de Guilherme e você não lembra de outros jogos
2344800;2346820;"04, 01";que eu narrou, pra mim, ainda
2346820;2348600;"04";posso acreditar no Guaxa Verso? Não.
2349620;2350980;"04";Porque já foi
2350980;2352340;"04";retificado no início desse episódio.
2353100;2354280;"04";Um grande beijo para todos
2354280;2356480;"04";e que as viagens terminem tão bem
2356480;2358200;"04";quanto a carona com a morte.
2358740;2360840;"06, 00";É. Olha, temos aqui o Tiki.
2361280;2362160;"00";O Tiki que tem
2362160;2364360;"00";quase um fênix de altura. É verdade.
2364760;2365860;"00";Patrick Buchmann.
2366760;2368520;"00";Salve, Guaxa. Juvidade
2368520;2370900;"00";barra Felipe Participante.
2371100;2372000;"00";Nossa, esse nome é novo.
2372980;2373940;"04, 00";Guaxete. É porque
2373940;2376780;"04";o Felipe já gravou vários também, né? Eu pedi o nome.
2376960;2378940;"00";Ah, sim. É que o Felipe, ele
2378940;2381040;"00";gosta de ser o segundo colocado, né?
2382120;2382560;"04, 00";Ele...
2382560;2384100;"04, 00";É verdade. Ele é o Vasco.
2384100;2384300;"04, 00";É.
2385840;2387760;"04";E isso é tudo que eu sei sobre futebol.
2387860;2388100;"00";É.
2388740;2390520;"00";O Vasco vai melhorar muito quando ele voltar a ser
2390520;2392500;"04, 00";segundo colocado. Guaxete.
2392500;2393500;"04, 00";Ah, é? Tá ruim assim? É.
2393960;2396420;"00";Tá de até três anos. Agora vai subir de novo
2396420;2398560;"04, 00";pra Série A. Ah, que bom. Bem-vindo de volta, Vasco.
2398700;2400360;"04";Vocês têm o Casimiro. Vocês não precisam mais ganhar futebol.
2400800;2402560;"00";Sim. Sim. O Casimiro é
2402560;2404320;"00";maravilhoso. Mas vamos lá.
2404800;2406020;"00";Guaxete e guaxa-ouvintes.
2406340;2408360;"00";Esse episódio me deixou com as bochechas doendo
2408360;2410760;"00";de tanto rir. E olha que eu não tenho bochechas.
2410760;2412760;"00";E oh-ho-ho-ho-ho-ho-ho-ho.
2413160;2414400;"04, 00";Ha-ha. Ok.
2414620;2416280;"04";Ok. Piada de escaleta.
2416860;2418200;"04";Próximo comentário é do Anderson
2418200;2420960;"04";Kamatari, Vilas Boas.
2421040;2421800;"04";Não vou errar hoje.
2422600;2424760;"04";Olá a todos os guaxinins aqui presentes,
2424820;2426120;"04";cada qual exercendo sua função.
2426660;2428640;"04";Marcelo, convidado, chat e ouvinte. Você é um guaxinim,
2428700;2430360;"04, 00";Ballardino? Eu não sou um guaxinim,
2430520;2432760;"00";mas eu gosto de guaxinins.
2434100;2434360;"04";Ok.
2435300;2436500;"04, 00";Você é um simpatizante de guaxinins?
2436520;2438280;"04, 00";Sou. Sou um simpatizante de guaxinins.
2438280;2438980;"00";Ok.
2438980;2442700;"04, 00";Muito biscoito a todos os jogadores, narradores e editores
2442700;2445540;"04";Devido ao feriado e a falta de sobriedade no momento
2445540;2447460;"04";Que escreva esse comentário
2447460;2451500;"04";Deixo para vocês imaginarem o formato de biscoito que consiga ter relevância
2451500;2454520;"04";A seres angelicais, seres demoníacos
2454520;2456740;"04";A morte e ao por amor
2456740;2457320;"04";Ok
2457320;2461640;"04";Para essa leitura de comentários tenho somente uma pergunta
2461640;2465900;"04";Sabe aquelas roupas de hospital do tipo que as pessoas estavam usando no episódio
2465900;2467460;"04";O Homem de Terra no Carminho
2467460;2470220;"04";Que podem acabar ficando meio abertas na parte de trás
2470220;2472700;"04";Se o Guaxa estivesse usando uma dessas
2472700;2475480;"04, 06";O Guaxa Verso seria visível?
2478380;2482760;"04";Se sim, então temos a confirmação que o Guaxa Verso existe
2482760;2487740;"04";Brincadeiras à parte, o que eu quero saber mesmo é em qual linha esse episódio está
2487740;2491040;"04";Um grande e forte beijo a todos vocês
2491040;2495300;"04";É o High Power, é o mesmo dos cavaleiros do bicho
2495300;2497300;"04";E eu não vou responder sobre a minha bomba
2497460;2500400;"04, 00";Até porque ele ofereceu uma forte beijunda
2500400;2500960;"04, 00";Ok
2500960;2503100;"04, 00";Jonathan Schmitz
2503100;2505760;"00";Olá Guaxa e toda a galera do Guaxa Verso
2505760;2506540;"00";Que nem existe
2506540;2508940;"06, 00";Ou seja, é pra ninguém né
2508940;2511240;"06, 00";Já ouço o podcast desde 2020
2511240;2512680;"00";E sou padrinho
2512680;2516080;"00";Daqueles que ficam só acompanhando e não interagem muito na taberna
2516080;2517980;"00";Ué, por que não? Interage gente, é legal
2517980;2519260;"04, 00";Mas essa é minha primeira
2519260;2522440;"04, 00";Mas essa é minha primeira vez comentando aqui
2522440;2524860;"00";Guaxa, que lembrança gostosa da minha infância
2524860;2526660;"00";Que essa música me traz
2526660;2527440;"00";Sou de João Paulo, sou de João Paulo
2527460;2529680;"00";Sou em Ville e lembro dos churrascos de domingo
2529680;2531320;"00";Lá por volta dos anos 2000
2531320;2534040;"00";Ouvindo a Rádio São Francisco tocar essas músicas
2534040;2535560;"00";E tantos outros clássicos
2535560;2537640;"00";Parabéns por ter tirado uma história
2537640;2538980;"00";Tão divertida dessa música
2538980;2541700;"00";Eu já estava achando o máximo a morte aparecer novamente
2541700;2543440;"00";Mas quando vi que quem estava casando
2543440;2545440;"00";Era o Gabriel, eu estava batendo palmas
2545440;2546440;"00";E gargalhando aqui
2546440;2549420;"00";Sei que todo mundo pede mais episódios da bobe do curvo
2549420;2550980;"00";Mas eu vou pro lado contrário
2550980;2553000;"00";Por favor, não estraga mais episódios com a morte
2553000;2555820;"00";Esse personagem é divertido demais, grande abraço
2555820;2557200;"00";Só o Guaxa faz com que a morte
2557200;2559280;"00";Seja um personagem divertido e que todo mundo quer
2559280;2560540;"04, 00";Eu estou vendo
2560540;2562320;"04, 06, 00";Desse serviço que eu estou fazendo
2562320;2565780;"04, 06, 00";O Marcos Matias comenta
2565780;2567320;"04";Bom dia, boa tarde ou boa noite
2567320;2568080;"04";Mestre Guaxa
2568080;2570340;"04";Guaxonvidado ou Guaxonvidada
2570340;2572340;"04";Ou Guaxovidade
2572340;2574400;"04";Guaxomonidade e Guaxate
2574400;2576900;"04, 06";Bonequinho sorrindo com gotinho
2576900;2578820;"04";História ímpar, como sempre
2578820;2581620;"04";Passando só pra falar que passei o episódio inteiro
2581620;2582620;"04";Associando a morte
2582620;2585120;"04";Ao personagem do jogo Medieval
2585120;2586220;"04";Medieval
2586220;2588400;"04";Rostinho chorando de rir, chorando de rir, chorando de rir
2588400;2590020;"04";Mais pra frente, de acordo com o personagem
2590020;2592700;"04";Foi se desenvolvendo, lembrei do Brook de One Piece
2592700;2593920;"04";Essa é a...
2593920;2594700;"04";Só que sem o cabelo
2594700;2597080;"04";Aí ficou mais essa coisa incrível
2597080;2600520;"04";Entre Serdan Fortesqui
2600520;2601680;"04";Fortesqui
2601680;2603400;"04";Personagem do jogo e Brook
2603400;2604480;"04";KKKKK
2604480;2606560;"04";Com certeza estendendo do corvo
2606560;2607840;"04";Em uma mistura dos dois
2607840;2611280;"04";Desgurpa Guaxa, não teve como deixar passar
2611280;2612320;"04";Não tem desculpa
2612320;2614060;"04, 00";Falar do corvo
2614060;2615760;"04, 00";Finalmente, oh não
2616220;2616900;"04";Mas...
2616900;2617700;"04";Mas não é pra mim
2617700;2619400;"04, 00";Ah, sim, vamos lá
2619400;2621500;"00";É o Jean Macedo, tinha que ser o Jean, cara
2621500;2624840;"04, 00";Puta, caraca, não sei como é que é rebelatura, cara
2624840;2626840;"04, 06, 03, 00";Não sei, não sei
2626840;2629420;"04, 03, 00";Ai, ai, eu tenho culpa nesse cartório
2629420;2631180;"04, 00";Não, assim, é, queria deixar registrado
2631180;2633540;"04";Que neste momento da gravação deste episódio
2633540;2634760;"04";Existe um casal
2634760;2636860;"04";Existem vários, né, mas no caso é um aqui
2636860;2638500;"04";Que foi formado pela RPG Guaxa
2638500;2641580;"04";Você quer conhecer pessoas que gostam das mesmas coisas que você?
2642180;2643260;"04";Seja nosso padrinho
2643260;2645780;"04, 00";Sim, é, mas eu tava falando isso
2645780;2648600;"00";Eu até perguntei isso pra eles e tal
2648600;2650740;"00";Porque o Jean e a Bia
2650740;2651700;"00";Conversavam bastante
2651700;2655000;"00";A gente foi no encontro que teve aqui no Rio de Janeiro
2655000;2656260;"00";E a Bia, assim
2656260;2657800;"00";Arrastando uma asa pro Jean
2657800;2659540;"00";E o Jean lerdando, lerdando, lerdando
2659540;2661820;"00";E quando o Jean foi no banheiro, eu fui atrás dele e falei
2661820;2663740;"00";Jean, vai falar com a Bia, cara
2663740;2665740;"00";Porra, ela tá esperando você falar com ele
2665740;2667460;"00";Aí ele foi falar, aí pronto
2667460;2668260;"04, 00";Aí tão aí
2668260;2671740;"04, 00";Eu sinto
2671740;2674380;"04";Eu sinto ali na taberna
2674380;2675620;"04";Que os rapazes
2675620;2677520;"04";São mais perdidos ali
2677520;2678220;"04";Ah, sim
2678220;2680940;"04";Embora eu não tenha conhecido na taberna
2680940;2683440;"04";O Danilo que foi no encontro, sem saber que era no encontro
2683440;2685800;"04, 06, 00";Os meninos são mais
2685800;2686420;"04";É
2686420;2688840;"04";Sei lá, prossiga
2688840;2691760;"04, 00";Boa noite, Guaxa, Guaxa Novidade e Guaxete
2691760;2693920;"00";Sei que esse episódio não deveria ser
2693920;2695020;"00";Tanto sobre teorias
2695020;2697260;"00";Mas às vezes, e elas
2697260;2699760;"00";E o terrível ver mais, são inevitáveis
2699760;2701140;"00";Perdão, Guaxa
2701140;2701680;"00";Tô de boa
2701680;2702560;"00";É, claro
2702560;2704220;"00";Eis que a morte explica
2704220;2706120;"00";Esses anjos não existiam
2706120;2708800;"00";Eles surgiram porque daqui a 10 ou 20 anos
2708800;2710960;"00";Todo o universo ia ser destruído
2710960;2712980;"00";Aí se criou essa loucura toda
2712980;2714820;"00";Esse fato mencionado
2714820;2717080;"00";Se refere ao final de CBD
2717080;2718120;"00";Parte 4
2718120;2720680;"00";Ou algo que ainda está pra acontecer nessa linha
2720680;2723320;"00";Fiquei confuso com os tempos verbais da frase
2723320;2724100;"00";Foi proposital?
2724280;2726660;"04";Foi proposital, ele se refere a
2726660;2728920;"04";O fim da Câmara dos Bichos
2728920;2730840;"04";Parte 4, a história se passa antes
2730840;2731980;"04, 00";Que maneiro
2731980;2732980;"04, 00";A princípio
2732980;2733480;"04";Ah
2733480;2735260;"00";Infelizmente o meu personagem
2735260;2737280;"00";Meu NPC não vai aparecer mais
2737280;2738700;"00";Porque Romildo se foi
2738700;2739300;"04, 03, 00";Se foi
2739300;2740880;"04";Mas foi, quer dizer
2740880;2742420;"04";Flashback tem pra isso, né
2742420;2744580;"04, 00";A gente sabe que o anime vive do flashback
2744580;2745360;"04, 00";É verdade
2745360;2747840;"00";A princípio, pensei que estes personagens
2747840;2749400;"00";Pertencessem à linha High Power
2749400;2750140;"04, 00";Pertence
2750140;2752280;"04, 00";Mas lembrei que em CDB
2752280;2754320;"00";É dito que o inferno, por exemplo
2754320;2756220;"00";É um tipo de dimensão que existe
2756220;2757780;"00";Por baixo de qualquer realidade
2757780;2759960;"00";Prerrogativa que também é usada
2759960;2762140;"00";Na trama dos episódios dos pactos
2762140;2763220;"00";E portanto
2763220;2765320;"00";Acaba se tornando um ponto de convergência
2765320;2767280;"00";Devemos tratar estes personagens
2767280;2769420;"00";Morte, Gabriel, Lillian, etc
2769420;2770460;"00";Da mesma forma
2770460;2772160;"00";Sendo seres além das realidades
2772160;2774200;"00";Que não pertencem especificamente a linha nenhuma
2774200;2777500;"04, 00";Tem uma outra fala da morte
2777500;2778580;"04";Que responde isso
2778580;2780500;"04";Quando acabar o teu comentário eu explico
2780500;2781000;"04";Sim
2781000;2784000;"04, 00";Queria deixar também meus biscoitos
2784000;2786500;"00";Pro grupo de jogadores que deu muita química
2786500;2788280;"00";Com o Fabi desarmando a morte
2788280;2789480;"00";Com argumentos poderosos
2789480;2792100;"00";Agatha com sua voz e sua incrível capacidade
2792100;2793100;"00";De flutuar entre a comédia e a história do filme
2793100;2795760;"00";E meu querido amigo Balardilo
2795760;2797820;"00";Que deixou uma acidez maravilhosa
2797820;2799700;"00";No personagem com sua gargalhada única
2799700;2801160;"00";E suas frases como
2801160;2803400;"00";Tudo bem, vou usar a força do amor
2803400;2804440;"00";E vou gargalhar
2804440;2806960;"00";Balardilo é sensacional
2806960;2808380;"00";Bonequinho chorando de rir
2808380;2810700;"00";Um abração pro Adriano Trota
2810700;2812680;"00";A melhor morte que poderíamos ter
2812680;2814980;"00";E para minha excelentíssima rebelbia
2814980;2817580;"00";Que faz sempre um excelente Gabriel
2817580;2818840;"00";Com sua voz angelical
2818840;2821080;"00";Acho muito legal que a morte
2821080;2822400;"00";Tem uma voz masculina
2822400;2823080;"00";E o Gabriel tem uma voz masculina
2823100;2824380;"00";E o Gabriel tem voz feminina
2824380;2827120;"00";Zorzal é de estando um monstro como sempre
2827120;2829540;"00";E Guaxa é que cria esses episódios excelentes
2829540;2830580;"00";Parabéns a todos
2830580;2832380;"00";Viva as diversas formas de amor
2832380;2833900;"00";Um grande abraço a todos
2833900;2834880;"00";Um grande abraço
2834880;2838680;"04, 00";A morte diz que no futuro
2838680;2840200;"04";Para evitar o apocalipse
2840200;2841640;"04";Mover um ponto
2841640;2844460;"04";Acho que até o personagem do Gabriel tem a sacada
2844460;2846700;"04";Você consegue mover um ponto?
2846880;2848440;"04";Não, porque se tu mover um ponto
2848440;2849420;"04";Tu rompe uma linha
2849420;2851740;"04";Então a partir do momento que no futuro
2851740;2854180;"04";Se moveu o inferno
2854180;2856740;"04";Para poder resgatar os cavaleiros
2856740;2858160;"04";Do bicho originais
2858160;2860060;"04";Para que eles pudessem voltar
2860060;2862700;"04";Se criar um conceito de que eles iriam
2862700;2863500;"04";Para um outro mundo
2863500;2865880;"04";Que é um conceito que vem de uma outra linha
2865880;2868620;"04";Eles moveram uma linha menor
2868620;2869800;"04";Que existia nesse mundo
2869800;2871760;"04";Para debaixo dessa linha
2871760;2872700;"04";High Power
2872700;2875140;"04";Só que eles não podem mover um ponto
2875140;2876700;"04";Só para aquele lugar que eles precisavam
2876700;2879100;"04";Ao fazer isso eles alteraram tudo
2879100;2881640;"04";E agora sempre existiu um céu e um inferno
2881740;2883240;"04";Por mais que antes não existia
2883240;2884900;"04";Então a loucura toda
2884900;2887460;"04";Foi isso que a morte tentou explicar
2887460;2889500;"04";Em qualquer outra linha seria absurdo
2889500;2891540;"04";Mas nessa linha dos cavaleiros do bicho
2891540;2894060;"04";De tanta coisa absurda
2894060;2894700;"04";Que a gente já põe
2894700;2896720;"04";Eu acho que vocês vão aceitar
2896720;2899800;"04, 00";Então eles vieram de uma outra linha
2899800;2900600;"00";E entraram ali
2900600;2902240;"04, 00";Só que eles sempre estiveram ali
2902240;2904580;"04";A partir do momento que a linha foi
2904580;2907020;"04";Foi um CTRL C CTRL V
2907020;2910200;"04";E daí esse mundo também foi influenciado
2910200;2911300;"04";Porque a mesma forma que o inferno
2911740;2913620;"04";Da linha original que ela veio
2913620;2916180;"04";É influenciada pela linha verdadeira
2916180;2917820;"04";Esse inferno
2917820;2919780;"04";Foi influenciado por essa linha maluca
2919780;2921000;"04";High Power que existe ali
2921000;2923140;"04";E deu esse inferno maluco
2923140;2924180;"04, 00";Ao invés de dar um salvar
2924180;2925360;"00";Deu um salvar como
2925360;2927880;"00";E agora aquele arquivo não tem mais como voltar atrás
2927880;2928960;"04, 00";É, ele tá ali
2928960;2930780;"04, 00";Que legal
2930780;2932460;"04, 00";Próximo comentário é do Adriano Trota
2932460;2934140;"04";Que é a morte, que fez a morte
2934140;2936280;"04";Olá Guaxatodes
2936280;2938480;"04";Olá Buda do futuro e Trota do futuro
2938480;2941200;"04";O Buda comentou e mandou um olá
2941200;2941720;"04";Por que dessa vez?
2941740;2943800;"04";Dessa vez eu só vou poder ouvir ele editado
2943800;2945380;"04";No feed, queria comentar
2945380;2947880;"04";Do absurdo que é o NPC que só comenta
2947880;2948580;"04";No episódio que eu jogo
2948580;2951860;"04";Primeiro de tudo eu gostaria de dizer
2951860;2953660;"04";Que eu acho um absurdo a pessoa que só comenta
2953660;2955820;"04";No episódio que participa como NPC
2955820;2957500;"04";Olha só ele roubou minha piada
2957500;2960080;"04";Mas é que como eu disse no grupo do Telegram
2960080;2961680;"04";Eu me senti como um quarto jogador
2961680;2963460;"04";É verdade, dessa aventura
2963460;2965440;"04";Antes mesmo de ter ouvido o episódio
2965440;2967460;"04";Já agradeci diretamente a você
2967460;2969500;"04";Guaxa, mas quero agradecer aqui
2969500;2971660;"04";Publicamente de novo por esse maravilhoso
2971740;2973420;"04";Personagem que você me permitiu dar vida
2973420;2974460;"04";Ou dar morte
2974460;2977800;"04";Espero poder voltar a interpretar a senhora morte mais vezes no futuro
2977800;2979140;"04";Será olhinho
2979140;2980420;"04";Perguntas
2980420;2982680;"04";1. Por que a dona morte fala que achou
2982680;2984940;"04";O cheiro do carro dos jogadores engraçado
2984940;2986440;"04";O cheiro meio doce
2986440;2989780;"04";Como é uma história coletiva
2989780;2991400;"04";A ideia ali foi só
2991400;2993600;"04";Eu joguei pro mundo
2993600;2995760;"04";E esperei o que os jogadores iriam falar
2995760;2998260;"04";Dizem que a gente virou alguma coisa
2998260;2999680;"04";Ou no caso da Fabi
2999680;3000580;"04";Que só ficou ofendida
3000580;3001700;"04";Então foi só
3001740;3003580;"04";Uma deixa
3003580;3006300;"04";E ver pra onde essa história vai
3006300;3008600;"04";2. Por que a Lilian fala
3008600;3010200;"04";Daquele jeito meio aéreo
3010200;3010900;"04";Meio alheio
3010900;3013180;"04";Será que ela estava sob o poder de alguém
3013180;3014640;"04";Capaz de controlar a mente
3014640;3017700;"04";Afinal de contas não deve ter sido simples
3017700;3018840;"04";Arranjar esse casamento
3018840;3020820;"04";Que não deu certo
3020820;3024340;"04";Qual foi a sua indicação pra interpretação da Dani
3024340;3026140;"04";Eu não dei indicação nenhuma
3026140;3028000;"04";Eu dei assim, ela tá triste, ela tá feliz
3028000;3028800;"04";Ela tá não sei o que
3028800;3031340;"04";E ela é um demônio poderoso
3031740;3034880;"04";Só que eu quero ela o mais fofa possível
3034880;3036940;"04";A Dani deu essa interpretação
3036940;3037580;"04";Eu vejo
3037580;3041420;"04";O NPC acaba influenciando também a história
3041420;3043980;"04";Eu vejo mais de que
3043980;3047080;"04";Ela tava meio dopadinha de remédio
3047080;3049000;"04";Pra poder aturar aquela situação toda
3049000;3051080;"04";E talvez isso tenha influenciado ela
3051080;3052040;"04";Ou ela sempre foi
3052040;3054200;"04";Porque ela é uma criatura que não é humana
3054200;3055760;"04";Ela sempre foi daquele jeito
3055760;3057820;"04";3. Caso não tenha explicado ainda
3057820;3059400;"04";Explica pra gente aquela história
3059400;3061580;"04";Da linha que você move e ela não está mais onde ela está
3061580;3063820;"04";Porque desde que eu gravei isso
3063820;3064280;"04";Eu quero entender
3064280;3065020;"04";Eu acho que eu expliquei
3065020;3067620;"04";Um enorme abraço a todos os jogadores
3067620;3068900;"04";Aos outros NPCs
3068900;3071040;"04";Pelo episódio incrível
3071040;3073020;"04";Até a próxima, nos veremos em breve
3073020;3074540;"04";Até a próxima querido
3091580;3093400;"00";Beijinhos
3093400;3096620;"00";Símbolo de igual e asterisco
3096620;3098520;"00";Esse é meu primeiro comentário
3098520;3100880;"00";Cheguei nos semanais no episódio TEL
3100880;3102060;"00";Nossa lindo
3102060;3104660;"00";Escuto RPG Guaxa há 7 meses
3104660;3107020;"00";Nas idas e vindas de ônibus
3107020;3109080;"00";Graças às incríveis histórias
3109080;3110700;"00";Que você e os jogadores fazem
3110700;3112800;"00";Eu consigo ficar acordado no ônibus
3112800;3114000;"00";O que me ajudou uma vez
3114000;3115960;"00";Quando o motorista do ônibus foi assaltado
3115960;3116340;"00";Nossa
3116340;3120260;"03, 00";Eu fiquei tentando entender
3120260;3121560;"00";Como que o Gomes
3121580;3122200;"00";Guaxa te ajudou
3122200;3124520;"00";Enfim
3124520;3126780;"00";Vim dizer que amo o RPG Guaxa
3126780;3128600;"00";E que o episódio TEL me ajudou
3128600;3129660;"00";No momento complicado
3129660;3132100;"00";Assim como o épico convite de casamento
3132100;3133540;"00";Me confortou de alguma forma
3133540;3136220;"00";Minhas olhagens de dado na vida não são sempre boas
3136220;3137360;"00";Como as de qualquer pessoa
3137360;3140000;"00";Na adolescência perdi um tio muito próximo
3140000;3142480;"00";Nesse dia meu melhor amigo me deu um abraço
3142480;3144600;"00";Tão reconfortante que passei a gostar dele
3144600;3146120;"00";Mas acabei não lhe dizendo
3146120;3147980;"00";Pois as duas vezes que tentei
3147980;3149260;"00";Ele estava namorando
3149260;3150560;"00";E acabei desistindo
3150560;3151560;"00";No fim
3151560;3153100;"00";Meus pais mudaram de estado
3153100;3154140;"00";E tive que ir junto
3154140;3156100;"00";Mas mantive contato com esse amigo
3156100;3157780;"00";Numa viagem ao estado que nasci
3157780;3160320;"00";Pouco antes de voltar para onde meus pais estavam
3160320;3161280;"00";Meu pai faleceu
3161280;3163860;"00";E de novo recebi aquele abraço desse amigo
3163860;3165180;"00";Doze anos se passaram
3165180;3167720;"00";E eu mantive meus sentimentos no cantinho do peito
3167720;3170360;"00";Pois nunca achei que teria a oportunidade de estar com ele
3170360;3172400;"00";Eis que ele terminou o relacionamento
3172400;3173420;"00";E veio me visitar
3173420;3176220;"00";Para minha surpresa nós ficamos e ele me pediu em namoro
3176220;3178560;"00";Começamos então o relacionamento a distância
3178560;3180380;"00";Ele me apresentou o RPG Guaxa
3180380;3181280;"00";E eu viciei
3181280;3181540;"00";E ele me pediu um namoro
3181560;3181960;"00";Nossa
3181960;3183100;"00";Caramba
3183100;3185600;"00";Há um mês atrás ele terminou comigo
3185600;3187920;"00";Disse que sentia que estava me fazendo mal
3187920;3189520;"00";Eu entrei em desespero
3189520;3191580;"00";Pois senti estar novamente perdendo alguém
3191580;3193720;"00";Toda a dor da perda do meu pai voltou
3193720;3196060;"00";E mesmo depois de eu tentar resolver a situação
3196060;3196940;"00";Para voltarmos
3196940;3198220;"00";Ele não quis nem me ouvir
3198220;3200000;"00";No dia seguinte escutei Tel
3200000;3202700;"00";E senti um conforto tão grande que não sei explicar
3202700;3205460;"00";Percebi que eu estava presa nas perdas que sofri
3205460;3207800;"00";Ao escutar convite de casamento
3207800;3208700;"00";Rii muito
3208700;3211260;"00";Adorei as referências e amei demais o final
3211260;3213040;"00";Eu acredito em alma gêmea
3213040;3214340;"00";E sei que encontrei a minha
3214340;3216200;"00";Mas nem sempre o final é feliz
3216200;3218620;"00";Mesmo que o ame e saiba que ele me ama
3218620;3219900;"00";Nos desencontramos de novo
3219900;3223420;"00";Enfim, fiz o desabafo por tudo o que o RPG Guaxa
3223420;3224220;"00";Representa pra mim
3224220;3226920;"00";Ah, ele não escuta o Guaxa verso até o final
3226920;3229660;"00";Só escuta as perguntas dos que são mais teóricos
3229660;3231500;"00";Por isso deixei pra comentar agora
3231500;3233100;"00";Aí o bonequinho dando
3233100;3235240;"00";Biscando o olho e dando língua
3235240;3237740;"00";Um beijos e obrigado por esse multiverso
3237740;3239200;"00";Fantástico que você criou
3239200;3240460;"04, 00";Ela deixou
3240460;3244380;"04";Um rabiscado no verso do Guaxa verso
3244380;3246580;"04, 00";É, ela basicamente fez isso
3246580;3248040;"04";Ela botou na parte que não lê
3248040;3249060;"04";É verdade, sim
3249060;3252020;"04";Obrigado por dividir isso com a gente
3252020;3255020;"04";Fico feliz de ter te ajudado a evitar um assalto no ônibus
3255020;3255580;"04";Sim
3255580;3257860;"04";Eu entendi que estar acordado durante o assalto
3257860;3259100;"04";É melhor do que ser assaltado dormindo
3259100;3261660;"04";Parabéns, porque
3261660;3263540;"04";Como acho que o RPG Guaxa tenha te ajudado
3263540;3266540;"04";Ele só funcionou porque você se ajudou
3266540;3268140;"04";Então muito obrigado mesmo
3268140;3270260;"04";E obrigado pelo seu comentário
3270260;3272800;"04, 00";E saiba que o amor ele tá em todo lugar
3272800;3274220;"00";Ele não tá em uma pessoa
3274220;3275900;"03, 00";E...
3275900;3278300;"04, 03, 00";Nós não somos laranjas pra ter
3278300;3280080;"00";Muito menos metade de uma laranja
3280080;3283100;"00";Nós somos feitos de amor da cabeça aos pés
3283100;3284500;"00";E ele tá em todo lugar
3284500;3286360;"00";E muitas pessoas
3286360;3288740;"04, 00";O Anderson Camatari já tinha comentado
3288740;3289680;"04";Mas ele voltou aqui
3289680;3292220;"04";Uma boa noite a todos, gostosos presentes
3292220;3293680;"04";Cada qual com o seu devido papel
3293680;3294780;"04";Marcelo convidado de chat
3294780;3297140;"04";Eu tenho certeza que eu já li o comentário dele hoje
3297140;3298580;"04";Eu não ia vir com teorias
3298580;3299940;"04";Mas o senhor Marcelo Fulguasca
3300260;3301860;"04";Eu ia até o grupo de spoiler da taberna
3301860;3302580;"04";Hoje a tarde
3302580;3304660;"04";Provocar os teóricos de plantão
3304660;3305740;"04";Com a seguinte mensagem
3305740;3309600;"04";Esse episódio corrige um erro que ninguém notou
3309600;3311860;"04";Vamos ver se alguém nota a correção
3311860;3315000;"04";Eu poderia vir aqui com algumas teorias
3315000;3316740;"04";Mas pra facilitar vou só perguntar
3316740;3318340;"04";Qual seria esse erro?
3319000;3320120;"04";Se tu olhar a trilogia
3320120;3322300;"04";Sabendo que tá na linha do Cavaleiros do Bicho
3322300;3324720;"04";O inferno só passa a existir
3324720;3326680;"04";Quando ele é movido pelo Raul
3326680;3328140;"04";E pelo Paulo
3328140;3330000;"04";Esse episódio se passa
3330260;3330480;"04";Antes
3330480;3334020;"04";Então se o inferno só começou a surgir daquele ponto
3334020;3335980;"04";Como é que existia o inferno antes?
3336520;3337540;"04";A resposta é
3337540;3339980;"04";Como tu moveu um ponto
3339980;3341320;"04";Tu não consegue mover um ponto
3341320;3342540;"04";Tu move uma linha
3342540;3345680;"04";Então ele passou a existir
3345680;3346740;"04";Por toda a linha
3346740;3348520;"04";E não só daquele ponto em diante
3348520;3350160;"04";É o furo que foi corrigido
3350160;3353760;"04, 00";É aquela lógica de porque que explica
3353760;3355580;"00";Que não existe viagem no tempo passado
3355580;3358000;"00";Porque se existisse viagem no tempo passado
3358000;3359260;"00";Ela sempre teria existido
3359260;3360100;"00";Então ela não existia em tempo passado
3360100;3360240;"00";Então ela não existia em tempo passado
3360260;3361940;"00";Ela nunca poderia existir
3361940;3362540;"04, 00";É verdade
3362540;3364460;"04";Porque sempre eu tenho o filho da mãe
3364460;3367120;"04";Que ia pegar a máquina do tempo e entregar pro homem da caverna
3367120;3369300;"04";Só de zoeira
3369300;3370280;"04";Ele continua
3370280;3372200;"04";Mais uma frase me intrigou nesse episódio
3372200;3375220;"04";Quando a morte fala que uma linha tem as duas extremidades
3375220;3376100;"04";O início e o fim
3376100;3378740;"04";Mas que o meio de uma linha pode ser movido
3378740;3381740;"04";Agora eu fiquei imaginando se as linhas podem ter intersecções
3381740;3382620;"04";Por exemplo
3382620;3384800;"04";Eu imagino sete linhas paralelas entre si
3384800;3387520;"04";Mas aí alguém segura o meio dessa linha
3387520;3389720;"04";E puxa ela pra cima ou pra baixo
3390260;3392800;"04";Mantendo o início e o fim dela no mesmo lugar
3392800;3395080;"04";Porém agora o meio dessa linha
3395080;3396080;"04";A trajetória que ela faz
3396080;3397100;"04";Passa por cima de outras
3397100;3399780;"04";Criando pontos e intersecções
3399780;3401240;"04";Com outras que ela se cruza
3401240;3401840;"04";É complexo
3401840;3405200;"04";Aquele episódio que os goblins e outros seres
3405200;3406500;"04";Passam para outro mundo
3406500;3409000;"04";Seria o momento dessa intersecção?
3409380;3411260;"04";Seria aqueles portais daquele episódio
3411260;3412240;"04";Antigo
3412240;3413760;"04";Acho que foi o pacto de Raul
3413760;3417600;"04";Não foi esse mas é por ali
3417600;3419980;"04";Porque também passam por outras linhas
3419980;3420100;"04";É o momento que ela passa por outras linhas
3420100;3420620;"04";É isso
3420620;3423060;"04";Um grande forte beijunda a todos
3423060;3425780;"04";Então as linhas não se tocam
3425780;3427460;"04";O que acontece é que as linhas
3427460;3428640;"04";Por exemplo tem uma linha
3428640;3429620;"04";A realidade
3429620;3432420;"04";Essa linha acaba criando o céu
3432420;3434360;"04";O inferno como aconteceu
3434360;3437160;"04";Ela tem outras sublinhas que trabalham
3437160;3438120;"04";Para aquela linha principal
3438120;3439180;"04";Como se fosse
3439180;3441640;"04";Se tu olhar uma linha mesmo
3441640;3443680;"04";Tu vai ver que são várias linhas enroladinhas
3443680;3447060;"04";Então tu tem sublinhas ali
3447060;3448240;"04";E essas que são movidas
3448240;3450080;"04";A linha principal é firme
3450100;3452940;"04";O suficiente para não se entortar
3452940;3455000;"04";Porque são caminhos
3455000;3456800;"04";São mini linhas
3456800;3458220;"04";Amarradas de um ponto a outro
3458220;3459220;"04";Que criam portais
3459220;3462660;"04";O conceito não é bem esse
3462660;3463200;"04";Mas é esse
3463200;3464740;"00";Seria como se você estivesse
3464740;3468660;"00";Pegando vias pequenas
3468660;3470480;"00";Para chegar em outra estrada paralela
3470480;3472320;"06, 00";De novo
3472320;3473920;"00";O Anderson Kamatari
3473920;3476520;"00";Ah mais uma coisa
3476520;3477740;"00";Foi dito no episódio
3477740;3479820;"00";Que os personagens são almas trigêmeas
3480100;3480560;"00";Ou seja
3480560;3481540;"00";Uma única alma
3481540;3482800;"00";Dividida em três corpos
3482800;3483760;"00";Pergunta
3483760;3485340;"00";Já vimos NPCs
3485340;3486340;"00";E ou personagens
3486340;3487660;"00";Que são almas gêmeas
3487660;3488760;"00";De acordo com esse conceito?
3489080;3489560;"04";Não sei
3489560;3490460;"04";Talvez
3490460;3492820;"04";Nunca parei para pensar sobre isso
3492820;3494180;"04";Marcelo Gillesbouc
3494180;3494440;"04";Quando enfim
3494440;3495800;"04";Todas as paralelas se cruzam
3495800;3496480;"04";É isso
3496480;3498060;"04";Quero agradecer a todos os padrinhos
3498060;3500200;"04";Vou ler agora o nome dos padrinhos
3500200;3502140;"04";O Jonatas Ramiro Goulart
3502140;3505200;"04";A Fernanda Boni Carriço Mendes
3505200;3507260;"04";O Robson Matos Neto
3507260;3508940;"04";O Valderes Zimmer
3508940;3510080;"04";A Daiane Andréa
3510100;3511120;"04";A Andressa Renssel
3511120;3513400;"04";O Moisés Ferreira Dias
3513400;3516380;"04";O Allan Kardec Bandeira de Melo Filho
3516380;3517340;"04";O Atila Rudiel
3517340;3519360;"04";A Andressa Gonçalves de Freitas
3519360;3521140;"04";O Arthur Damasceno
3521140;3522680;"04";O Carlos Guimarães
3522680;3525740;"04";Isso contando só quem estava acumulado lá no PicPay
3525740;3527100;"04";A gente não leu na semana passada
3527100;3528800;"04";O pessoal que assinou pelo Padrim
3528800;3530920;"04";Eu vou deixar para o próximo comentário
3530920;3532300;"04";Espero que vocês entendam
3532300;3533620;"04";Estou deixando acumular um pouco
3533620;3534820;"04";Mas eu prometo
3534820;3536040;"04";Que antes de fechar o ano
3536040;3537460;"04";Eu vou me organizar tudo
3537460;3539240;"04";Para poder me desorganizar
3539240;3540080;"04";Durante o ano
3540100;3540860;"04";Antes de janeiro
3540860;3541600;"04";Que é férias
3541600;3542680;"04";Eu queria
3542680;3543700;"04";Antes de encerrar
3543700;3544460;"04";Fazer algumas perguntas
3544460;3545280;"04";Para o Ballardino
3545280;3545880;"04";Sim
3545880;3547200;"04";Qual é o teu atributo favorito?
3547420;3549420;"04, 00";Eu não tenho um atributo favorito
3549420;3551060;"00";Eu vejo o atributo
3551060;3552280;"00";Depois que eu monto o personagem
3552280;3553820;"00";Eu vejo qual combina com ele
3553820;3555720;"04, 00";Tu jogou com três personagens já?
3555960;3556280;"04";Sim
3556280;3557520;"04";Foi desse episódio
3557520;3558520;"04";Convite de casamento
3558520;3560260;"04";Foi o do espaço, né?
3560520;3560840;"00";Isso
3560840;3562320;"00";Foi o robô Zig
3562320;3564100;"00";E o Samuel
3564100;3564880;"00";E o Samuel
3564880;3567420;"00";Na volta da cigarra
3567420;3567920;"04";Ah, tá
3567920;3568980;"04";Da trilogia
3568980;3569460;"04";Dos três
3569460;3570080;"04";Qual é o teu favorito?
3570100;3570420;"04, 00";Ah
3570420;3571320;"00";Andy
3571320;3572100;"00";Sem sombra de dúvidas
3572680;3574560;"04, 00";Dos NPCs que tu já fez
3574560;3575360;"04";Qual é o teu favorito?
3575520;3576320;"04, 00";O Romildo
3576320;3577180;"04";Qual é o teu personagem favorito?
3577400;3578660;"04";Tirando os três que tu jogou
3578660;3580200;"04";Qual é o teu personagem jogador favorito
3580200;3581140;"04, 00";De todos os arpegados?
3581360;3581900;"00";Caraca
3581900;3583500;"00";Personagem jogador
3583500;3585600;"00";Eu não lembro quem fez
3585600;3586460;"00";Mas aqui
3586460;3588600;"00";Aqui
3588600;3590200;"00";Era a discípula do
3590200;3591000;"00";Do N
3591000;3591680;"04, 00";Sofia?
3592120;3592520;"04";Eu não lembro
3592520;3593780;"04";Mas é a personagem da Agatha Sofia
3593780;3594420;"04";Inclusive
3594420;3595560;"04, 00";Ah, era ela
3595560;3596160;"04, 00";Então era
3596160;3597720;"04, 00";Sim, sim, sim, sim
3597720;3598620;"00";Que legal
3598620;3599740;"00";Eu acho incrível
3599740;3600080;"00";Eu acho incrível
3600100;3600720;"00";Aquela
3600720;3601660;"00";Aquela
3601660;3603680;"00";Dinâmica toda
3603680;3604920;"04, 00";Que virou deusa depois
3604920;3605200;"04, 00";Isso
3605200;3605480;"04, 00";Aham
3605480;3606100;"04";Aham
3606100;3606300;"04";Qual
3606300;3607940;"04";Tirando os NPCs que tu fez
3607940;3609280;"04";Dos NPCs dos outros
3609280;3611100;"04";Qual é o teu NPC favorito?
3611220;3612420;"00";NPC favorito
3612420;3613300;"00";Isso muda
3613300;3615200;"00";Com tanta frequência
3615200;3616260;"04, 00";No momento
3616260;3616680;"04";Agora
3616680;3617840;"04";No momento dessa gravação
3617840;3618100;"04, 00";Agora
3618660;3619980;"00";Eu diria que
3619980;3622500;"00";Eu não sei se ele foi NPC
3622500;3623380;"00";Ou se ele foi PC
3623380;3623920;"00";Porque
3623920;3626600;"00";Eu gosto muito do Rico
3626600;3628420;"00";Mas o Rico foi jogador, né?
3628560;3628880;"00";Então
3628880;3630080;"04, 00";Não conheço ele
3630080;3630660;"04, 00";Enquadraria
3630660;3630720;"04, 00";Exato
3630720;3632660;"04, 00";Normalmente ele foi jogador
3632660;3633220;"04, 00";É
3633220;3634500;"00";Então não enquadraria
3634500;3635840;"00";Mas aí como o NPC
3635840;3638100;"00";Eu gosto muito da boba
3638100;3639560;"00";Eu gosto muito do
3639560;3640780;"00";Do Pietro
3640780;3642180;"00";Mas eu vou votar na Kelly
3642180;3643560;"00";Só porque ela não é vilã
3643560;3643820;"04, 00";Tá
3643820;3648200;"04, 00";Das pessoas que já jogaram RPG Guaxa
3648200;3649520;"04";E que nunca jogaram contigo
3649520;3651080;"04";Se fosse jogar uma aventura
3651080;3652440;"04";Qual seria as outras duas pessoas?
3652720;3654220;"00";Meu impulso inicial seria falar
3654220;3655560;"00";Que seriam as Caquitas
3655560;3657000;"04, 00";Paula e Renata, perfeito
3657000;3658380;"04, 00";Também queria jogar muito com a Isa
3658380;3659660;"00";Porque a gente divide o psiquiatra
3660080;3661640;"00";Mas eu não consegui ainda jogar com ela
3661640;3662360;"03, 00";Perfeito
3662360;3665560;"04, 00";A Isa não volta agora
3665560;3668340;"04";Mas ela tá no Missangas
3668340;3668960;"04";Agora no final do ano
3668960;3669540;"04";Que tá incrível
3669540;3670660;"04, 00";Ah, que legal
3670660;3672320;"04, 00";Agradeço muito ao Balardino
3672320;3673140;"04";Por ter participado
3673140;3674060;"04";Você quer deixar algum recado?
3674120;3675240;"04";Como é que as pessoas te acham na internet?
3675540;3677400;"00";Não, elas me acham pelo meu nome
3677400;3678640;"00";Gabriel Balardino
3678640;3680260;"00";Guilherme Balardino não me acha
3680260;3681780;"00";Mas Gabriel Balardino acha
3681780;3684860;"00";E eu tô no Twitter e no Instagram
3684860;3686820;"00";E só nessas redes aí que eu tô
3686820;3688840;"04, 00";Quero agradecer aos novos padrinhos
3688840;3689840;"04";Aos velhos padrinhos
3689840;3690060;"04";Que me ajudaram a fazer isso
3690080;3690860;"04";Eu quero
3690860;3693740;"04";Obrigado a você que queria apoiar e não pode
3693740;3695500;"04";Obrigado a você que quer apoiar e apoia
3695500;3696700;"04";É porque pode
3696700;3698480;"04";Um beijo no coração de todos vocês
3698480;3701260;"04";Eu quero que vocês saibam que o RPG Guaxa só existe
3701260;3703380;"04";Porque tem pessoas maravilhosas como o Balardino
3703380;3706280;"04";Como vocês aqui no chat
3706280;3707720;"04";Como a Agatha Sofia
3707720;3709420;"04";Como a Juleiva, como a Belo
3709420;3712080;"04";Como a Marcele Rey, como o Anderson Kamatari
3712920;3714280;"04";O RPG Guaxa só existe
3714280;3716500;"04";Porque tem pessoas como vocês
3716500;3718080;"04";E o Guaxa Verso
3718080;3719840;"04";No caso, o Guaxa Verso
3719840;3720260;"04";Não existe
3720260;3721800;"04, 01";Meu amor, eu confesso
3721800;3724680;"01";Estou casando, mas o grande amor
3724680;3726840;"01";Da minha vida é você
3726840;3731260;"01";Estou casando, mas o grande amor
3731260;3733920;"01";Da minha vida é você
3733920;3738200;"01";Estou casando, mas o grande amor
3738200;3742180;"01";Da minha vida é você
3749840;3779820;"03, 04, 02, 05, 06";Estou casando, mas o grande amor
3779820;3809800;"04, 03, 00, 05";Da minha vida é você
3809800;3839780;"04, 02, 05, 00";Estou casando, mas o grande amor
3839800;3869780;"04, 02, 05, 00, 06";Da minha vida é você
3869800;3891080;"04, 06, 02, 00";Estou casando, mas o grande amor
3891080;3891120;"unknown";Da minha vida é você
