0;10120;"01";Se eu pegar essa ilha e esse helicóptero, e aí tudo faz sentido, porque aqui tem um zumbi e ali não tinha, e agora...
10120;15000;"01";É isso! É isso! Eu sabia! Eu sabia! O Guaxaverso existe!
15120;15960;"00";Como assim?
16180;18000;"00";Você entendeu a referência do último episódio?
18260;18980;"00";Olha só, faz tudo!
18980;20020;"01, 00";Não, o Guaxaverso sabe o que faz!
20020;20960;"02, 00";Espera, o que é o Guaxaverso?
21000;22980;"02, 00";Era só uma questão de tempo.
23100;24520;"00";O Guaxaverso sempre existiu!
24520;27180;"02, 01, 00";Eu quero entender o Guaxaverso!
27220;28560;"02, 00";Alguém me explica o que é o Guaxaverso?
28560;32020;"02, 01";É, pessoal, não existe o Guaxaverso.
32080;33720;"02, 00";Eu acredito no Guaxaverso!
33760;36560;"02";Mas supondo que ele exista...
37880;41540;"01";Guaxaverso, onde o que não existe é debatido.
45220;50400;"02";Ô professora, pode fritar a quinta série, não tem medo de empatar.
50880;51580;"02";Foi excelente.
51780;52460;"02, 01, 00";Um ótimo grito.
57460;58540;"02";Olá, eu sou Marcelo.
58560;61820;"02";Eu sou o Guaxanin, narrador, produtor, idealizador, podcast de realidade para o lado do Guaxanin.
62040;64500;"02";E será que um dia vão acabar esses Guaxaversos?
64880;67060;"02";Pra quem não sabe, o Guaxaverso é o nosso antigo escudo-mestre.
67180;70980;"02";Aqui vamos ler os seus comentários e discutir as teorias do último episódio,
71300;74040;"02";que, no caso, foi Chocados no Espaço.
74460;78120;"02";Assim como o episódio anterior, ele foi gravado tudo de uma vez só lá na Twitch.
78200;79500;"02";A gente gravou os quatro episódios.
79880;82620;"02";Eu e a Ju, que jogou os quatro episódios, né?
83060;86540;"02";E assim como o episódio anterior, ele foi um oferecimento da Fanta.
86960;88540;"02";Afinal, o G do RPG.
88560;89620;"02";O G é de game.
90140;91380;"02";E game pede Fanta.
91860;97760;"02";Foi uma ação que a Fanta do Brasil fez em parceria com a CCXP Worlds 2021,
98020;103200;"02";em que ela apoiou lá o projeto, teve o Tribarena by Fanta, entre outras atrações.
103420;105720;"02";A CCXP, que esse ano foi totalmente digital.
106060;109520;"02";Se você perdeu esse incrível evento, dá uma olhada lá no Instagram da Fanta.
109740;114920;"02";E, obviamente, se você gostou de ter três episódios extras, não esqueça de agradecer a Fanta.
114920;117920;"02";O link do Twitter e do Instagram dela está aqui.
118560;120120;"02";E descrição do episódio.
120420;122900;"02";E muito obrigado, Fanta, por esse apoio incrível.
123260;125160;"02";Como falei pra vocês, gravei com a Ju.
125340;128720;"02";Então fica aí com a nossa leitura de comentários de episódios chocados no espaço.
129180;132860;"02";Então vamos à máxima leitura de comentários aos episódios chocados no espaço.
133280;138040;"02";O segundo episódio extra que a Fanta nos proporcionou neste mês de dezembro.
138460;139800;"02";Ele foi o episódio 94.
140700;144740;"02";E, assim como no episódio anterior, porque eu tô gravando tudo junto num dia só na Twitch, gente.
144740;146120;"02";Eu estou aqui com a Ju.
146540;146940;"02";Oi, Ju.
147340;148180;"01";Oi, Guaxa.
148560;149200;"01";Oi, chat.
150460;152840;"02";É complicado porque a Ju pode ser...
152840;153580;"02";As pessoas dizem assim...
153580;154200;"02";A Jujuba?
154320;155220;"02";Não, não é a Jujuba.
155620;156480;"02";É a Juliana.
156900;157540;"02";A Jujuba?
157680;158920;"02";Não, não é a Jujuba.
159220;160360;"02";É a outra Juliana.
160580;161440;"01, 00";É a baixinha?
161660;162260;"00";Como é que a Ju...
162260;162540;"00";Não.
162840;163500;"02";É a baixinha?
163620;164600;"02";Não adianta também.
165080;167460;"02";Como é que as pessoas te acham na internet, outra Ju?
167940;169660;"01";Vocês não me acham na internet.
169660;175460;"01";Se quiserem, eu estou no Instagram como Guaxete ou Guaxete RPG.
176020;177920;"01";Que é basicamente pra seguir coisas de RPG.
178560;179580;"01";Algumas de comida.
180120;180560;"02";Perfeito.
180780;181220;"02";Perfeito.
181400;181720;"02, 01";Perfeito.
182080;182580;"02";As pessoas acham...
182580;186640;"02";Ah, o Guaxa chama as pessoas pra jogar porque ele quer divulgação do podcast.
186820;187020;"02";Não.
187240;188820;"02";Chamar a Ju não me adianta de nada.
189000;192280;"02";Porque as pessoas que ela segue com o perfil dela são pessoas que já conhecem o RPG.
192840;194780;"02";Não me adianta de nada no sentido de...
194780;195320;"02, 00";Como é que se diz?
196120;198400;"02, 00";De ampliação de público, talvez.
198700;199140;"02";Isso.
199660;200100;"02";Isso.
200620;202260;"02";Mas adianta sim, porque fica bacana.
202800;205420;"02";O primeiro comentário é do Jorge Marcos Santos Silva.
205460;206020;"02";Ele conseguiu.
206080;206760;"02";Agora ele conseguiu, Ju.
207360;207800;"02";Vitória.
207800;207900;"02";Vitória.
208560;210120;"02";Vamos ver se os próximos dois ele consegue também.
210620;212700;"02";Senhor Marcelo Guaxinim, parabéns.
213460;213860;"02";Fantástico.
214180;215280;"02";Simplesmente fantástico.
215560;219500;"02";Antes de mais nada, olá para você, chat e possível convidade.
219860;220660;"02";Você é convidado.
220880;221400;"02";Deu olá.
221580;221840;"02, 01";Olá.
222560;223340;"02";Tudo certo com vocês?
223600;223840;"02";Comigo?
223940;224220;"02";Tudo bem.
224300;224740;"02";Contigo, Ju?
225140;225740;"01";Tudo certo.
225980;226580;"01";Tudo certo.
227140;227860;"02";Eu sempre...
227860;230780;"02, 01";O teu marido já me odeia por tu estar aqui gravando, fazendo um monte de coisa?
230860;231260;"02, 01";Não.
231400;232300;"01";Não te odeia.
232520;233620;"01";Ficou ouvindo os episódios.
233700;234300;"02, 01";Está tudo certo.
234320;235120;"02, 01";Ah, ele ouve os episódios.
235240;235480;"02, 01";Ah, tá.
235480;235600;"02, 01";Sim.
236060;237020;"02";A minha esposa não escuta.
237120;238460;"02";Ela diz que ela já me escuta todo dia.
238460;239600;"02";Ela não vai ouvir daí de novo.
239720;241000;"01";Eu tenho um plano secreto.
241320;242800;"01";Ah, mas se eu falar não é mais secreto.
242920;243720;"01";Isso é que é assim.
244780;246280;"02";De obrigar ela a ouvir?
246380;246680;"02, 01";Pode ser.
246720;247040;"02, 01";Não.
247160;247800;"02";Vamos continuar aqui.
247800;248400;"02";Vamos lá.
250780;253680;"02, 00";Eu tenho uma ideia secreta e vou contar aqui para todo mundo que está ouvindo.
253700;253780;"02, 00";Exatamente.
255900;259120;"02";E provavelmente o Guaxinim vai esquecer de cortar isso do episódio final, então vai
259120;259860;"02";sair até no feed.
260420;260740;"02";Continuando.
261200;262300;"02";A primazia...
262300;263980;"02";Olha só como é bonito isso.
263980;268440;"02";A primazia entre história, jogadores e edição foi de torrar o fôlego.
268460;270500;"02";É porque é cada vez 50% do episódio.
270840;275860;"02";Por favor, de coração, considere explorar mais esse mundo, essa linha sci-fi, por favor,
276320;281200;"02";porque a desculpa de você não saber se conseguiria fazer nem esse tipo de história
281200;282840;"02";já não dá mais para usar.
283260;284980;"02";Caraca, esse foi o episódio de chocada no espaço.
285520;290760;"02";Esse foi o episódio que, quando eu olhei assim, o que tinha sido aprovado pela Fanta,
290840;292500;"02";eu pensei, eu sou uma anta?
293040;294880;"02";Por que eu mandei esse episódio?
296540;297020;"02";Sabe?
297020;297100;"02";Sabe?
297100;299720;"02";Por que não pegar uma coisa mais leve?
300560;308060;"02";E é esse, e é o da caçada, que envolve lá os ricos usando um cachorro para matar a população
308060;308520;"02";carente.
308880;313020;"02";Eu sou um imbecil, mas eu mandei, eles ouviram, tá?
313120;313680;"02";Para aprovar.
313880;317940;"02";Eu não sei se ouviram só a parte que eu falo na marca, ou se ouviram o episódio todo,
318500;320700;"02";mas tipo, horas depois eu recebi.
320960;322380;"02";Ok, pode prosseguir.
322540;323440;"02";Ah, que legal.
323940;325040;"02";Foi assim, ó.
325180;327040;"02";Entre eu mandar pela manhã e receber recebido.
327100;331960;"02";A resposta final do dia, para poder soltar a noite, eu assim, gosta, você é um imbecil.
332460;335680;"02";Mas ok, deu tudo certo, e os ouvintes gostaram.
335840;336580;"02";Então tá bom.
337000;341440;"02";E ok, eu pretendo explorar mais esse mundinho mais vezes.
341940;346360;"02";Não é um, como eu falei, não é um tipo de cenário que eu me sinta confortável,
346420;350280;"02";porque não é um gênero que eu bebi tanto da fonte, mas farei, farei mais vezes.
350400;350940;"02";Teremos mais.
351380;353100;"02";Embora para o ano que vem a gente tenha...
353100;354880;"02";O que eu gravei com os orzóis é medieval.
355660;356940;"02";Tem mais coisas com crianças.
357100;359040;"02";Eu não lembro, é isso.
359440;362420;"02";Mas não, por enquanto, espaço eu não fui ainda.
362840;366120;"02";Novamente, mas iremos, onde nenhum guaxinim jamais esteve.
366840;371100;"02";Spoilers! Adorei a ambientação do mundo e o fato das galinhas serem os alienígenas.
372000;372800;"02";Muito incrível.
373240;375740;"02";Ainda mais considerando a inteligência que esses animais têm.
376120;377100;"02";São praticamente raptors.
378320;378980;"02";É verdade.
379620;384600;"02";E um dia teremos mais galinhas raptors no mundo do RPG Guaxa,
384860;386300;"02";sem ligação com esse episódio, inclusive.
386460;387060;"02";Ou será?
387260;389280;"02";Puta, olha só, eu acabei de criar uma...
389280;390480;"02";Eu me senti um ouvinte agora.
390900;392240;"02";Eu criei uma ligação que não existe.
392520;394080;"02";Que é desse episódio com o outro que vai sair.
394240;397480;"02";Havia algo mais na nave de relevante que eles não exploraram ou descobriram?
397540;398180;"02";Eu não sei.
398460;402080;"02";Grande parte da nave eles iam explorando e eu ia criando na hora.
402440;405080;"02";Então, a menos que eles fossem até lá, eu não sei o que tinha lá.
405380;409440;"02";Porque exatamente aquele ricaço tinha decidido deixar tudo pra trás
409440;411300;"02";e seguir aquele tipo de vida.
411620;413180;"02";Porque é isso que o rico faz.
413620;415200;"02";O rico, ele tá cheio de dinheiro,
415200;416000;"02";aí ele faz o quê?
416080;417040;"02";Ele aproveita esse dinheiro?
417340;417680;"02";Não.
418220;419720;"02";Ele vai fazer uma coisa maluca.
419820;421680;"02";Ele vai escalar o Everest, sabe?
422120;423460;"02";Por que as pessoas fazem isso?
423520;424140;"02";Eu não sei.
424560;425340;"02";Ele foi fazer isso.
425720;429940;"02";No caso do episódio, ele estava num mundo completamente dominado pelo capitalismo
429940;432460;"02";e ele encontrou o amor e foi fazer merda.
432660;434440;"02";Que é o que a gente faz quando encontra o amor.
434800;435240;"02";Certo, Jão?
435740;437980;"02, 01";Encontrou o amor e foi fazer merda.
438260;441400;"01";Eu vou salvar essa frase nos meus blocos de anotações.
441900;442760;"01";Frases clássicas.
443220;443460;"01";Ok.
443660;443960;"02, 01";Ok.
443960;447040;"02";Os planos da senhora Amazon eram realmente aqueles?
447060;447660;"02";Eu tinha algo mais.
448040;448980;"02";Não, ela precisava...
448980;450680;"02";Ela tinha que casar entre a família dela
450680;452380;"02";pra manter o poder ali
452380;454620;"02";e ela precisava de alguém fraco pra ela continuar no poder.
455120;457540;"02";E o outro primo, que ela tentou matar algumas vezes,
458020;458920;"02";não era uma boa opção.
459180;460360;"02";Então ela queria...
460360;461580;"02";Aquela pessoa que foi...
461580;462940;"02";Largou tudo, que não liga pra dinheiro.
463340;463680;"02";Assim, ó.
463780;466520;"02";Nada melhor pro rico do que uma pessoa que não liga pro dinheiro.
467000;468380;"02";Porque daí o rico, ele continua rico
468380;469580;"02";com o dinheiro da pessoa que não liga.
469820;470060;"02";Entendeu?
470540;472180;"02";Você tem alguma ideia de que...
472180;476040;"02";De que queremos pode se tornar aquele ovo vendido por tanto dinheiro?
476040;478360;"02";Aquele ovo é uma arma biológica?
478880;480080;"02";Ou frango frito?
480300;481680;"02";Depende das mãos de quem cair.
482160;483440;"02";Eu torço que vire frango frito.
483760;484720;"02";Porque é bom, né?
485360;485640;"02";É bom.
485740;486440;"02";Gosta de frango frito?
486780;487400;"02, 01";Ajuda, me escuta.
487420;488540;"02, 01";Não, eu discuto sim.
488640;489200;"01";Eu só tô pensando...
489200;490940;"01";Eu acho que eu tô ouvindo podcast.
491280;493280;"01";Eu não acho que eu tô pra conversar, entendeu?
493800;494600;"01";Eu fico assim...
494600;495700;"01";Tá, ele vai continuar.
496060;496460;"01";Beleza.
496980;498060;"01";Não, mas eu gosto de frango frito.
498140;498600;"01";Muito bom.
499080;500760;"02";Eu lembro uma vez na CCXP,
500860;502540;"02";quando a gente podia se aglomerar.
502980;503920;"02";Eu já contei a história um milhão de vezes,
503940;504460;"02";eu vou contar de novo.
504860;505580;"02";Vudu Reverso,
505580;506200;"02";procura ele lá no Twitter,
506280;507440;"02";Vudu Reverso, pergunta pra ele.
507840;508860;"02";Tinha mais gente nessa mesa,
508940;509540;"02";tinha fencas,
509660;510420;"02";tinha jujuba,
510880;511660;"02";tinha uma galera.
512840;513160;"02";E...
513160;514380;"02";E daí a gente conversando.
514480;515400;"02";Tava lá Tarek,
515440;516760;"02";a gente conversando, rindo.
517360;519300;"02";E o Vudu Reverso sentado na cena,
519400;520420;"02";a gente juntou duas mesas.
520680;522200;"02";Tava comendo frango frito, inclusive.
522760;525040;"02";Na CCXP tinha frango frito com fritas.
525380;526060;"02";A gente comprou vários,
526140;527660;"02";tava lá comendo, bebendo Fanta.
528040;529140;"02";E daí, do nada,
529320;532040;"02";o Vudu deu um tapa na própria cara.
532540;534180;"02";Aí a gente parou o que tava fazendo.
534580;535540;"02";E daí todo mundo olhou pra cara dele,
535580;536540;"02";e por que ele se estapiou?
536980;538280;"02";É porque a gente tava conversando,
538360;539920;"02";mas por causa do barulho da CCXP,
540380;543020;"02";ele não tava ouvindo a gente alto o suficiente.
543580;544540;"02";E daí ele pegou o celular
544540;545940;"02";e tava aumentando o volume,
546380;548860;"02";porque ele achou que estava ouvindo um podcast.
550980;553200;"02";E daí quando ele aumentou o volume do celular
553200;555560;"02";e se tocou que aquilo não eram as vozes
555560;556920;"02";no celular dele,
557060;558640;"02";era as pessoas que estavam em volta dele,
559000;560740;"02";ele deu um tapa na própria cara.
560740;561940;"02";Isso foi maravilhoso.
562160;562280;"01";É.
562520;564460;"01";Se eu levantar pra ir lavar uma louça,
564540;565260;"01";vocês já entenderam
565260;565880;"01";o que aconteceu.
566500;566960;"02, 01";É isso.
567160;568140;"02";O Charles tá rindo.
568400;569200;"02";Se não conhecia a história,
569340;570780;"02";isso é clássico, gente.
571120;572080;"02";Mas voltando aqui,
572120;572760;"02";isso vai ficar no episódio,
572860;574120;"02";inclusive um beijo do Reverso.
574260;574840;"02";Te amo, cara.
575200;575640;"02";Vamos lá.
576140;577140;"02";Ele tinha um podcast também,
577240;578320;"02";mas acabou, infelizmente,
578420;579220;"02";entrando em ato.
579540;581160;"02";Acho que por conta da pandemia, né?
582160;582560;"02";Acontece.
582980;583920;"02";Mas continuando aqui,
584260;585620;"02";vamos lá onde eu estava.
587160;587420;"02";Ah, tá.
587600;588500;"02";Do Frank Frito.
588600;588940;"02";Continuando.
588940;590960;"02";Não só por gostar muito do gênero,
591040;592860;"02";mas também pela maestria do episódio.
593020;593540;"02";Parabéns.
593960;595020;"02";Biscoitos lunares.
595020;595720;"02";Parabéns para todos.
596220;597540;"02";Eu não gosto de biscoito de queijo.
597920;599360;"02";Porque o biscoito lunar é de queijo, né?
599380;600620;"02";A lua é de queijo, não é isso?
600880;602100;"02";Desejo mais patrocínios
602100;602800;"02";e muito mais histórias
602800;603840;"02";desse universo maravilhoso.
603940;604160;"02";É isso.
604240;605620;"02";Força e luz para todos nós
605620;606640;"02";e até mais, querido.
606740;607680;"01";O próximo comentário
607680;608880;"01";é do Gabriel Ballardino,
609200;610540;"01";que estava jogando comigo.
610940;611320;"01";Vamos lá.
611520;612940;"02";Ah, nesse episódio, exato.
613320;613720;"02, 01";Sim.
614060;615180;"02, 01";Ele era o robô ou o outro?
615720;616600;"01";Ele era o robô.
616920;617320;"02";Ah, tá.
618440;621720;"01";Olá, Guaxa, Guaxate e ouvintins.
622100;622680;"01";Tudo bem?
623000;623600;"02, 01";Tudo bem, querido.
624220;624660;"01";Primeiro,
625020;625840;"01";queria agradecer
625840;626960;"01";por ter participado
626960;628420;"01";de mais um jogo com você.
628940;630380;"01";A Ju é maravilhosa.
630900;632320;"01";Ok, muito obrigada, Gabriel.
632920;634700;"01";E estar na companhia dela jogando
634700;635860;"01";é sempre ótimo.
636100;637080;"02";Você tá vendo como eu me sinto?
637080;638020;"02";É uma bosta.
638200;639800;"02";Tu elogias assim mesmo, não é?
640380;641380;"02, 01";É uma bosta.
641820;643120;"02, 01";Estou ruborizada.
643660;644140;"02";É, ok.
644500;644980;"02";Obrigado.
645060;645460;"02";Continua.
646040;647380;"01";O Hugo e suas referências
647380;648080;"01";estavam hilárias
648700;650220;"01";e foi muito divertido.
650600;651720;"01";Adorei ouvir de novo
651720;653960;"01";e perceber o quanto rimos jogando.
654460;655000;"01";E os orzinhos,
655020;656960;"01";o Zal consegue dar uma magia
656960;658960;"01";que faz a gente parecer atores.
659380;660400;"01";Concordo, ele é bom.
660820;661460;"01";Que incrível.
661780;662960;"01";Minha voz ficou muito legal.
663420;664560;"01";Vamos aos spoilers.
665340;666840;"01";Primeiro, um pedido.
667320;669620;"01";O Zig pode se tornar um cidadão
669620;671760;"01";e lutar pelos direitos de robôs?
672000;673660;"02";Quem decidiu é o personagem da Ju, inclusive.
674300;675300;"02";Ai, meu Deus, que tensão.
675800;677180;"02, 01";A manipulação genética das galinhas.
677180;678440;"02, 01";Ela não respondeu, Zig.
678700;679600;"02";Você se ferrou.
679960;680920;"02";Só queria deixar isso registrado.
681220;681840;"02";Continua, desculpa.
682160;683020;"01";Mas é que tem que...
683020;684600;"02, 01, 00";Tem que ter uma discussão.
684600;684860;"01, 00";Não, não.
684860;685280;"02, 01, 00";Tudo bem, a gente entende.
685280;686600;"02, 01";Para saber se ele vai ser liberado.
686980;688480;"01";É uma posse cara, né?
689100;690280;"01";Ele era...
690280;690880;"01";Não sei.
691460;693660;"01";A personagem estava reticente em liberá-lo.
693920;695500;"01";Faz sentido ela estar reticente agora.
695900;696400;"02";Não, é isso.
696440;697620;"02";A culpa é da personagem, Ju.
697680;698160;"02";Exatamente.
698880;700060;"01";Exatamente, claro.
700640;701340;"01";Próxima pergunta.
701860;703780;"01";A manipulação genética das galinhas
703780;706620;"01";fez elas se tornarem mais agressivas
706620;709860;"01";ou elas apenas não maturaram aqueles yuppies?
710280;711920;"02";Elas se tornaram mais agressivas.
711920;713980;"02";A ideia ali é...
713980;715300;"02";O mundo mudou, né?
715320;717600;"02";Os animais evoluíram.
717660;719840;"02";Eles estavam num mundo em que as pessoas
719840;721460;"02";estão cada vez mais agressivas,
721720;723360;"02";onde está tudo poluído,
723440;725180;"02";onde o planeta está sendo destruído.
725640;728040;"02";Eu imagino que o planeta se voltaria contra a gente.
728140;728880;"02";E como ele faria isso?
729360;730400;"02";Galinhas agressivas.
730900;731580;"01";Vamos continuar.
732220;734020;"01";Existem facções em Marte
734020;736340;"01";que se opõem às grandes corporações?
736840;738400;"01";Ou o Big Brother já venceu?
738700;740480;"02, 01";Assim, devem existir pequenos grupos
740480;741720;"02";fadados ao fracasso
741720;743200;"02";que lutem contra o sistema.
743200;743820;"02";Assim como...
743820;744820;"02";No mundo de hoje, né?
745380;747080;"02";Mas nada muito grande.
747180;748960;"02";No geral, o mal venceu.
749300;750320;"02";Assim como no mundo de hoje.
750800;752220;"01";Já liga com a próxima pergunta.
752720;755140;"01";Esse universo demonstra seu otimismo
755140;756100;"01";com o nosso futuro?
756560;756860;"02";Sim.
760060;760580;"01";Help.
761280;761800;"01";Ok.
762360;763500;"01";Não tenho teorias,
763720;765660;"01";porque estou preso demais no Zig ainda.
766120;768080;"01";Mas estou ansioso por teorias
768080;769520;"01";e o que as pessoas acharam.
770000;771220;"01";Obrigado a todo mundo,
771220;772800;"01";e especialmente a Fanta,
772800;774420;"01";que será uma parceira
774420;775840;"01";para aumentar o Guaxaverso.
776060;776920;"02";Muito obrigado, Fanta.
776980;777640;"02";Muito obrigado mesmo.
777720;779060;"02";Muito obrigado, Gabriel Ballardino.
779520;781440;"02";Vocês três enriqueceram muito o episódio.
781940;782560;"02";E é isso, tá bom.
782780;784140;"02";O próximo comentário é do César.
784560;785260;"02";Ele coloca...
785260;786360;"02";Boa noite, grande M.
786960;787880;"02";Deve ser eu, né?
788440;788920;"02, 00";Tudo bem.
789540;790160;"02";Tudo bem.
790380;791780;"02";Assim, eu acho.
792260;793220;"02";Episódio maravilhoso
793220;794160;"02";e que me surpreendeu.
794700;795800;"02";Eu esperando ansioso
795800;797300;"02";algo tipo Ridley Scott
797300;799880;"02";e recebo um Xuraxi Park no espaço.
800420;801360;"02";E só para constar,
801360;802360;"02";o nome desse animal geneticamente
802800;803920;"02";alterado para ser maior
803920;805680;"02";que seu estado natural
805680;806020;"02";é
806020;807120;"02";Chester.
809040;810060;"02";É verdade.
810440;810940;"02";É verdade.
811080;812340;"02";RS, RS, RS.
812620;813380;"02";Não tem teorias.
813480;815280;"02";Que bom, porque eu quero gravar rápido.
815660;816920;"02";Esse episódio foi puramente diversão.
818180;819300;"02";Muita saúde e paz
819300;821240;"02";para você e sua família, Guaxa.
821560;822020;"02";Obrigado.
822340;824020;"02";PS, acompanho a RPG Guaxa há algum tempo
824020;826640;"02";e depois de maratonar três vezes
826640;827900;"02";todos os programas,
828360;830420;"02";venho com propriedade dizer
830420;831420;"02";que o Guaxaverso
831420;833420;"02";não existe.
833420;835420;"02";Piscadinha, piscadinha.
837420;838420;"02";O Guaxaverso existe, Ju?
838420;841420;"02, 01";O Guaxaverso existe.
841420;842420;"02";Não existe.
842420;843420;"02, 01";Tem que ter que negar.
843420;844420;"02";Tu já faz parte dele.
844420;846420;"02";Quer dizer, tu faria parte dele
846420;847420;"02";se ele existisse.
847420;850420;"02, 01";É que eu não fui notificada ainda.
850420;851420;"01";O oficial de justiça
851420;852420;"01";não bateu aqui na porta,
852420;854420;"01";então eu ainda posso continuar dizendo
854420;855420;"02, 01";que tá tudo certo.
855420;856420;"02, 01";Mas é que o oficial de justiça,
856420;857420;"02";ele trabalha no correio
857420;859420;"02, 01, 00";que entrega as cartinhas de gravação.
859420;860420;"02, 01, 00";Uhum, ok.
860420;860920;"02, 01, 00";O Guaxaverso não existe.
860920;861920;"02";O Guaxaverso existe.
861920;863920;"02, 00";O próximo comentário.
863920;864920;"02, 00";A Bela tá negando aqui, ó.
864920;865920;"00";Que absurdo.
865920;866920;"00";Vamos lá.
866920;867920;"02, 00";A Bela vai gravar mais ano que vem
867920;868920;"02";do que você.
868920;869920;"02";Vamos lá.
869920;870920;"unknown";Tá.
870920;871920;"01";Vamos lá.
873920;874920;"01";É, o próximo comentário
874920;876920;"01";é do Henrique Dairiki.
876920;877920;"01";Olá, tudo bom?
877920;879920;"01";Apareci só pra dizer
879920;881920;"01";que o episódio está incrível
881920;883920;"01";e dar biscoitos espaciais
883920;885920;"01";para você e para os jogadores
885920;887920;"01";que estavam incríveis.
887920;889920;"01";Me diverti bastante ouvindo.
889920;891540;"01";vindo. Muitas risadas.
892340;894080;"01";Principalmente quando é revelado
894080;895600;"01";o alienígena na nave.
895960;897540;"01";Agora, perguntinhas.
898120;899340;"01";A bebida era fanta?
899660;901920;"02, 01";Que bebida? A bebida que foi
901920;903200;"02, 01";servida. Ah, tá.
903720;904340;"02, 01";Era alcoólica.
905180;907780;"02, 01";A Melanie. Não era fanta,
907840;909980;"02, 01";infelizmente. O que iria acontecer
909980;911920;"01";se eles encontrassem o koala?
912400;913660;"01";Provavelmente morto
913660;915300;"01";e mostrassem para a dona dele?
915940;918120;"02";Então, se ela se importasse
918120;919880;"02";ela ficaria triste. Mas, no geral,
920000;921420;"02";ela ia tentar arrumar outro bicho.
921760;923680;"02";O koala estava morto, inclusive. Mesmo.
924160;925280;"02";O fedor era dele.
925720;927680;"02";Porque aquele não era habitat dele, né?
927800;929360;"02";Aquilo não era habitat de ninguém.
930020;931740;"02, 01";Triste. As galinhas foram
931740;933320;"01";modificadas geneticamente?
933840;935660;"01";Aliás, as galinhas foram
935660;937320;"01";modificadas geneticamente?
937320;939200;"01";Isso reativou algum gênio
939200;941140;"01";adormecido, tipo de dinossauro?
941500;942860;"01";Ou elas só enlouqueceram?
943100;944900;"01";Acho que uns dois. Justo.
945160;947460;"01";Quatro. Quão vergonhoso é morrer
947460;948080;"01";por galinha?
948380;949580;"01";KKKKKL.
950340;953140;"02";Isso é uma novidade. Normalmente vem o KKKJ.
953440;954500;"02";Isso já é uma evolução.
955340;956920;"02";Você já correu de um marreco?
957200;958200;"02";Você já correu de um marreco, Jô?
958800;961140;"01";Não. Eu já fui atacada por quero-quero.
961580;961700;"unknown";Só.
962280;965020;"02";É porque o marreco é o demônio, tá?
965020;967980;"02";Ele é uma ave com dentes.
968120;969920;"02";E eu não desejo
969920;971420;"02";a ninguém lutar com o marreco.
971700;973820;"01";Você já lutou com o marreco, Guaxa?
973920;975380;"02";Perdi. Mais de uma vez.
975780;976460;"01";Que incrível.
976460;978440;"02, 01";Mas eu não quero falar sobre isso.
978940;980300;"02";Bom, era isso. Obrigado.
980380;981640;"02";Era eu que tava lendo ou tu que tava lendo?
981780;983260;"02, 01";Era eu. Mas tá bom.
983840;986560;"01";Bom, era isso. E obrigado por ser essa pessoa
986560;988480;"01";incrível. Abraço para todos.
988740;990300;"02, 01";Obrigado, querida. Um abraço. E o próximo comentário
990300;991680;"02";é do Alan Felipe. Ele coloca
991680;994440;"02";Boa noite, mestre Guaxa e seu incrível
994440;996120;"02";Guaxate. Que episódio?
996300;998300;"02";Eu assisti só o início de quando ele foi
998300;999940;"02";mestrado na Twitch.
1000440;1002580;"02";Fiquei sem internet no meio.
1003100;1004480;"02";Mas finalmente pude conferir
1004480;1006440;"02";o final da aventura. Fiquei esperando algum momento.
1006440;1007880;"02";Uma coisa relacionada ao minério
1007880;1010560;"02";deviante do episódio Sangue no Espaço.
1010920;1011800;"02";O segundo que eu ouvi
1011800;1014360;"02";e um dos meus queridinhos. Eu gosto daquele episódio
1014360;1016520;"02";também. Inclusive vai ter uma aventura
1016520;1018000;"02";com as consequências de Sangue no Espaço?
1018460;1020940;"02";Diz que sim, gatinho do xerec.gif
1020940;1022260;"02";Eu tenho muitos episódios
1022260;1024200;"02";que eu quero continuar, que eu preciso reouvir.
1024700;1026480;"02";Mas eu não tô conseguindo nem ouvir os episódios
1026480;1028320;"02";que eu quero ouvir por diversão.
1028720;1030140;"02";Quanto mais aqueles que eu tenho que ouvir
1030140;1032200;"02";por obrigação. No sentido de
1032200;1034540;"02";ouvir e anotar detalhes
1034540;1036420;"02";e anotar num quadro, etc.
1036440;1038060;"02";Um dia, um dia
1038060;1039860;"02";quando a Amazon
1039860;1042000;"02";comprar o RPG Watch, a gente
1042000;1044180;"02";dá um jeito nisso. Mas
1044180;1046700;"02";é uma das minhas promessas não cumpridas.
1047060;1047840;"02";Então eu pretendo
1047840;1050580;"02";não cumprir. Ou cumprir, a gente não sabe.
1050940;1052320;"02";Continuando. No mais, vou deixar
1052320;1054080;"02";aqui meus biscoitos e sua
1054080;1056600;"02";fanta maçã verde. Caramba, que saudade de fanta maçã
1056600;1057860;"02";verde. Porra.
1058240;1059720;"02";Tu lembra da fanta maçã verde?
1060300;1061680;"01";Eu acho que eu nunca provei.
1061940;1064520;"02";Teve fanta maçã verde, fanta citrus
1064520;1066100;"02";que eu não gostava.
1066440;1067980;"02";Fanta citrus. Mas tinha muito que eu não gostava.
1069000;1070160;"02";E tinha maracujá.
1070260;1072020;"02";Maracujá era boa também. Quer dizer,
1072540;1073660;"02";era a característica de maracujá.
1074180;1076540;"02";E porra, daí elas foram descontinuadas.
1076800;1078160;"02";Provavelmente só eu tomava
1078160;1079180;"02";de maçã verde.
1079720;1080280;"02, 00";Nunca vi.
1081860;1084380;"02, 00";Quando eu fui a São Paulo
1084380;1086140;"02";a última vez, para a Cisa XP,
1086720;1088380;"02";a gente foi com o pessoal do
1088380;1090280;"02";Deviante na Liberdade,
1090380;1092120;"02";no bairro da Liberdade. Lá eu tomei uma
1092120;1094340;"02";fanta de cereja, tomei
1094340;1096100;"02";fanta de maçã. E não era maçã verde,
1096100;1097360;"02";era maçã, se eu não me engano.
1097860;1100040;"02";E mais algumas loucuras lá que a gente comprou. Era bom.
1100260;1102080;"02";Mas continuando aqui, um grande
1102080;1104180;"02";abraço. PS. Voltei aqui
1104180;1106400;"02";porque acabou de cair minha ficha sobre o nome do episódio.
1106920;1108440;"02";Well played, Mr. Raccoon.
1108520;1109720;"02";Well played. Que é o
1109720;1111080;"02";Chocados no Espaço.
1112380;1114360;"02";Eu queria, era algo
1114360;1116000;"02";tipo assim, no espaço não pode ouvir
1116000;1118000;"02";seu cacarejar. Mas aí ia ficar muito
1118000;1120100;"02";na cara. Então, Chocados no Espaço
1120100;1121320;"02";foi uma ideia que me veio assim.
1121840;1123740;"02";E eu achei, nossa, ela é tão ruim que é boa.
1124060;1124820;"02";Ela é boa.
1125220;1125940;"02";Tá bom.
1126100;1129060;"02, 01";O próximo comentário é do
1129060;1131160;"01";Bruno Cordeiro. Olá, Guaxa.
1131360;1133240;"02, 01";É interessante, só que
1133240;1134560;"02";o Olá, Guaxa, ele é um spoiler.
1135000;1137400;"02";Se eu tirar o mouse, ninguém consegue ler o Olá pra mim.
1137780;1139020;"01";Ok, é peculiar.
1139680;1140520;"01";Olá, Guaxa.
1140920;1143060;"01";Que voz incrível aquele. Pena que
1143060;1144740;"01";os players solaram ele.
1144740;1146400;"01";Se ele tivesse um nome,
1146680;1148080;"02, 01";qual seria? Capitão.
1148680;1150380;"01";No final, imaginei essas
1150380;1152980;"01";aves sendo mais modificadas
1152980;1154620;"01";ainda por aquela pessoa
1154620;1155580;"01";que comprou o ovo.
1155580;1157380;"01";E talvez, adquirindo
1157380;1159820;"01";algum nível de consciência de alguma forma.
1160360;1161540;"01";Seriam NPCs
1161540;1163400;"02, 01";bizarros. Já pensou um planeta
1163400;1165300;"02";colonizado por galinhas conscientes?
1165680;1167360;"02, 01";Gostaria. E daí uma guerra
1167360;1168780;"02";por frango? Tá bom.
1169320;1171780;"01";Ok. Mais episódios espaciais,
1171880;1173560;"01";por favor. RS, RS,
1173680;1175600;"01";RS, RS. Não sei se isso
1175600;1177280;"01";é trapacear muito no Guaxaverso,
1177700;1179420;"01";mas tem alguma coisa que você
1179420;1181660;"01";preparou que os jogadores não exploraram?
1182140;1183740;"01";Se sim, conta pra gente.
1183740;1184300;"02, 01";Não.
1185580;1186620;"02";Eu preparei pouca coisa.
1186760;1189080;"02";Eu preparei a introdução, sabia que tinha galinha,
1189180;1191260;"02";sabia que tinha um galo. E o resto a gente foi
1191260;1193440;"02";vendo o que acontecia de acordo
1193440;1194380;"02";com as ações dos jogadores.
1194860;1196600;"02";O Todé existindo, não desista.
1197100;1198640;"02";Todo mundo cantando comigo.
1199100;1201880;"02";Z, 75...
1201880;1203340;"02";Pera, não é o episódio de Natal.
1203460;1205540;"02";Não. O episódio de Blast Natal
1205540;1207360;"02";foi o outro. E a gente tem o episódio
1207360;1209140;"02";de Natal semana que vem.
1209500;1211280;"02";Se tudo der certo. Na verdade, está tudo dando certo.
1211700;1213260;"02";O pessoal está gravando os NPCs,
1213260;1214280;"02";se gravar vai dar tudo certo.
1214700;1215340;"02";Um pato.
1215580;1217460;"02";Eu não sei se pegou o microfone,
1217580;1218920;"02";eu acho que não, mas
1218920;1221460;"02";atrás da minha casa tem uma lagoa cheia de patinhos.
1221960;1223420;"02";E um deles começou a gritar.
1223940;1224360;"02";Eu juro.
1225420;1226920;"01";Não deu de ouvir.
1227060;1227520;"02, 01";Uma pena.
1228240;1230180;"02, 01";É o Marreco vindo te buscar.
1230560;1231980;"02";Porra, porque eu falei dele, né?
1232400;1234580;"02";O Marreco voa, gente. Eu estou no segundo andar aqui.
1235040;1236040;"02";Estou com medo.
1236460;1238720;"02";A propósito, o link do Zelda compactua
1238720;1241080;"02";das interações galofóbicas
1241080;1243120;"02";desse RPG Guaxa. Até a próxima
1243120;1244020;"02";e dá alifanta.
1244700;1245260;"02";Sim.
1245580;1246740;"02";No Zelda tem...
1246740;1248440;"02";Você jogou Zelda, Ju?
1249060;1252120;"01";Não, mas temos um grande apreciador de Zelda
1252120;1253980;"01";e, enfim, aqui em casa.
1254240;1255840;"02";Tá. Você não vê anime,
1255960;1256960;"02";você não viu Zelda. Ok.
1257400;1259440;"02, 01";No Zelda, se o Link bater na galinha,
1259540;1260580;"02";as galinhas atacam ele.
1260980;1263240;"02, 01";No Skyrim também as galinhas atacam ele.
1263520;1265420;"02";O que é o certo. Eu acho que todos os animais
1265420;1267420;"02";tinham que ter um sindicato para agredir o ser humano
1267420;1268140;"02";que agredia eles.
1268500;1269620;"01";A revolução dos bichos.
1269620;1271080;"02, 01";É a revolução dos bichos.
1271500;1273060;"02";Lê o próximo comentário da tua amiguinha.
1273660;1275540;"01";Êêê! Comentário da Fabiola.
1275580;1277700;"01";Boa noite, Guaxa,
1277820;1279620;"01";Guaxate, Guaxa Ouvintes
1279620;1281060;"01";e eventual convidada.
1281640;1282880;"01";Leia-se Ju famosinha.
1283160;1284620;"01";RS, RS, RS.
1285240;1286820;"01";Fabi, você me paga.
1287400;1288220;"unknown";Vamos lá.
1289600;1290860;"01";Tudo bem por aí?
1291440;1293320;"01";Parabéns para todos os envolvidos.
1293880;1295060;"01";Muito legal o episódio.
1295480;1297420;"01";Principalmente o Zig salvando a Mel
1297420;1299800;"01";e prejudicando o Alex
1299800;1300580;"01";de propósito.
1301980;1303720;"01";Também queria parabenizar
1303720;1305260;"01";a sagacidade da Ju.
1305580;1307540;"01";Ah, porque além de matar
1307540;1309680;"01";as galinhas de um jeito muito inteligente,
1310160;1311580;"01";ela também sacou a jogada
1311580;1313780;"01";do mestre de querer fazer os jogadores
1313780;1315320;"01";levarem uma galinha escondida.
1315800;1317760;"01";Obrigada, Fanta, por esse episódio lindo.
1318320;1319820;"01";Longa vida ao RP Guaxa.
1320180;1320740;"02";Obrigado.
1321140;1322560;"02";Você tem algum comentário sobre a Fabi?
1323120;1325640;"01";A Fabi é maravilhosa e a melhor cantora
1325640;1327020;"01";da Faberna e
1327020;1329440;"01";melhor cobradora do Serasa possível.
1329780;1331660;"02";Tá, eu vou pagar todas as minhas contas, gente.
1331660;1333780;"02";Eu juro. Eu fiz já o Pix, inclusive.
1333940;1335560;"02";Vamos lá, tá tudo. Vamos lá, cidade de Guaxa.
1335580;1337840;"02";Com o ritmo e temática
1337840;1340040;"02";desse episódio, poderia ser facilmente uma sidequest
1340040;1341940;"02";do clássico game de RPG
1341940;1343120;"02";Shadowrun.
1343560;1345560;"02";Eu conheço
1345560;1347880;"02";que era uma estrava medieval
1347880;1348460;"02";com
1348460;1351040;"02";cyberpunk
1351040;1353500;"02";e tinha, por exemplo, dragões
1353500;1355820;"02";que acumulam riquezas. São os
1355820;1357340;"02";donos das grandes empresas, porque
1357340;1359660;"02";basicamente o Jeff Bezos é um
1359660;1361800;"02";dragão sem superpoderes, né?
1362200;1363740;"02";Ele acumula aquele monte de moedas
1363740;1365140;"02";e ele tá sentado em cima disso.
1365580;1367980;"02";É, gostei muito dessa sopa de referências
1367980;1369380;"02";que o querido mestre preparou
1369380;1372160;"02";e um certo ingrediente me pareceu muito apetitoso.
1372440;1374020;"02";Verdade. Fiquei imaginando a nave
1374020;1375700;"02";com aquele cheiro repugnante
1375700;1377340;"02";de granja.
1377820;1379040;"02";Ju, você já foi numa granja?
1379700;1380540;"02";Você já viu um galinheiro?
1381200;1384100;"02, 00";Eu moro em Santa Catarina. Eu já fui numa granja.
1384480;1386200;"02";É verdade, é verdade, é verdade.
1386540;1387880;"02";Na escola, levam as crianças
1387880;1389860;"02";pra ir na granja. Gente, olha só que bonito pintinho.
1390220;1391900;"02";Ele vira galinha aqui e ali a gente mata ela
1391900;1394020;"02";e vocês comem. Uma vez
1394020;1396300;"02";uma professora trouxe pra gente um vídeo
1396300;1398240;"02";que era ensinando como é que se fazia
1398240;1400440;"02";o nugget. Aí acabou o vídeo
1400440;1402080;"02";e ela olhou pra gente com aquela cara de
1402080;1403260;"02";malvado e disse
1403260;1406040;"02";e agora vocês querem comer nugget? E nós gritamos
1406040;1408400;"02";sim! E ela falhou
1408400;1409500;"02";no que ela queria ensinar.
1412700;1414320;"02";Continuando. Que com certeza
1414320;1415600;"02";o Guaxa conhece. Conheço.
1415980;1418480;"02";Forneceu um tempero olfativo para a aventura.
1418920;1419880;"02";Parabéns e obrigado,
1420100;1422140;"02";Marcelo Guaxinim. De nada, querida.
1422140;1423440;"02";Mas pior que
1423440;1426180;"02";galinha é porco. Cocô de porco é
1426180;1428220;"02";puta, puta, é
1428220;1429340;"02";é terrível.
1429940;1431860;"02";Porcos no espaço? Pode ser, né?
1431960;1434180;"02";Quer dizer, teremos porcos no RPG Guaxa
1434180;1436140;"02";em breve, gente. Mas não é
1436140;1437680;"02, 01";hoje. Dê o próximo comentário.
1438220;1440180;"01";O próximo comentário é do Luciano
1440180;1441800;"01";Faria Abel. Cara,
1442200;1444040;"01";que oportunidade perdida de fazer
1444040;1445920;"01";um GFC. Um giant
1445920;1447860;"01";fray, fray, é fray ou fray?
1447920;1450080;"01";É não, é fray. Um giant
1450080;1451840;"01";fray chicken, no caso.
1451840;1453500;"01";Só queria ter certeza.
1453960;1456340;"01";Essa realidade, na remotíssima
1456340;1458040;"01";possibilidade do Guaxaverso
1458040;1459880;"01";existir, é a mesma dos
1459880;1461600;"01";outros episódios espaciais?
1461880;1463780;"02, 01";Provavelmente sim. Muito, muito
1463780;1466140;"02, 01";provavelmente sim. É porque os outros episódios são mais distantes, né?
1467620;1470060;"02";Olha o comentário que eu tenho que ler agora.
1471680;1473700;"02";Você que lute. A pessoa veio
1473700;1475820;"02";há quatro anos atrás atrapalhar minha live.
1475960;1477500;"02";Vamos lá. Juliana
1477500;1479820;"02, 00";Leiva. O que é Leiva? É, assim,
1479820;1481320;"00";se eu explicar,
1481840;1483640;"00";eu vou entregar a origem disso aí.
1483740;1486000;"00";Eu não sei se é legal, mas, assim, é...
1486000;1487580;"00";É um nome que eu achei interessante
1487580;1489600;"00";e surgiu por causa de um mal entendido.
1490060;1491300;"00";E daí eu adotei.
1491840;1494000;"02";Fofoca mal contada, mata. Olha, vamos lá.
1494720;1495700;"02";É... Então, Ju,
1495940;1497460;"02";né, comentando. Olá,
1498000;1499840;"02";Guaxa, Guaxa ouvintes e Guaxate.
1500220;1502020;"02";Você podia ter deixado um comentário pra si mesmo
1502020;1503840;"02";do futuro. Obrigado por esse episódio,
1503980;1505740;"02";Guaxa. Foi um prazer dar um pulo no
1505740;1507200;"02";universo cyberpunk guaxinim.
1507640;1509860;"02";Ou seria galináceo? Um pouco dos dois.
1510200;1511760;"02";Foi muito divertido. Obrigado, querida.
1512220;1513600;"02";Baladino e Hugo, dois queridos,
1513740;1515780;"02";fizeram personagens com características diferentes
1515780;1517980;"02";e que interagiram bem. Curti.
1518400;1519820;"02";Dois pontos. É...
1519820;1521880;"02";Parente fecha. Acho que ninguém perguntou ainda,
1521960;1524000;"02";então questiono. O que vai acontecer
1524000;1526060;"02";com aquele ovo? Vamos saber em alguma aventura
1526060;1527860;"02";futura? Eu espero que sim. Ou então eu vou esquecer.
1527940;1529780;"02";Junto com outras coisas. Podemos conectar
1529780;1531880;"02";essa aventura com alguma realidade paralela, supondo que elas
1531880;1533680;"02";existam? É...
1533680;1535980;"02";Esse é o futuro da maioria das realidades de mundo
1535980;1536380;"02";real.
1538300;1539520;"02";Porque ela vem do futuro.
1540420;1541820;"02";E... Provavelmente com todos,
1541840;1543400;"02";do espaço. Não sei se do
1543400;1545860;"02";mineral deviante, mas com certeza aqueles
1545860;1547840;"02";que tem os alienígenas. Tem os alienígenas?
1548040;1550200;"02";É a Ju também. Tu tá naquele do alienígena, né?
1550600;1551840;"02";Ou não? Do alienígena?
1552740;1553700;"02";Ah, não. Eu tô...
1553700;1555480;"02";Eu tô errado. Desculpe.
1556180;1557780;"02";Não. Eu sou péssimo
1557780;1559380;"02";com nomes e coisas, gente. Mas foi.
1559820;1561840;"02";Quem quiser saber um pouco sobre a Ju e as
1561840;1563840;"02";preferências delas, tá no Guaxa Verso
1563840;1565620;"02";anterior. Porque a gente tá gravando tudo
1565620;1567620;"02";na sequência. Um beijo no coração de vocês.
1568180;1569620;"02";Beijos. O Epeguaxa tem
1569620;1571800;"02";canecas, tem lojas parceiras, tá tudo aqui
1571800;1573700;"02";na descrição. Quero agradecer aos
1573700;1574560;"02";novos padrinhos.
1595680;1597500;"02";A William Canachiro.
1597660;1598840;"02";O Alexandre Dotto.
1599280;1601780;"02";O Will Mamelo. Diego Carvalho Barreto.
1601800;1603720;"02";O Felipe Souza Silva.
1604080;1605760;"02";O Luciano Abel. E o Rafael
1605760;1607900;"02";dos Anjos Torenson.
1608120;1609920;"02";Muitos desses nomes são pessoas que já
1609920;1611640;"02";assinavam o Epeguaxa.
1611840;1613760;"02";E que assinaram novamente. Porque volta
1613760;1615780;"02";e meio o PicPay ou o Padrim acaba tendo
1615780;1618040;"02";algum problema. Ou um problema no cartão.
1618240;1619740;"02";E acaba cancelando o apoio.
1620040;1622020;"02";Confira você também se tá tudo certinho
1622020;1623980;"02";com a tua inscrição. Agradeço
1623980;1625920;"02";a todos vocês. Sejam apoiadores
1625920;1628260;"02";antigos que retornaram
1628260;1629800;"02";o seu apoio. Sejam apoios
1629800;1631680;"02";novos. Saibam que esse projeto
1631680;1633460;"02";incrível só existe por causa de vocês.
1633640;1635600;"02";E que coisas como o Guaxa Verso só existem
1635600;1637620;"02";bem. Na verdade
1637620;1639380;"02";o Guaxa Verso nem existe.
1648480;1649760;"02, 03";Tão gravando aqui.
1649780;1651260;"02, 03";Sim, eu acho que tô gravando aqui sim.
1651700;1652400;"02, 03";E tá.
1653000;1655700;"02";A gente tá gravando no geral
1655700;1657780;"02";de qualquer forma. Então vamos lá.
1658260;1659660;"02";É, eu só tô desconfiado porque não tá
1659660;1661560;"02, 03";aparecendo as faixas aqui pra mim que deveria...
1661680;1663400;"02";tá gravando. Tá gravando onde?
1663820;1665840;"02";No Audacity. Tá. É pra tá gravando
1665840;1667760;"02, 05";uma faixa. Ela não tá aparecendo? Não.
1668140;1669200;"05";É, aparece gravando no Audacity.
1669440;1671100;"02";A bolinha vermelha lá em cima tá apertada?
1671400;1673440;"02, 03";Tava apertada sim. Mas eu tô só
1673440;1675060;"03";desabilitando aqui. Tu achou a faixa?
1675060;1677620;"03";Acho que é uma chance de ser
1677620;1679640;"03";uma configuração no meu
1679640;1681300;"03, 01";computador aqui. Deixa eu ver agora.
1682060;1683220;"03";Não, não tava gravando.
1683600;1685120;"03, 01";Perdão. Então todo mundo
1685120;1687760;"02, 03, 01";cancela. Cancela, apaga.
1688360;1689760;"02, 03, 01";Vamos fazer de novo.
1689760;1691660;"04, 02";Não, eu tive que desfazer a configuração.
1692060;1693720;"04";Eu tive uma configuração de acessibilidade
1693720;1695660;"04";aqui porque eu tava sem enxergar e
1695660;1697880;"04";ela travava a gravação de áudio.
1697920;1698860;"04, 02";Ah, beleza. Tá.
1699400;1701380;"02";Sem enxergar decidiu não ouvir também.
1701520;1703820;"04, 02";Faz sentido. Vamos lá. Porque o computador
1703820;1705900;"04";ele só considerava o voz pro comando
1705900;1707440;"04, 02";de voz e não pra gravação.
1707720;1709460;"04, 02";Tá, vamos lá. No 3 então, pode ser?
1709780;1711460;"04, 02";Vamos lá. Ok. Um,
1712240;1713820;"02";dois, três.
1714360;1715780;"02, 01";Gravando. Gravando.
1715900;1717220;"02, 01";Gravando. Gravando.
1717540;1719260;"02, 01";Agora foi. Peraí.
1719540;1721640;"01";Não. Ai, gente. Agora eu tive que
1721640;1723040;"01";abrir de novo. Agora deu errado.
1723600;1724460;"01";Que ódio!
1725640;1727820;"02, 01";Gostou aí? Não, é porque
1727820;1729700;"01";tava pegando o microfone errado. A hora
1729700;1731720;"02, 01";que eu, que eu, tipo, eu abri
1731720;1733420;"02, 01";o novo arquivo, sabe? Desculpa.
1733420;1735540;"02, 01";Tá, vamos de novo. Tá todo mundo de novo, é isso?
1736080;1737880;"01";Tá tudo certo agora. Eu tô vendo
1737880;1738960;"01";aqui. Tá tudo certo.
1739080;1742080;"02, 01";Tá, vamos apagar a faixa.
1742660;1743860;"02";Apaga o que gravou ali.
1744100;1745720;"02";A gente zerou. Eu vou contar até 3 de novo
1745720;1747740;"02, 01";e agora vai. Tá, desculpa,
1747900;1749880;"04, 02";gente. Tá, peraí.
1749980;1751620;"04";Eu tô reiniciando aqui.
1751640;1753640;"04";A faixa. Vai, tá tudo certinho
1753640;1755980;"04, 02";aqui agora. É igual natação, tá?
1756380;1757780;"02";Você sabe como é que é a regra de natação?
1758240;1759680;"04, 02";Eu não sei. Eu aprendi
1759680;1761700;"04";a nadar no mar. Eu nem sei
1761700;1763640;"04, 02";nadar. Começou a...
1764520;1765520;"02";O cara
1765520;1767060;"02";deu o sinal pra começar a corrida.
1767380;1768720;"02";Se tu pulou antes,
1769120;1770840;"02";é avisado pra parar.
1771380;1773500;"02";Todo mundo volta e tu recebe
1773500;1774860;"02";um aviso. Ah, sim.
1775160;1777900;"02";Se tu pular a segunda de novo
1777900;1779540;"02";fora do... Antes
1779540;1781020;"02";do aviso sonoro,
1781640;1783420;"02, 03";aí tu tá desclassificado. Sim, então
1783420;1785300;"03, 05";por incursar o Hugo, agora tu pode errar, entende?
1785500;1786480;"04, 02, 05";E eu também, né?
1788480;1789260;"05";Uma pergunta.
1789380;1791240;"05";Esse Lex, ele grava em segundo plano também?
1791640;1793420;"03";Eu não faço ideia. Eu só peguei ele
1793420;1795280;"03";com o Felipe, porque
1795280;1797820;"02, 03, 05";como emergência, mas eu não sei como ele funciona não.
1797840;1799420;"02, 05";Eu tô querendo abrir o Discord
1799420;1801600;"02, 05";e ele parar de gravar. Aí, qualquer coisa, tem o Craig
1801600;1803040;"02, 05";aqui, tá? Vamos lá. Ok.
1803300;1804640;"02, 05";Vou contar até 3, hein?
1805100;1807420;"02";1, tá. 1,
1807420;1809480;"02";2, 3.
1810120;1810520;"02";Gravando.
1810920;1811280;"02, 01";Gravando.
1811640;1812160;"02, 01";Gravando.
1812480;1815820;"02, 01";Oi, todo mundo. Sim, certo.
1815960;1817580;"03, 01";Microfone certo. Todo mundo certo.
1817820;1818240;"03, 01";Vamos lá.
1819420;1821480;"02, 03";Tudo certo o quê?
1821660;1822780;"02, 03";Tudo certo gravando.
1823260;1824660;"02";Vamos lá, editor. Segura na minha mão.
1825120;1827800;"02";Hugo. Não, não é Hugo, é o
1827800;1828180;"02, 05";Balardino.
1830140;1831040;"02, 05";Então, vamos lá.
1831540;1832900;"02";Balardino, fala sobre
1832900;1834600;"02";Gabriel, né? Gabriel Balardino.
1835080;1837360;"05";Só um segundinho aqui. Eu mandei
1837360;1838640;"05";pro Discord pra hora de gravar o negócio.
1838640;1840720;"02, 05";Ah, tá. Então ignora. Vamos pegar só do
1840720;1841260;"02";Craig daí.
1841640;1842400;"05";Desculpa aí, tá?
1842640;1843600;"05";Tô, tô, tô, gosto.
1843920;1846000;"02, 05";Ele tem que pedir desculpa.
1846220;1847780;"05";Perdão, editor, desculpa aí.
1848000;1850340;"02, 05";Ou pros teus companheiros, caso essa aventura não seja
1850340;1851640;"02";publicada, a culpa pode ser tua.
1852980;1853380;"02, 05";Prosseguindo.
1854240;1856660;"02, 05";De uma treta aqui em casa hoje. Não, tranquilo, tranquilo.
1856720;1858520;"02";Entendo. Tá desculpado, jovem.
1858780;1859520;"02";Tá bom demais, só.
1859920;1860980;"05";É, senhorita...
1860980;1863440;"05";Melinda.
1863600;1864000;"05";Melinda?
1864000;1864700;"05";Melinda?
1865120;1865840;"02, 05";Melinda.
1866160;1869940;"01";Estamos confiando na sua habilidade.
1870400;1871620;"02";Só um segundinho, gente.
1871640;1872720;"02, 05";Até o Messi ficou chocado.
1873120;1874200;"02";Alô, como é que tá meu áudio?
1874640;1875360;"02";Alô, tá bom.
1875840;1877800;"02";Tá na mesma altura que tava antes?
1878180;1879620;"02, 01";Parece mais baixo, não sei.
1880080;1881820;"02, 01";Mais baixo? Talvez deixa eu aumentar um pouquinho.
1882260;1882860;"02, 01, 05";Pra mim não mudou.
1883360;1884920;"02, 01";É, às vezes é a minha percepção.
1885440;1889140;"02";Aconteceu um probleminha aqui familiar, mas já tá se resolvendo.
1889180;1890920;"02, 05";Ah, ok. Sei como é.
1892120;1893880;"02, 05";A Beto, seu da Câmara, tá resolvendo.
1895120;1896040;"02";Sei como é.
1896460;1897260;"02";Voltando então.
1898260;1898740;"02";Ela...
1898740;1900440;"02";Um dos olhos, assim, olha
1900440;1901580;"02";pra vocês.
1901640;1902640;"02";E ela faz...
1904400;1904900;"02";Alô?
1905340;1905840;"02, 01";Tô ouvindo.
1905840;1906340;"02, 01";Oi?
1906340;1907140;"02";Ah, tá.
1907140;1909340;"02";Eu tava pesquisando e existe um livro infantil chamado
1909340;1910740;"02";Galinhas não enxergam no escuro.
1914240;1914740;"01";Ok.
1914740;1916140;"01";Educacional.
1917140;1920140;"02";É a história de uma galinha que tenta provar que isso é uma mentira.
1920140;1922640;"02";Mas, na verdade, é uma verdade.
1922640;1924640;"02";Editora, um momentinho. Vamos lá.
1924640;1926640;"02";Galinhas são animais de visão, diz a ciência.
1926640;1928640;"02";Perto delas somos uns daltônicos.
1928640;1931600;"02";Sentimos e descobrimos que as retinas têm cinco cones sensíveis à cor.
1931640;1933040;"02";Humanos têm só três.
1933040;1934640;"02";Enxerga o comprimento vermelho, azul e verde.
1934640;1935640;"02";O resto é mistura.
1935640;1939640;"02";Galinhas nos suspeitam com o cone de violeta e alguns comprimentos de ultravioleta.
1939640;1943640;"02";E com o quinto receptor ainda não compreendido.
1943640;1947640;"02";A galinha é veicô que a gente nem sabe que existe.
1947640;1949640;"02, 01";Galinha psicodélica.
1950640;1951640;"02";Caraca.
1951640;1952640;"02, 01, 00";Tá.
1952640;1954640;"02, 01, 00";Só um outro adendo aqui, rapidinho.
1954640;1957640;"02, 01, 00";A galinha, ela tem um campo de visão de 300 graus.
1957640;1958640;"02";Caramba.
1958640;1959640;"02";Inferno.
1959640;1960400;"02";É praticamente impossível pegar ela pelas costas.
1960400;1961440;"02";É praticamente impossível pegar ela pelas costas.
1961440;1962440;"02";É praticamente impossível pegar ela pelas costas.
1962440;1963440;"02";É praticamente impossível pegar ela pelas costas.
1963440;1964440;"04";É praticamente impossível pegar ela pelas costas.
1964440;1965440;"04";É, desculpe pro editor também.
1965440;1966440;"04";Você tá falando com um robô, né?
1966440;1967440;"04";Então o comando é um pouco mais claro.
1967440;1968440;"04";Então o comando é um pouco mais claro.
1968440;1969440;"04";Então o comando é um pouco mais claro.
1969440;1970440;"04";É, dá o comando direto.
1970440;1971440;"02";É, dá o comando direto.
1971440;1972440;"02";É, dá o comando direto.
1972440;1973440;"01";Desculpe, meu filho.
1973440;1974440;"01";Às vezes eu esqueço da sua natureza.
1974440;1975440;"01";São tantos anos.
1975440;1976440;"01";Ah, obrigada.
1976440;1977440;"01";Ou não.
1977440;1978440;"02, 01";Eu não sei.
1978440;1979440;"02";Por favor.
1979440;1980440;"02";Vamos lá pegar o Alex.
1980440;1981440;"02, 01";Ele olha pro sol.
1981440;1982440;"01";Olha pra vocês.
1982440;1983440;"02, 01";Olha pro sol.
1983440;1984440;"02";E ele faz.
1984440;1985440;"02";Cocoricó.
1991440;1995340;"02, 03";Eu escrevi só um D6, tem que botar o ponto R
1995340;1997520;"02, 03";Eu tô torcendo contra você, por sinal
1997520;1999420;"02";Tirou?
2000980;2003020;"02";Enquanto o Zig, que já tava bem ferido
2003020;2004380;"02, 03";do anterior mesmo, recebeu
2004380;2004740;"02, 03";O Alex
2004740;2006700;"02, 03";Desculpa, o Alex
