start	end	text
0	10120	Se eu pegar essa ilha e esse helicóptero, e aí tudo faz sentido, porque aqui tem um zumbi e ali não tinha, e agora...
10120	11420	É isso! É isso!
11900	13220	Eu sabia! Eu sabia!
13840	15000	O Guaxaverso existe!
15120	15960	Como assim?
16180	18000	Você entendeu a referência do último episódio?
18240	18980	Olha só, faz tudo!
18980	20020	Não, o Guaxaverso sabe o que faz!
20020	20960	Espera, o que é o Guaxaverso?
21000	22980	Era só uma questão de tempo.
23080	24520	O Guaxaverso sempre existiu!
24520	27180	Eu quero entender o Guaxaverso!
27220	28560	Alguém me explica o que é o Guaxaverso?
28560	32020	É, pessoal, não existe o Guaxaverso.
32100	33720	Eu acredito no Guaxaverso!
33820	36560	Mas, supondo que ele exista...
37880	41540	Guaxaverso, onde o que não existe é debatido.
45120	46960	Guaxa, eu tô ficando craque a amarrar as pessoas.
47360	52800	Olá, eu sou Marcelo Guaxinim, narrador, produtor, idealizador, podcast, realidade para a galera do Guaxinim e...
52800	54120	...de condomínio, gente. Fujam.
54120	56980	Pra quem não sabe, o Guaxaverso é o nosso antigo escudo-mestre.
57380	58120	Aqui vamos ler os comentários discutidos...
58560	63380	...as teorias do último episódio, que, no caso, foi a urna de Augustus Maier.
63720	68060	R.P. Guaxa, 167.
68520	71120	Eu estou aqui com ela, que foi estreante do episódio.
71700	74040	Nossa querida Tati Kafka.
74280	74860	Olá, Tati.
75300	76120	Oi, gente.
77160	79500	Bom dia, boa tarde, boa noite.
80240	80960	Tamo aqui, né?
81420	81760	É, né?
82540	84200	Como é que as pessoas te acham na internet?
84760	86880	Elas não me acham na internet.
86880	87880	Elas só me acham...
88560	89860	...na taberna.
90280	90880	Na taberna.
91220	95060	O Kafka é teu sobrenome mesmo ou é uma homenagem lá ao Franks?
95160	96960	É um dos meus autores...
96960	98560	É porque é assim, eu sou coisada.
99540	107080	E aos 13 anos de idade, os meus autores prediletos eram Clarice Lispector, Franz Kafka e Friedrich Nietzsche.
107440	108720	É isso, gente. Acontece.
109240	109760	Desculpa.
110160	111200	Deus está morto.
111560	111820	Sim.
112160	113900	E nós o matamos. É fato.
114220	116220	Qual é o da escritora?
116220	118340	A Clarice Lispector, muita coisa.
118340	120620	Mas eu comecei com o de estreia dela.
120620	120880	É do Hora da Estrela, né?
120880	124560	É, mas eu comecei com Perto do Coração Selvagem, que é o de estreia dela.
125060	127120	Ela tinha 19 anos quando escreveu.
127520	127940	Não li.
128380	130620	Eu lembro o da Macabea, que eu acho que é o Hora da Estrela.
130960	132180	É, Hora da Estrela, é.
132540	133900	Que é o da Cartomante, né?
134420	138340	É. Hora da Estrela que virou filme, virou peça, virou um monte de coisa.
138740	139500	Não é o meu preferido.
139520	140280	Eu só li o livro.
140720	140860	É?
140960	141680	Mas é muito bom.
141800	142480	Eu li o livro...
142480	146240	Eu acho que que é o Naúfis que quando eu fiz, eu acho que é por isso que eu li.
146240	148240	É, aqui a Ágata está falando...
148340	149380	A coisa certa, né?
149480	152720	Assim, quase todas as frases da internet são da Clarice Lispector.
152800	156200	Sim, isso me revira o estômago 99% das vezes.
156440	158840	Talvez por isso eu não tenha redes sociais ativas.
159280	159940	Tenho essa chance.
160060	162740	Metade da Clarice e metade do Jabor.
163140	164520	Uma parte do Einstein também.
165160	166200	Do Einstein, eu acho que eu também tenho.
166460	167800	O Einstein tem umas muito boas.
168060	168320	Sim.
168840	171160	Em especial sobre coisas que não existiam quando ele era nascido.
171320	173100	Então, é isso.
173400	174600	Dito tudo isso...
174600	176100	Voltando para o assunto.
176340	177740	Quero convidar vocês para...
177740	178100	Assim como...
178340	179500	Como a nossa querida Tati.
179820	182460	A ser madrinha, a ser padrinho do RP Guaxa.
182740	186600	A nos apoiar lá em apoia.se barra rp guaxa.
187020	191080	A partir de 10 reais, se você pagou, você vai ter acesso a uma postagem lá que está oculta.
191500	194420	Ela é livre só para quem apoia 10 reais ou mais.
194480	195360	Pode ser mais, tá gente?
195720	197660	Fico muito feliz quando alguém dá mais, inclusive.
198160	200880	Eu gosto de todo mundo igual, mas uns mais igual que o outro.
201280	206200	E você deu 10 reais ou mais, a postagem que estava bloqueada, ela aparece.
206200	208240	E lá tem um link, tu já clica e vai direto.
208340	209140	Para o Telegram.
209600	211420	Hoje eu fui dar uma olhada nos meus e-mails.
212120	213640	E, pô, tinha coisa de um mês lá.
213940	216660	Tinha, sei lá, gente querendo me dar convite para evento.
217220	218400	E eu quase perdi.
219080	221720	Então, assim, dependendo do e-mail, vocês estão ferrados.
222180	223260	Apoio pelo apoia.se?
223500	224660	Perfeito, você já vai lá.
225100	227080	Você já tem o acesso ao grupo.
227520	229800	Ah, mas não gosta do apoia.se por algum motivo?
229920	233300	Ou já tem conta na orelo.cc barra rp guaxa?
233620	235320	Dá apoiar o RP Guaxa por lá também.
235320	236760	Lá não tem esse link tão à mão.
237260	238000	Lá tu vai ter que esperar.
238000	239020	Eu te mandar um e-mail.
239460	240200	E pode levar um mês.
240580	242780	Mas tu pode me avisar no Twitter ou no...
242780	243440	No Twitter.
243520	244680	No Instagram eu não olho, não.
245480	248440	Então, manda lá no arroba Marcelo Guaxinim.
248860	249980	Ou no arroba rp guaxa.
250060	251440	Que daí as meninas me lembram também.
251940	253600	Lá no Instagram são elas que cuidam.
253680	254360	É maravilhoso.
254740	256040	Pega a gente nessas redes sociais.
256780	258320	E, Tati, você é madrinha há quanto tempo?
258760	261400	Olha, há menos tempo do que eu gostaria, tá?
262160	263880	Porque, não sei.
264160	265520	Assim, eu sou de humanas.
265520	267940	Então, esse negócio de conta.
268000	270160	Essas, eu não sei fazer muito bem, não.
271080	274860	Mas, já tem um tempo que eu sou...
274860	276220	Acho que mais de ano, tá, Agatha?
276320	277720	Eu tava olhando ali.
278480	282720	Mas, eu já acompanho há algum tempo.
282880	284880	Porque desde a época do Sycash.
285060	286600	Desde o Silmar e tudo.
286980	290000	Então, tem um tempo já que eu lhe sigo.
290740	291260	Sim, sim.
291400	292600	Fico lisonjeado.
293140	294320	O seu marido escuta?
294880	296100	O RP Guaxa?
296100	297300	Eu abrigo, né?
297760	297960	Ok.
298000	299120	É isso, é isso.
299700	301840	Eu ia perguntar se pelo menos o teu episódio ele teria ouvido.
301960	303640	Ah, não só ele, né?
303660	304920	Eu obriguei muita gente.
305040	307620	Eu obriguei o meu grupo, os meus mestres.
307720	308780	Inclusive, o meu mestre.
309320	310820	O que mais mestra pra gente, né?
310820	311320	Meu amigo.
311400	312860	Ele disse que, finalmente, nesse episódio,
312940	314640	eu consegui fazer uma coisa que eu tento fazer
314640	316840	em todas as nossas mesas.
317040	317900	Que é matar o grupo.
318880	320120	Fui eficiente dessa vez.
320980	322180	Bem, muito bem, muito bem.
323320	323720	Eu...
323720	325580	A gente vai começar a ler aqui os comentários, então.
325580	327840	O primeiro comentário é do Jorge Marcos Santos.
328000	328800	Silva, que coloca.
329300	331500	Nossa, sabe algo que você já sabia
331500	333940	e queria poder avisar os jogadores, mas não pode?
334280	334740	Que agonia.
335300	336460	Um bom dia, Sr. Guaxa.
337120	338160	Convidade e Guaxual.
338280	339280	Tudo bem com vocês, queridos?
339320	339840	Comigo, tudo bem.
339900	340700	Contigo, tudo bem, Tati?
341020	341840	Tá tudo bem, sim.
342080	343900	Assim, um pouco desconexa aqui,
344040	346600	meio olhando pras mãos, mas vai dar bom, gente.
346920	347680	Eu sou tímida.
348600	349160	Ah, eu também.
349400	350200	Isso aí é...
350200	352100	A internet ajuda.
352600	354300	Se eu estivesse gravando agora, pessoalmente,
354300	356360	eu, você, tivesse sentado lá.
356760	357840	Agatha, Tati,
358000	359640	Quiluco, Fábio,
359700	361260	todo mundo que tá aqui vendo a gente ao vivo,
361360	362240	porque são padrinhos.
362740	366440	Porra, eu tava assim, gaguejando.
366720	368000	Te entendo, eu já tô assim,
368120	371600	só olhando os comentários aqui no Discord.
372320	373060	É, assim.
373460	375760	Daqui a pouco, provavelmente, algum comentário vai falar de jogadores
375760	377020	e daí vai te atingir direto.
377640	378160	Spoilers!
378940	381220	Preciso saber que urna era essa.
381760	383920	Era uma urna onde prenderam a boba.
384340	384680	Ponto.
384680	387980	Há alguma possibilidade deles prenderem definitivamente a boba?
388000	390000	Se sim, como?
390000	394000	Existe a possibilidade de prenderem ela definitivamente?
394000	396000	Como, se eu falar pra vocês,
396000	398000	eu serei visitado pela boba?
398000	400000	Tem suas vantagens e desvantagens.
400000	402000	Vamos deixar registrado.
402000	404000	A Madison já realmente foi alguém?
404000	407000	Ou já era a boba desde sempre?
407000	409000	A Madison não tinha esse nome,
409000	413000	mas era um dos corpos que já estava lá no necrotério
413000	416000	e a boba só se apossou dele.
416000	418000	Só usou ele pra fazer as coisas.
418000	421000	Então, assim, eu devo estar muito errado,
421000	423000	mas eu lembrava, quando eu era pequeno,
423000	425000	tipo, Mad era tipo alguma coisa como...
425000	428000	louco em inglês ou coisa parecida, né?
428000	429000	Tom é filho.
429000	432000	Então, Madison, eu vou dizer por conta disso.
432000	433000	Faz algum sentido?
433000	435000	Provavelmente, se você é falante de inglês, não.
435000	437000	Mas, na minha cabeça, era o motivo dela ter esse nome.
437000	438000	Continuando.
438000	440000	Ela pode exercer algum controle sobre os cadáveres
440000	442000	ou era só mais algum efeito?
442000	447000	Ela pode exercer o controle sobre um recipiente vazio, né,
447000	448000	depois de solta,
448000	450000	que era o caso do cadáver ali.
450000	452000	Quando foi que ela passou pra cientista?
452000	453000	Quando a mesma...
453000	458000	Assim, quando a Tati abriu a urna, né,
458000	462000	e soltou 100% do poder da boba ali,
462000	464000	é...
464000	465000	a boba já soltou pra ela.
465000	467000	Podemos considerar ela solta?
467000	468000	Sim.
468000	469000	Tem que lembrar o seguinte.
469000	472000	Se esse episódio se passa antes do homem de eterno carmim,
472000	475000	ah, no ponto final da boba,
475000	476000	ela não tá solta.
476000	477000	Pelo contrário, ela tá bem mal.
477000	481000	Se tu considerar que esses eventos são após o homem de eterno carmim,
481000	483000	alguém de alguma forma aproveitou que ela tava enfraquecida
483000	486000	e prendeu ela, então agora ela tá solta geral.
486000	488000	Quando que esse episódio se encaixa?
488000	489000	Não vou dizer.
489000	491000	Você tinha algo diferente planejado?
491000	492000	Diferente planejado?
492000	493000	Ah...
493000	495000	Assim, eu tinha algo...
495000	498000	Eu imaginei que talvez algum deles pudesse morrer lá embaixo,
498000	501000	mas eles tiveram sorte até nos dados e tal.
501000	505000	Mas, nada, assim, eu criei a ideia base da aventura
505000	507000	e deixei a vida me levar, a vida leva eu.
507000	508000	E foi o que aí saiu.
508000	511000	Talvez um outro caminho que eu possa ter pensado?
511000	512000	Não, nada exatamente assim.
512000	515000	Eu realmente criei o início da aventura,
515000	517000	o fato da Madison e tal,
517000	519000	até as piadas da Madison, muitas...
519000	521000	Foi na hora, assim, de improviso.
521000	524000	Quero registrar novamente que os jogadores não riram de nenhuma das piadas.
524000	526000	Estou magoado, queria registrar.
526000	528000	Já, já, eu me defendo.
528000	529000	Acredito que...
529000	530000	Tá bom.
530000	531000	Acredito que seja isso.
531000	534000	Tava com saudades dessa personagem incrível,
534000	537000	que está causando pelo guache averso, que não existe.
537000	539000	Quero ver até onde vai.
539000	540000	Os jogadores foram incríveis.
540000	541000	A narrativa também.
541000	544000	Mas a edição e essa leitura de regras foram primorosas.
544000	545000	Fico por aqui.
545000	546000	Forte abraço a todos.
546000	548000	Fosse luz para todos nós.
548000	549000	E até mais.
549000	550000	Até mais, querido.
550000	553000	Sonhei que jogava numa mesa do guache de Cyberpunk.
553000	554000	Será só um sonho?
554000	556000	Provavelmente KKKJ.
556000	557000	Só um sonho.
557000	559000	O dia que eu criar uma mesa do Cyberpunk
559000	561000	é pra chamar a Shelly, a Shelly falou.
561000	564000	Mas é uma coisa que realmente, até o momento,
564000	568000	não me surgiu uma inspiração legal pra trazer pra vocês.
568000	569000	Mais um dia.
569000	571000	Com a Shelly provavelmente no seu lugar.
571000	572000	Muito bem, muito bem.
572000	575000	Vamos agora ler o comentário.
575000	578000	Eu não sei se fala esse nome.
578000	581000	Thala... Slade.
581000	582000	Sei não, gente.
582000	583000	Vai ser isso aqui.
583000	586180	É, é isso, um husky
586180	588580	Olá Guaxa, Juvidade do Dia
588580	590080	e Guaxa Verses
590080	592620	Oh my dog, é a boba
592620	594440	Quando ouvi a voz da Shelly
594440	596220	até pensei na possibilidade
596220	598360	mas também pensei que poderia ser
598360	600600	qualquer outra coisa sem relação com ela
600600	602640	tipo um novo
602640	604900	corvo que fica pulando de corpo em corpo
604900	606440	ou talvez até alguma
606440	608540	criatura antiga por causa da urna
608540	610700	mas enfim, era a boba
610700	612060	Bracinhos para o alto
612060	614180	Hashtag Todes Comemora
614180	616560	As perguntas que ficam agora são
616560	618720	Como, quando e porquê
618720	620520	Como a boba acabou
620520	622400	presa numa urna
622400	624560	e indo parar nas mãos de um colecionador
624560	625620	Não sabemos
625620	628280	Como e quando ela se desvinculou
628280	630300	dos guizos que tornavam a
630300	632380	alma dela controlável
632380	634380	por aquele que possuía
634380	634940	eles
634940	637580	Então, os guizos não estavam na urna
637580	640300	o colecionador tinha só a urna
640300	641860	não se sabe onde estão os guizos
641860	644500	então não se sabe se ela está livre
644500	645920	do controle deles ou não
645920	648060	talvez em algum momento surja alguém
648060	650800	com os guizos e daí ela perdeu
650800	652520	E por que ela ainda continua
652520	654760	matando pessoas aparentemente
654760	656220	de forma aleatória
656220	657580	e sem necessidade
657580	659660	Como assim sem necessidade?
659980	661240	Tenho minhas reclamações
661240	663220	Ela não mata, assim
663220	665340	talvez o Jonathan
665340	668260	ele fazia parte do plano para ela escapar
668260	669260	dali, ele está morrido
669260	671380	e os dois
671860	673860	que ela acaba matando
673860	676100	é mais pelo personagem da Tati
676100	676920	do que por ela
676920	679180	Tá vendo? Eu sou amiga da boba
679180	682120	Será que depois de tantos anos
682120	683440	no que eu chamo de
683440	685260	sombra da realidade
685260	686940	o vão do sofá
686940	689820	a alma dela foi totalmente corrompida
689820	691180	e enlouqueceu de vez?
691740	692640	Será que o Dante
692640	693800	Calma
693800	697700	Será que o Dante ainda tem controle sobre ela
697700	699820	e tinha alguma coisa contra
699820	701000	esse colecionador?
701860	704080	Ainda gostaria de uma história
704080	705460	contando a origem da boba
705460	707440	Tenho algumas ideias e teorias
707440	709860	mas queria algo mais oficial que isso
709860	711860	Então, quem sabe um dia
711860	713620	Hashtag me deixe sonhar
713620	716200	Quem sabe um livro, alguma coisa
716200	717760	mas sou péssimo em escrever
717760	719880	e...
719880	721140	Tempo, né? Tempo eu não tenho
721140	723140	Mas é uma ideia, um dia talvez
723140	726320	A propósito, sou obrigado a concordar
726320	728120	com a piada de necrotério de
728120	729760	Qual de vocês é um morto?
729760	731660	Todos os jogadores já estavam mortos
731660	732980	Portanto, olha, eu vou agora
732980	735360	Eu preciso fazer uma parte, tá?
735860	736760	Um disclaimer
736760	739800	Gente, eu tava nervosa
739800	741680	E a minha personagem
741680	744240	A Audrey, ela não tava muito bem
744240	746220	Imagina só, você acordado
746220	747580	no meio da madrugada
747580	749620	pra fazer uma atividade
749620	751660	que não era sua, que na verdade
751660	753060	era de um colega seu
753060	754980	que nem dele você gosta
754980	756680	no meio da madrugada
756680	758880	Não tem como tá feliz
758880	760680	A bichinha não tava feliz
761660	762840	Não tava, não tava
762840	763880	Então vamos lá
763880	766280	Todos os jogadores já estavam mortos por dentro
766280	767840	por não rir das piadas
767840	770640	Mas as piadas eram engraçadas, gente, de verdade
770640	773140	Eu, Kafka, tava rindo
773140	774860	Mas me contive
774860	777100	Apesar de ter sido estranhamente
777100	779520	mais engraçado justamente porque eles não riram
779520	780940	Sim, ficou muito boa
780940	782040	a dinâmica do personagem
782040	784340	Da aventura
784340	785580	Aceito
785580	788920	Acho que já fiz perguntas e teorias malucas demais
788920	790400	Então vou encerrando por aqui
790400	791620	Biscoitos em formato de um jogo de videogame
791620	793280	de cérebros para todos
793280	794220	Até a próxima
794220	795740	Até, querido
795740	797460	Pós-comentário, Pedro Peron
797460	799300	Olá, Guaxa e Guaxa Amigo
799300	800600	Cês tão bom? Tão bom
800600	802180	Rapaz, que episódio maravilhoso
802180	804760	Só vem trazermos cortes na forma de chapéu de Arlequim
804760	807980	E dizer que as piadas de Necrotério foram ótimas
807980	809820	KKKKKJJ
809820	811620	Um beijo, um abraço pra vocês
811620	813180	Um beijo, querido, obrigado pelo comentário
813180	814460	Beijo, Pedro
814460	816240	Luiz Carlos
816240	819700	Ó, tá faltando meu nome aí nos apoiadores, hein
819700	821500	Apoiador desde agosto
821500	822360	de 2022
822360	824900	Porra, olha só
824900	826260	Talvez
826260	828280	Talvez não apareça nem o meu
828280	830240	Tem essa possibilidade?
830740	832320	É assim, não olha
832320	833700	Eu prometo
833700	836360	Eu vou ter as férias de julho
836360	838080	Até as férias de julho
838080	840840	Eu vou organizar tudo ali no nome dos apoiadores
840840	842800	Peço mil desculpas
842800	845620	E deixo um beijo enorme no seu coração, Luiz Carlos
845620	846700	E ele continua, né?
847160	848720	Sim, leio também
848720	850800	É o mesmo nome, a regra é clara
850800	851280	É o mesmo nome, a regra é clara
851280	851480	É o mesmo nome, a regra é clara
851500	851960	Tá bom, né?
853400	855000	Você é o dono da bola, né?
855120	856360	Então tá certo, bora aqui
856360	859620	Saudações Guaxa, Jubidade
859620	861100	e toda a Guaxaria
861100	863800	Sou o Luiz Tonhão da Taverna
863800	865880	Nem me perguntem como o Carlos
865880	866800	virou Tonhão
866800	869320	Mas é bom contar outra hora, tá? Luiz
869320	872180	Esses dias, um parênteses rápido
872180	873640	Eu tava ouvindo
873640	875640	o mal acompanhado
875640	877320	do podcast maravilhoso do nosso amigo Vidani
877320	878100	que já participou aqui
878100	879920	E daí participou o Chico Barney
879920	881280	Que é um cara que é famoso
881280	882760	por comentar reality, né?
883240	884580	Duas coisas que me chamaram a atenção
884580	887720	O Chico é de Florianópolis, eu não fazia ideia, sou de Florianópolis também
887720	890180	E o Chico
890180	891340	se chama Lucas
891340	892220	É isso
892220	894380	Quem quiser saber porquê, escuta lá o episódio
894380	896500	É isso, é isso
896500	899040	Acontece, acontece, loucuras da vida
899040	901980	Mas tipo, lá no meu trabalho a gente tem uma colega
901980	904360	que ela tem um nome
904360	905720	Tudo bem que pelo menos é parecido
905720	907280	O nome dela é Samara
907280	909620	Mas todo mundo só chama de Samanta
909620	911180	Enfim, é isso
911280	912340	Gente, acontece
912340	915480	Tinha uma menina que trabalhava no gabinete
915480	916740	lá no instituto que eu trabalho
916740	918520	Chamada Samara
918520	921960	Sempre que ela ligava pro meu setor eu perguntava se eu tinha sete dias
921960	922480	Meu Deus
922480	923540	Ela deve me odiar
923540	926220	É isso, vou continuar aqui
926220	929360	Depois do puxão de orelha, vou fazer um comentário
929360	931180	Pela primeira vez
931180	932440	na história deste país
932440	935440	Meu comentário não é sobre o episódio
935440	936680	porque eu não ouvi ainda
936680	939300	Sempre estou atrasado no feed e ultimamente
939300	941280	ando um pouco assido também
941280	943880	Gostaria, portanto, de fazer um agradecimento
943880	944560	e um pedido
944560	946880	Espero não invocar a entidade ver mais
946880	947800	Invocou sim, tá Luiz?
947800	950420	Invocou, mas assim, estou tranquilo
950420	953160	Invoquei aqui uma regra obscura
953160	953880	que sempre me ajuda
953880	956640	Quero dizer, meu muito obrigado
956640	959000	pelo podcast maravilhoso
959000	960740	que vossas mercês
960740	962600	entregam pra gente toda semana
962600	965280	O RP Guaxa fez muita diferença pra mim
965280	967500	num momento muito delicado da minha vida
967500	969780	Me ajudando a lidar com a depressão
969780	970480	e com o luto
970480	972080	Eu compartilho isso, Luiz
972080	973620	Pra mim, foi a mesma coisa
973620	975240	Ambas as duas
975240	978140	Viajar junto com o Guaxa e os jogadores
978140	979640	para outros universos
979640	981640	aliviou pra mim algumas dores
981640	984360	deste ao qual estamos confinados
984360	986300	Enfim, muito obrigado
986300	987960	por isso e também por me fazer
987960	989380	redescobrir o RPG
989380	992200	Em pouco tempo de ouvinte, me tornei apoiador
992200	993320	Olha só que coisa boa
993320	995940	E até voltei a jogar, depois de quase
995940	996920	10 anos
996920	1000240	Conhecer o povo da taverna foi incrível
1000480	1002840	Que galera acolhedora e receptiva
1002840	1005640	Espero ser um guaxinim à altura dessa galera
1005640	1008020	O pedido é pra você falar sobre
1008020	1010500	o clube do livro do guaxinim viajante
1010500	1013400	Bem, já sei que vai falar
1013400	1016560	porque o comentário vai ser lido
1016560	1020260	Então, no subgrupo da biblioteca do Irani
1020260	1021240	A proposta...
1021240	1021880	Quem é a Irani?
1022360	1025600	Surgiu uma proposta da Lari Zorzenoni
1025600	1028060	de uma experiência que ela teve
1028060	1029880	com outro clube do livro
1029880	1030320	O que ela fez?
1030320	1031480	O que a gente está fazendo
1031480	1033700	Primeiro, fizemos uma lista com todos
1033700	1035080	que resolveram participar
1035080	1037680	Cada um escolhe um livro que foi comprado
1037680	1040000	pela pessoa na lista depois de si
1040000	1042000	A gente tem dois meses para ler
1042000	1043960	cada livro comprado e então enviar
1043960	1045080	para o próximo da lista
1045080	1047760	Ao final, a pessoa recebe o livro
1047760	1049320	que ela escolheu e que foi lido
1049320	1051300	pelos outros 10 participantes
1051300	1053540	O detalhe é que durante a leitura
1053540	1055540	você pode fazer anotações no livro
1055540	1058220	colar post-its, etc
1058220	1060080	Então, no fim
1060080	1061840	a gente recebe uma versão única
1061840	1063280	e exclusiva do livro
1063280	1065540	com o comentário dos colegas guaxinins
1065540	1068300	Ai, eu adoro livro, gente
1068300	1072600	Eu aqui, particularmente, já achei muito legal
1072600	1073840	Sensacional
1073840	1075280	Estou amando participar
1075280	1077320	E, claro, não teria tido essa experiência
1077320	1079200	se não tivesse me tornado apoiador
1079200	1081040	Por isso, apoiem, gente
1081040	1082940	Vale a pena demais dar conta, só
1082940	1084600	Falei que era um pedido
1084600	1085620	Mas são dois
1085620	1088120	Deixa eu fazer voz de um NPC aí, vai
1088120	1089420	Diz que sim, diz que sim
1089420	1089920	Sim
1090080	1091820	Sem mais para o momento
1091820	1093120	Beijo para quem é de beijo
1093120	1094580	Abraço para quem é de abraço
1094580	1096320	E, mais uma vez, obrigada
1096320	1098140	Por favor, não pare, Guaxa
1098140	1099820	Obrigado, não pretendo parar
1099820	1103440	Houve épocas este ano que eu pensei em, talvez, parar
1103440	1105680	Mas, da mesma forma que eu ajudo vocês
1105680	1106820	Vocês me ajudam pra caramba
1106820	1108540	E eu continuei, né
1108540	1112040	Nessa loucura que é fazer podcast no Brasil
1112040	1113420	em 2024, né
1113420	1113980	Então
1113980	1118120	Irani é o personagem do Felipe
1118120	1118920	no episódio 100
1118920	1120440	Nunca ia lembrar disso
1120440	1122480	Foi a Fábio Belo que mandou lá no chat
1122480	1122900	de quem tava
1122900	1124900	Sobre
1124900	1126540	Grava voz de NPC
1126540	1127500	Poxa, assim
1127500	1129720	Eu tô sempre mandando voz pra quem nunca gravou
1129720	1131980	Aviso lá na taberna no geral
1131980	1134120	E essa semana que passou
1134120	1137000	Eu mandei um que era os velhinhos da excursão
1137000	1139220	Em que todo mundo podia fazer um velhinho
1139220	1139940	gritando
1139940	1142220	O motorista pode correr
1142220	1143040	Alguma coisa assim
1143040	1145140	E pouca gente gravou
1145140	1145920	Ficou, ficou
1145920	1148040	Mas, ó, viram outras oportunidades
1148040	1148760	Não se preocupe, né?
1148760	1149160	Não se preocupe, Luís
1149160	1150080	Não se preocupe
1150080	1151680	Uma hora seu NPC chega
1151680	1152460	É isso
1152460	1153260	Me manda um oi
1153260	1154080	Me manda um áudio
1154080	1155440	Pra ver como é que é mais ou menos
1155440	1156980	É...
1156980	1157500	Lá no...
1157500	1158680	Pelo Telegram mesmo
1158680	1161080	Eu provavelmente não vou abrir tão cedo
1161080	1163080	Porque eu faço isso assim
1163080	1164660	Eu deixo não lido
1164660	1166080	Pra quando surge o NPC
1166080	1167900	Ele tá lá e eu dou uma olhada
1167900	1168940	Porque senão eu vou esquecer, né
1168940	1171400	Então não fique bravo se eu não olhar na hora ali
1171400	1173460	Mas me manda lá que eu dou uma olhada
1173460	1174740	Muito obrigado pelo apoio
1174740	1177200	Falando lá que eu vou arrumar o nome dos padrinhos
1177200	1178020	Até metade do ano
1178020	1178740	Até o mês 7
1178760	1181260	Que é as férias dos escolares
1181260	1182100	E é isso
1182100	1184320	Queria dizer que eu ouvi isso ano passado
1184320	1185820	Próximo comentário é do
1185820	1186900	Micael da Silva
1186900	1187980	Antes que me entreguem mais
1187980	1189980	Saudações, Guaxeleiro
1189980	1191220	Mas esse ano vai dar
1191220	1193020	Porque a Fabela vai me cobrar
1193020	1193860	Fica aí, Fabela
1193860	1194380	Pode me cobrar
1194380	1195280	Próximo comentário
1195280	1196120	Micael da Silva
1196120	1198180	Saudações, Guaxeleiro
1198180	1199820	Ele é o Guaxa Conselheiro
1199820	1200580	Juvidade
1200580	1202000	Juvidade Convidade
1202000	1202820	Da vez
1202820	1203980	Guaxa Trulha
1203980	1204960	Tudo bem com vocês?
1205240	1207000	Comecei a escutar o podcast há algum tempo
1207000	1208340	Depois de muito tempo
1208340	1209680	Consegui começar
1209680	1211400	Ele começou há algum tempo
1211400	1212880	E depois de muito tempo
1212880	1213800	Ou seja
1213800	1216680	Esse tempo começou antes de ele ter começado a ouvir
1216680	1219720	Consegui começar a acompanhar os episódios
1219720	1220840	Conforme estão saindo
1220840	1222560	Ainda não sou padrinho
1222560	1223660	Mas futuramente pretendo
1223660	1226380	Para ajudar esse incrível projeto a crescer cada vez mais
1226380	1227500	Estamos te esperando, Micael
1227500	1228740	Esse episódio foi incrível
1228740	1230300	Todos os meus vídeos são de parabéns
1230300	1232020	Esse é o meu primeiro comentário
1232020	1233340	E espero não ter sido muito longo
1233340	1234060	Não, foi curtinho
1234060	1234740	Foi tranquilo
1234740	1235740	Foi de boinha
1235740	1237900	Fernando Lobo
1238340	1239260	Olá, Guaxa
1239260	1240980	Investigador Convidade
1240980	1243320	E suspeito chinins
1243320	1245320	Aqui é o Legista Lobo
1245320	1249300	Após uma grande quantidade de corpos chegar ao meu necrotério
1249300	1253340	Não pude deixar de notar várias inconsistências em suas fichas de óbito
1253340	1255500	Poderia esclarecer para mim, por favor?
1255960	1256180	Um
1256180	1259320	Esse episódio se passa em que momento do tempo
1259320	1263540	Com relação ao episódio em que o Pietro Dante captura a boba?
1264000	1265160	Já que perguntou diretamente
1265160	1266560	Neste episódio
1266560	1268180	O Pietro e a boba ainda não se conhecem
1268180	1268220	Eu não sei o que é isso
1268220	1268300	Eu não sei o que é isso
1268300	1268320	Eu não sei o que é isso
1268340	1274240	O objeto da boba não eram os guizos?
1274620	1276960	De onde veio essa boneca e a urna?
1277880	1279080	A urna estava presa
1279080	1280340	A boneca é só uma representação
1280940	1283940	Uma das muitas representações da própria boba
1283940	1287300	O sanatório é o mesmo de Tulu e Azul?
1287760	1288460	É um necrotério
1288460	1289440	Não há sanatório
1289440	1291420	Quem é a garotinha com a boneca?
1291880	1292300	A boba
1292300	1294560	A parte boazinha dela
1294560	1296100	Estava separada
1296100	1298300	O negociante de arte que morreu
1298300	1300920	É o mesmo do episódio dos velhinhos espiões
1300920	1302660	Procurando a chave na cabana?
1303180	1304640	Não, mas é um bom chute
1304640	1306180	Encerro meu relatório
1306180	1308380	Há mais uma observação a se fazer
1308380	1311220	O caso já estava morto há muito tempo
1311220	1312140	Ha ha ha ha ha
1312140	1313320	Piada de necrotério
1313320	1318480	Eu vou rir porque eu acho que piada de necrotério merece risada
1318480	1318800	Sim
1318800	1320580	Guaxa, você ficou ofendido?
1321020	1322480	Não, é só brincadeira
1322480	1323980	É uma maneira de pegar
1323980	1326060	Eu pego muito no pé das pessoas que eu gosto
1326060	1327780	Podem ficar tranquilos
1327780	1328620	Tá bom
1328620	1330760	Hoje à tarde, inclusive, peguei no pé da Ágatha
1330760	1332940	Que eu gosto muito dela, do projeto dela
1332940	1333580	Foi por isso
1333580	1334500	Próximo comentário
1334500	1335980	Da nossa querida Shelly
1335980	1337380	Que não é boba nem nada
1337380	1338660	Essa é a piada de RPG Guax
1338660	1340280	Olá, meus queridos
1340280	1342200	Passando aqui pra fazer uma única pergunta
1342200	1344740	Quando a Madison foi pega no flagra
1344740	1346540	Se inclinando sobre o Jonathan
1346540	1349380	Era só a Madison mesmo sendo carente
1349380	1350360	Buscando um beijinho
1350360	1351520	Mesmo que frio?
1352020	1352940	Ou se já era boba
1352940	1354860	O que Harvey e o Zé Alê ia fazer?
1355160	1356820	Beijos não gelados para vocês
1356820	1357660	Já era boba?
1357780	1358160	A boba
1358160	1361900	Faltou um pouco de coragem da minha parte
1361900	1364140	E de, sei lá, de classificação indicativa
1364140	1365140	Deste episódio
1365140	1367180	Mas a boba, ela tem um quê, assim
1367180	1369080	De sedutora
1369080	1371580	Seria, mesmo que seja um cadáver
1371580	1372200	Sabe, seria
1372200	1373520	Era pra ser uma cena
1373520	1374940	O dia que isso virar um filme
1374940	1376080	Vai ser
1376080	1377540	Matur
1377540	1379360	E, porra, vai ser um negócio incrível
1379360	1380180	Prometo pra você
1380180	1381100	Seriado na Netflix
1381100	1381520	Mas por enquanto
1381520	1383660	Na HBO
1383660	1384820	Que é pra poder estar
1384820	1386180	Os toros pelados lá
1386180	1386740	Vai ser isso
1386740	1387240	Tá bom
1387240	1387740	Desculpa, gente
1387740	1388060	É só
1388060	1389540	Desculpa, Shelly
1389540	1390600	Desculpa, Madison
1390600	1391920	Desculpa, pobre Jonathan
1391920	1393520	Quem fez a voz do Jonathan
1393520	1394080	Foi o Luco
1394080	1395260	Piada de necrotério
1395260	1397220	E de RPG, eu acho
1397220	1399820	O próximo comentário
1399820	1400440	É teu
1400440	1401640	Não sei, eu já me empolguei
1401640	1402300	Poxa vida
1402300	1404200	Mas fica à vontade, Guaxa
1404200	1404560	É seu
1404560	1405480	Se você quiser ler
1405480	1406140	Tá tudo bem
1406140	1407000	Não sei
1407000	1407420	Não, não
1407420	1408820	Tá tranquilo
1408820	1409840	O próximo comentário
1409840	1410480	Que daí tu lê o teu
1410480	1411680	Que daí eu leio o próximo
1411680	1412380	E tu lê o teu
1412380	1413140	Tá bom
1413140	1414660	O próximo comentário
1414660	1416680	É do Inexistente
1416680	1417440	Saudações
1417740	1418420	Gente
1418420	1419960	Eu acho muito
1419960	1420840	Muito engraçado
1420840	1421900	Esse Inexistente
1421900	1422660	Mas tudo bem
1422660	1423740	Saudações
1423740	1424600	A toda nação
1424600	1425580	Guaxística
1425580	1426740	Mais uma vez
1426740	1428180	Um episódio excelente
1428180	1429620	Uma história envolvente
1429620	1430520	Empolgante
1430520	1431760	E com ótimas piadas
1431760	1432540	De necrotério
1432540	1433840	Confesso que fiquei
1433840	1434540	Tenso
1434540	1435720	Em diversos momentos
1435720	1436740	E me surpreendeu
1436740	1438080	A jogadora se entregar
1438080	1439060	A dama da urna
1439060	1440220	Ao final da aventura
1440220	1440880	É
1440880	1443160	Eu achei super fácil
1443160	1444220	Fazer isso, tá?
1444380	1444720	Tipo assim
1444720	1445420	Só assim
1445420	1446220	A Audrey
1446220	1447220	Ela
1447220	1447580	Ela
1447580	1447720	Ela
1447740	1477740	
1477740	1478620	, a possibilidade
1478620	1479880	Do conhecimento
1479880	1480400	Né?
1480580	1480920	Se
1480920	1482500	Daí pra adiante
1482500	1483300	Ela curingou
1483300	1484320	Aí já é outra história
1484320	1484720	Mas
1484720	1486180	Até ali era só isso
1486180	1486940	Achei
1486940	1488040	É, achei perfeito
1488040	1490060	Ela foi atrás de respostas
1490060	1490400	Isso
1490400	1491860	A resposta era sim
1491860	1493300	A pergunta era violência
1493300	1496800	Inclusive ela considerou isso, tá?
1496940	1497500	Quando a boba
1497500	1499340	Fez uma proposta, né?
1499920	1501260	Durante o episódio, né?
1501280	1501520	Que ela
1501520	1502100	Quer que
1502100	1503260	Quer que eu mate eles
1503260	1504200	Mas
1504200	1505720	Ainda bem
1505720	1507280	Que ela manteve os coleguinhas vivos
1507280	1507580	Por mais alguns dias
1507580	1508040	Algum tempo
1508040	1508900	Senão o episódio
1508900	1509920	Teria sido muito curto
1509920	1512080	Ali teria luz piscado
1512080	1512800	E, porra
1512800	1513740	Testes difíceis
1513740	1514560	Iriam acontecer
1514560	1516820	Um pedaço do Tica
1516820	1517880	A gente tinha levado ali
1517880	1518900	Mas não rolou
1518900	1520780	Tinha algumas dúvidas
1520780	1521960	Que já foram feitas
1521960	1523280	Então farei outras
1523280	1524460	Que tudo bem
1524460	1525380	Se não puder responder
1525380	1527040	Mas a urna final
1527040	1527780	Era a boneca
1527780	1528940	Da menina misteriosa?
1529520	1529860	Não
1529860	1531020	A urna
1531020	1531900	Era o que tava
1531900	1532580	Trancando
1532580	1533980	A boba
1533980	1535100	Ela existia
1535100	1536440	Na casa do colecionador
1536440	1537220	Lá ele abriu
1537220	1537560	A urna
1537580	1537980	Física
1537980	1538520	De verdade
1538520	1539420	E foi assim
1539420	1540060	Que ele morreu
1540060	1542880	O espírito da boba
1542880	1543560	Estava
1543560	1545380	No colecionador
1545380	1546080	Ali
1546080	1546920	Como se fosse
1546920	1548260	Uma segunda casca
1548260	1549880	E o pedido pra abrir
1549880	1550380	Era como se fosse
1550380	1551320	Pedir uma permissão
1551320	1552220	Pra pular
1552220	1552880	Pra Tati
1552880	1553280	Entende?
1553420	1554400	Por personagem dela
1554400	1555900	Permissão concedida
1555900	1557000	Essa menina
1557000	1558380	Era uma manifestação
1558380	1559500	Da dama da urna?
1560040	1560300	Era
1560300	1561680	Tanto a menina
1561680	1562320	A boneca
1562320	1563640	E a própria
1563640	1565240	A Madison ali
1565240	1566260	Era tudo
1566260	1567560	Uma manifestação
1567580	1567920	Dela
1567920	1569200	Quando a cabeça
1569200	1570200	Foi colocada
1570200	1571840	E cessaram as respostas
1571840	1573340	A dama realmente
1573340	1574300	Estava selada
1574300	1575660	Ou apenas quieta?
1576300	1577140	Ela tava quieta
1577140	1577480	E rindo
1577480	1578200	No canto dela
1578200	1579580	Disfarçadinha
1579580	1580740	Disfarçadinha
1580740	1581360	Me pareceu
1581360	1582220	Um tanto estranho
1582220	1582780	Ela falar
1582780	1583780	Tão facilmente
1583780	1585140	Como impedir ela
1585140	1586080	Então fico
1586080	1586700	Com essa pulga
1586700	1587940	Atrás da orelha
1587940	1588500	Não
1588500	1589700	Tudo saiu
1589700	1590840	Como ela planejou
1590840	1591540	Olha só
1591540	1592740	Ardilosa
1592740	1593600	Enfim
1593600	1594940	Parabéns a todos
1594940	1596160	Que tornaram possível
1596160	1597020	Mais um episódio
1597020	1597420	Tão maravilhoso
1597420	1598700	PS
1598700	1600040	A tatu que prometi
1600040	1601220	No último Gostaverso
1601220	1602120	Foi feita
1602120	1603060	E foi vista
1603060	1604500	Pelo pessoal da taberna
1604500	1605940	Espero que tenham gostado
1605940	1606920	Da singela homenagem
1606920	1607200	Sim
1607200	1607800	Ficou muito
1607800	1608760	Tô foda
1608760	1609860	Vi a tatuagem
1609860	1610440	Incrível
1610440	1611340	Fico feliz
1611340	1612300	Triste ao mesmo tempo
1612300	1613580	Porra
1613580	1614400	A tatuagem
1614400	1615040	É a tatuagem
1615040	1615640	É pra vida
1615640	1617740	Se um dia eu te decepcionar
1617740	1618120	Cara
1618120	1619140	Mas ficou linda
1619140	1619760	Parabéns
1619760	1621100	Vou tentar não decepcionar
1621100	1622060	Mas a vida é isso
1622060	1622940	Mas assim
1622940	1624360	A vida toda
1624360	1625480	Tentei fazer isso
1625480	1626220	Nem sempre
1626220	1627260	Próximo comentário
1627260	1628260	É da
1628260	1628820	Ohana
1628820	1629560	Ohara
1629560	1630580	Vou dizer Ohana
1630580	1631220	Mas não tem N
1631220	1631700	Ohara
1631700	1632500	Próximo comentário
1632500	1633200	Ohara
1633200	1634280	Olá Guaxa
1634280	1635280	Guaxate
1635280	1636480	Guaxo ouvintes
1636480	1638020	E guaxavidade
1638020	1639740	Você prefere ser guaxavidade
1639740	1640520	Ou juvidade?
1640880	1641240	Ixi
1641240	1643080	Porque a juvidade
1643080	1643680	Né
1643680	1644160	É um
1644160	1646000	É um nível de guaxavidade
1646000	1646660	Mas
1646660	1648240	Refinado
1648240	1648580	Né
1648580	1649880	É como a Agatha falou
1649880	1650820	Tem um poder maior
1650820	1651820	Com certeza
1651820	1652580	Né
1652580	1653860	É uma comparação assim
1653860	1654540	Que eu não tenho nem
1654540	1656040	Nem roupinha pra isso
1656040	1657240	Juvidades
1657260	1658400	Com certeza
1658400	1659400	Juvidade
1659400	1659920	Ou xalividade
1659920	1660940	Ixi
1660940	1662600	Porque o guaxa
1662600	1663600	Tem que trazer as pessoas
1663600	1664400	Pra elas fazerem
1664400	1665260	Amiguinhos
1665260	1666000	E ao mesmo tempo
1666000	1666640	Inimigos
1666640	1666880	Né
1666880	1667980	Não vou responder essa
1667980	1668720	Ok
1668720	1669440	Ok
1669440	1670960	Se eu tivesse escolhido
1670960	1671800	Guaxavidade
1671800	1672740	Eu tinha ficado tranquilo
1672740	1674300	Mas se escolheu a outra
1674300	1675360	A gente mantém
1675360	1676420	Tudo bem com vocês?
1676580	1677120	Espero que sim
1677120	1678540	Vou tentar evitar
1678540	1679080	Ver mais
1679080	1679560	Conseguiu
1679560	1680840	Mas não prometo nada
1680840	1681720	Ha ha ha ha ha
1681720	1683400	Se você tiver a pergunta repetida
1683400	1683940	Pode pular
1683940	1684460	Beleza
1684460	1685140	Mas não vou
1685140	1686260	Porque eu tô sentado aqui
1686260	1686900	E se eu pular
1686900	1688200	O microfone não pega
1688200	1688680	É horrível
1688680	1689520	E o vizinho de baixo
1689520	1690100	Vai reclamar
1690100	1690780	Porra
1690780	1691800	Algumas semanas
1691800	1692560	Atrás
1692560	1693820	Me comprometi
1693820	1694640	A ouvir os episódios
1694640	1695240	Desde o início
1695240	1695720	E claro
1695720	1697160	Sobre a boba
1697160	1698220	E fiquei lembrando
1698220	1698960	Dos episódios
1698960	1699600	Que eu vi
1699600	1701220	E se em algum momento
1701220	1702080	Era ela
1702080	1703220	E eu nem percebi
1703220	1704400	Fiquei com algumas teorias
1704400	1705400	Porém não vou falar
1705400	1706400	Para não sair do foco
1706400	1706940	Do episódio
1706940	1707660	Então
1707660	1709180	Com todas as teorias
1709180	1709640	Em mente
1709640	1710920	Quando ouvi a voz da Shelly
1710920	1712600	E o comportamento estranho
1712600	1713100	Da Madison
1713100	1713640	Pensei
1713640	1714200	Será?
1714820	1715080	É assim
1715080	1716040	Os jogadores não tinham
1716040	1716680	Essa pista
1716680	1717980	Porque a voz era minha
1717980	1719300	Embora
1719300	1720700	Quando gravei
1720700	1721620	A primeira vez
1721620	1722760	Ou todas as vezes
1722760	1723980	Que a boba apareceu
1723980	1724760	Antes
1724760	1726420	A voz da Shelly
1726420	1727260	Era a minha voz
1727260	1728360	Fiquei com o registro
1728360	1729080	Ignorei
1729080	1730200	Para não parecer doida
1730200	1731060	De achar
1731060	1732220	Que tudo iria
1732220	1733400	Ser ela
1733400	1734220	E seguir o episódio
1734220	1735480	Sem muitas suposições
1735480	1736380	Mas quando teve
1736380	1737020	A música
1737020	1737500	No final
1737500	1738240	Arrepiei
1738240	1740220	Além da sua confirmação
1740220	1741380	No escudo do mestre
1741380	1742240	E a menina
1742240	1743580	É o lado bom
1743580	1744860	Que a boba tem
1744860	1745680	Ela seria
1745680	1746540	Um outro ser
1746540	1747500	Que estava aprisionado
1747500	1748260	Junto com a boba
1748260	1749000	Sim
1749000	1750020	Porque é parte
1750020	1750720	Da própria boba
1750720	1752720	Ou está só sendo controlado
1752720	1753040	Não
1753040	1754560	Eu evito controlar crianças
1754560	1755580	Acho meio creepy
1755580	1756760	Já fiz isso alguma vez
1756760	1757640	Devo ter feito
1757640	1758280	Peço desculpa
1758280	1758900	As crianças
1758900	1759860	A Audrey
1759860	1761520	Estendendo a mão
1761520	1762100	Para a menina
1762100	1762720	E agora
1762720	1763440	Estou curioso
1763440	1763840	Para saber
1763840	1764600	O que vai acontecer
1764600	1765040	Com ela
1765040	1766520	E curioso também
1766520	1767080	Sobre a história
1767080	1768000	Da boba
1768000	1768800	Assim
1768800	1770000	A Audrey vai ter
1770000	1771120	Muitas respostas
1771120	1772440	Não sei se ela vai gostar
1772440	1773280	De todas elas
1773280	1774440	Mas por um tempo
1774440	1775560	Elas vão estar juntas
1775560	1776200	Olha só
1776200	1777080	Será que a gente
1777080	1777620	Ainda vai ver
1777620	1778900	A Audrey causando?
1779380	1779700	Se eu tivesse
1779700	1780540	Uma boa memória
1780540	1781200	Sim
1781200	1782160	Mas acho difícil
1782160	1782980	Ah
1782980	1783800	Outra pergunta
1783800	1784620	O espírito da boba
1784620	1785520	Ou seja lá
1785520	1786300	O que forma
1786300	1787120	Ela estava ali
1787120	1788880	A partir daquele abraço
1788880	1789960	Já deu uma abertura
1789960	1790740	Para que a boba
1790740	1792480	Se instalasse na Audrey
1792480	1793780	Quando ela abriu
1793780	1795140	Quando ela escreveu
1795140	1795600	Abrir
1795600	1796300	Para a urna
1796300	1797000	Enfim
1797000	1797520	Episódio
1797520	1797900	Mestres
1797900	1798300	Jogadores
1798300	1798700	Edição
1798700	1799480	Vozes de NPC
1799480	1800440	Vocês são 100%
1800440	1802280	Obrigado por mais episódios
1802280	1803020	Pessoal
1803020	1803580	E que venham
1803580	1804460	Muitos mais episódios
1804460	1805280	Editados pelo nosso
1805280	1806000	Querido Zorzal
1806200	1807020	Um abraço
1807020	1807580	A todos
1807580	1808140	Um abraço
1808140	1808460	Querida
1808460	1808820	Muito obrigado
1808820	1809640	Por seu comentário
1809640	1811100	Agora vamos ler
1811100	1812080	O comentário da
1812080	1812940	Káfika
1812940	1814360	Olha só
1814360	1815380	Que é você mesmo
1815380	1816720	Pois é
1816720	1817420	É isso
1817420	1819060	Olá senhor Guaxinim
1819060	1820200	Convidade
1820200	1821680	Oi Káfika do passado
1821680	1822640	De um dia atrás
1822640	1824060	E Guaxual
1824060	1825300	Vocês estão bem?
1825800	1826460	Eu vim aqui
1826460	1827060	Primeiramente
1827060	1828740	Pelo bem do bingo
1828740	1830240	Ah não
1830240	1831120	Como é que é?
1831240	1832340	Eu queria reclamar
1832340	1833360	Do jogador
1833360	1834500	Que só comenta
1834500	1835780	No episódio
1835780	1836060	Que participou
1836200	1837140	É isso
1837140	1838220	Também acho feio
1838220	1839060	Muito feio
1839060	1840420	Mal Káfika
1840420	1841260	Errado
1841260	1842480	Segundamente
1842480	1843420	Vim agradecer
1843420	1844360	Pela oportunidade
1844360	1845520	De ser possuída
1845520	1846240	Pela boba
1846240	1847380	Foi uma delícia
1847380	1848580	Obrigada Guaxa
1848580	1849840	Obrigada novamente
1849840	1850680	Aliás
1850680	1851560	Bem que a Audrey
1851560	1852400	Poderia aparecer
1852400	1853100	No futuro
1853100	1854240	A serviço da boba
1854240	1855300	Fica a dica
1855300	1856120	Na verdade
1856120	1856840	É um pedido
1856840	1857680	Quase súplica
1857680	1858300	Eu acho
1858300	1858900	Viu Guaxa
1858900	1859240	Assim
1859240	1860760	Só pelo bem
1860760	1861740	Da Lore
1861740	1862180	Entendeu?
1862700	1863180	Poderia
1863180	1864240	Fica aí
1864240	1865220	Para o universo
1865220	1866140	Parabéns
1866140	1866540	Orzal
1866540	1868020	Pelo seu centésimo episódio
1868020	1870300	Obrigada pela jogatina
1870300	1871300	E pela edição
1871300	1872340	Sempre incrível
1872340	1873600	Obrigadinha ao Patrick
1873600	1874380	Pela jogatina
1874380	1875080	Também
1875080	1876260	Em terceiro
1876260	1877140	Uma pergunta
1877140	1877920	Que eu acho
1877920	1878820	Até que você já respondeu
1878820	1879680	A Madison
1879680	1880680	Era uma funcionária
1880680	1881440	Do necrotério
1881440	1882080	Que foi possuída
1882080	1882740	Pela boba
1882740	1883700	Ou era um dos corpos
1883700	1884540	Das gavetas?
1885120	1885780	Corpo da gaveta
1885780	1887220	Torcendo por uma aventura
1887220	1888520	Com mais informações
1888520	1889380	Sobre a urna
1889380	1890460	Até outra hora
1890460	1891520	Obrigadinha
1891520	1892300	Para o passado
1892300	1893080	Talvez
1893080	1894080	Daqui a dois anos
1894080	1894920	A gente faz
1894920	1895500	Uma sobre
1895500	1896080	Um vídeo
1896140	1896900	Uma urna
1896900	1898640	Impressa e auditada
1898640	1899140	Mentira
1899140	1900100	Meu Deus
1900100	1901200	Aí o cara
1901200	1902420	O cara tatuado
1902420	1903300	Vai repensar a vida dele
1903300	1903780	Se você
1903780	1904300	Estou a fazer
1904300	1906000	Sobre achar a urna
1906000	1907080	Tá?
1907340	1907660	Assim
1907660	1909020	Meu sonho de criança
1909020	1910440	É ser arqueóloga
1910440	1910640	Tá?
1911120	1911800	Eu quase cheguei
1911800	1912260	Mas tu não pode
1912260	1913340	Tu não pode fazer
1913340	1913760	Um personagem
1913760	1914680	Que acha a urna
1914680	1915540	Que tranca
1915540	1916400	A tua própria personagem
1916400	1917800	Guachoverso
1917800	1919320	Muitas possibilidades
1919320	1920860	Muitas possibilidades
1920860	1921660	Só a dica
1921660	1922920	Só jogando
1922920	1924160	A gente só quer
1924160	1925460	Se enfiar nos episódios
1925460	1925920	Só isso
1925920	1928100	O próximo episódio
1928100	1928960	Eu acho que é o próximo
1928960	1930340	Se não me engano
1930340	1930860	Mês que vem
1930860	1931680	É
1931680	1933180	Eu fiz de tudo
1933180	1934000	Assim
1934000	1935560	Eu pensei em mil nomes
1935560	1936880	Mas ele é um episódio
1936880	1937600	Que se passa
1937600	1939500	Num mundo
1939500	1940100	Que já se repetiu
1940100	1940600	Muitas vezes
1940600	1941500	O episódio chama
1941500	1942360	Monster Chef
1942360	1943240	Então obviamente
1943240	1943640	Ele se passa
1943640	1944360	Na escola de monstros
1944360	1944820	Então se
1944820	1945060	Porra
1945060	1945700	Não posso chamar
1945700	1946680	Agatha por isso
1946680	1947320	Não posso chamar
1947320	1948420	Fulana por aquilo
1948420	1950200	Tal e tal e tal
1950200	1950980	Beleza
1950980	1951940	Acho que achei o time
1951940	1953020	Perfeito
1953020	1954340	Cinco minutos de gravação
1954340	1955480	Eu me toco
1955480	1956180	Que a jogadora
1956180	1957240	Tá conversando com a NPC
1957240	1958140	Que ela fez a voz
1958140	1958540	Eu sou
1958540	1959900	Ótimo
1959900	1960340	Vamos torcer
1960340	1961300	Vamos torcer
1961300	1962280	Que na edição fique certo
1962280	1963140	Vai dar bom
1963140	1964300	Peço desculpa
1964300	1965000	Porque eu sou burro
1965000	1965840	Próximo comentário
1965840	1966520	Maria Clara
1966520	1967580	Esse foi um ótimo
1967580	1968780	Presente de aniversário
1968780	1970040	Visto que fiz
1970040	1971400	Aniversário no dia 22
1971400	1972520	Muito parabéns
1972520	1973180	Maria Clara
1973180	1974620	Muitos anos de vida
1974620	1975860	E parabéns pra você
1975860	1976520	Oi Guaxa
1976520	1976980	Convidade
1976980	1977500	Ouvinte
1977500	1978820	E eu mesma
1978820	1979320	Do feed
1979320	1980380	Feliz aniversário pra mim
1980380	1981160	Feliz aniversário
1981160	1982600	Meu pai fez
1982600	1983420	Dia 21
1983420	1984200	Não sei se é 21
1984200	1985320	Sexta-feira foi 21
1985480	1986420	21
1986420	1987520	Meu pai fez
1987520	1989300	67 anos
1989300	1990360	No dia 21
1990360	1990900	É isso
1990900	1991680	Ele deve ter feito
1991680	1992240	Um pouco menos
1992240	1993120	No dia 22
1993120	1993860	Ele é de
1993860	1994220	É porque você
1994220	1995360	É no mínimo
1995360	1996080	Um dia mais nova
1996080	1997540	Ele é de câncer então
1997540	1999200	Em teoria sim
1999200	2001180	Porque tanto meu pai
2001180	2002400	Quanto a minha mãe
2002400	2004520	Eles são de um tempo
2004520	2006220	Que se registrava a criança
2006220	2007060	Um tempo depois
2007060	2010000	Então o pai acha
2010000	2011980	Que ele nasceu antes
2011980	2013700	Então ele seria de gêmeos
2013700	2014680	É não sei
2014680	2015460	A data de registração
2015480	2016580	O registro é
2016580	2017780	É 21
2017780	2018740	Não faço ideia
2018740	2019920	E a do batismo
2019920	2020800	Ele já conferiu?
2021220	2022320	Se é igual ou diferente?
2022940	2023740	67 anos
2023740	2024880	Não existe mais nada
2024880	2028000	A minha mãe tem uma data
2028000	2028480	De nascimento
2029060	2030600	E de ano registrado
2030600	2031460	Que assim
2031460	2032480	Ela oficialmente
2033400	2035600	Nasceu em 14 de dezembro
2035600	2036920	De 1944
2036920	2039080	Mas o registro dela
2039080	2040480	É 15 de dezembro
2041080	2041940	Como se ela tivesse nascido
2041940	2043000	Em 15 de dezembro
2043000	2044600	De 1943
2044600	2045460	Então ela tem
2045480	2046880	Ela só descobriu
2046880	2048320	Que era uma farsa
2048320	2048980	A vida dela
2048980	2050380	Quando ela foi se casar
2050380	2052180	Porque quando foi na igreja
2052180	2053520	Pra ver o batistério
2053520	2055400	Aí tinha essa data
2055400	2056000	Porque normalmente
2056000	2056980	Se batizava a criança
2056980	2058300	Cedinho né
2058300	2059040	Quando nascia
2059040	2060720	E aí a data correta
2060720	2061180	Era essa
2061180	2062000	É isso
2062000	2064040	Tem um caso de uma menina
2064040	2065360	Tem um caso de uma menina
2065360	2066920	Não sei quantos anos ela tem
2066920	2067860	15 ou 16
2067860	2069560	Quando ela foi fazer o RG
2069560	2070080	Ela descobriu
2070080	2070840	Que tinha outro nome
2070840	2072780	Porque sempre chamaram ela
2072780	2074200	Tipo o pai era pra ter
2074200	2075320	Resistado num nome
2075320	2075460	E ela não tinha
2075480	2077400	E daí porra
2077400	2077600	Sempre
2077600	2079720	Ninguém leu a porra do papel
2079720	2080120	Sei lá
2080120	2081920	E daí sempre chamaram ela
2081920	2082840	Pelo nome que ela deveria
2082840	2083660	Ter sido batizada
2083660	2084540	E tipo
2084540	2085060	É
2085060	2086400	No registro
2086400	2086640	Sei lá
2086640	2087740	Algumas letras diferentes
2087740	2088800	É quase o mesmo nome
2088800	2090400	Mas ela quando foi fazer o RG
2090400	2091120	Ela descobriu que o nome dela
2091120	2091520	Era outro
2091520	2092340	É isso
2092340	2093280	Uma loucura dessa
2093280	2094080	Mas vamos lá
2094080	2095120	Se perdeu
2095120	2096700	É
2096700	2098280	Você ia começar
2098280	2099560	A parte do spoiler
2099560	2100460	Da Maria Clara
2100460	2101800	Que tava cobertinha
2101800	2103100	Ah tá
2103100	2104560	Desde o áudio da Agatha
2104560	2105080	No início
2105080	2105460	Sabia que ela era
2105480	2106240	Sabia que ia ser bom
2106240	2107600	Aí veio a sinopse
2107600	2108480	Que me deixou curioso
2109100	2109500	Ah tá
2109500	2110380	Porque o áudio da Agatha
2110380	2111340	Foi a leitura de
2111340	2111840	Coment...
2111840	2112620	De...
2112620	2114640	Dicas de passagem
2114640	2115600	Perfeita, né?
2115660	2116340	Como sempre
2116340	2117200	Sim, ela
2117200	2118380	Ela gravou correndo
2118380	2119420	Pra um episódio passado
2119420	2121240	Mas eu fiquei com preguiça
2121240	2121600	Tipo
2121600	2122060	Eu disse
2122060	2122400	Ah pessoal
2122400	2123340	Preciso de uma nova
2123340	2124380	Tô com repetida aqui
2124380	2125500	E daí mandei
2125500	2126580	Achei que ninguém ia gravar
2126580	2127600	E daí eu usei de novo
2127600	2128120	Da Rebel
2128120	2129420	E no fim ela disse
2129420	2130500	Pô, mas eu gravei aqui
2130500	2131540	Não, então vai pro próximo
2131540	2132620	E acho
2132620	2134020	Ficou um episódio bem bacana
2134020	2134680	Assim ficou bem
2134680	2135320	Bem...
2135320	2136460	Encaixou mais até
2136460	2137120	Então
2137120	2138120	Eu acerto
2138120	2138980	Mesmo quando eu erro
2138980	2139660	E obviamente
2139660	2140800	Quem acertou mais ainda
2140800	2142120	Foi a leitura incrível
2142120	2142840	Da Agatha
2142840	2144080	Aí veio a sinopse
2144080	2145400	E me deixou curioso
2145400	2146080	Logo depois
2146080	2147760	Zorzal como jogador
2147760	2148940	Fiquei hiper ansiosa
2148940	2149680	Para continuar
2149680	2150780	Esse mistério
2150780	2151660	Primeiro eu pensei
2151660	2152440	Que tinha alguma coisa
2152440	2153660	Relacionada à caixa de Pandora
2153660	2154280	Da mitologia
2154280	2155260	Depois
2155260	2156500	Pensei em Tulê Azul
2156500	2157620	Acho que escrevi errado
2157620	2158880	Não sei como escrevo também
2158880	2159920	Pensei faz tempo
2159920	2160800	Por fim
2160800	2161620	Ao ouvir
2161620	2162800	Uma querida Shelly
2162800	2163400	Eu entendi
2163400	2164380	Nunca pensei
2164380	2164920	Que ia sentir saudade
2165320	2165940	Da boba
2165940	2166900	Que assusta
2166900	2167700	E me fascina
2167700	2168520	Ao mesmo tempo
2168520	2169400	A todos nós
2169400	2170660	Hoje tenho algumas perguntas
2170660	2171680	A boba tem alguma relação
2171680	2172500	Com Tulê Azul?
2172680	2173020	Não
2173020	2174500	O que exatamente aconteceu
2174500	2175340	Com o colecionador?
2175520	2175820	Morreu
2175820	2177180	A boba matou ele
2177180	2178160	Se apossando de alguém
2178160	2179660	Ou se apossando dele?
2180060	2181160	Se apossando dele
2181160	2181900	Qual a relação
2181900	2182600	Daquela criança
2182600	2183380	Com a boba?
2183720	2184240	É a boba
2184240	2185580	É o lado bom dela
2185580	2186900	Meio desnorteada
2186900	2187740	Como a própria boba
2187740	2188340	Mas ainda
2188340	2189500	Era o lado bom dela
2189500	2190160	Por fim
2190160	2191120	Agradeço por esse episódio
2191120	2192160	Zorzal foi o dobro
2192160	2193080	Do que ele já é
2193080	2193680	Sim
2193680	2194760	Porque ele editou
2194760	2195220	E jogou
2195220	2196580	E oferece um pedaço
2196580	2197060	Do meu bolo
2197060	2198020	De sonho no sonho
2198020	2199320	Meu bolo
2199320	2199880	De sonho
2199880	2200900	Sonho de valsa
2200900	2201620	Para cada um
2201620	2202540	Que esteve aqui
2202540	2203900	Um beijo a todos
2203900	2204620	E até a próxima
2204620	2205220	Um beijo
2205220	2205880	E até a próxima
2205880	2206280	Querida
2206280	2207280	Um beijo
2207280	2208300	E agora
2208300	2209040	Eu vou ler
2209040	2210420	A maravilhosa
2210420	2211600	Perfeita
2211600	2212820	A deusa
2212820	2214500	Agatha Sofia
2214500	2215980	Olá Guaxa
2215980	2218280	E Ju Maravilhosidade
2218280	2218940	Nossa
2218940	2220340	Recebo
2220340	2221400	O episódio
2221400	2222680	Está ótimo
2222680	2223440	Parabéns
2223440	2224560	A todos os envolvidos
2224560	2224680	Só
2224680	2225200	Um beijo
2225200	2227280	Nunca me chamaram
2227280	2227540	Nunca me chamaram assim
2227540	2228200	Queria registrar
2228200	2229160	É porque eu acho
2229160	2229920	Que você é o Guaxa
2229920	2231260	Ia ficar meio esquisito
2231260	2232560	Mas já definiram
2232560	2234520	Que Juvidade
2234520	2235320	É maior que Guaxa
2235320	2235560	E aí?
2235840	2236020	Não
2236020	2237580	Juvidade
2237580	2239260	É maior do que
2239260	2240800	Guaxavidade
2240800	2241960	Diferente
2241960	2242860	Guaxa
2242860	2243640	É único
2243640	2244380	Exatamente
2244380	2244640	Ok
2244640	2245480	Guaxa
2245480	2246420	Você venceu
2246420	2247520	Você venceu
2247520	2248080	Prossega
2248080	2249680	O episódio está ótimo
2249680	2251440	Parabéns a todos os envolvidos
2251440	2252280	Mas
2252280	2253080	Pô
2253080	2253900	Poxa
2253900	2254580	As piadas
2254580	2255040	Da moça
2255040	2255180	Do nosso
2255200	2255720	Necrotério
2255720	2256720	Foram ótimas
2256720	2257880	Eu amei
2257880	2258800	Estaria rindo
2258800	2259680	Muito ali
2259680	2260600	Agatha
2260600	2261720	Eu vou deixar você
2261720	2263480	Fazer o que você quiser
2263480	2264000	Comigo
2264000	2265080	Pra eu me redimir
2265080	2265660	Tá?
2266120	2266840	Não faz isso
2266840	2267040	Tá?
2267160	2268500	Eu amei
2268500	2269540	Estaria rindo
2269540	2270240	Muito ali
2270240	2271340	E provavelmente
2271340	2272460	Desenvolveria
2272460	2273340	Uma crush
2273340	2274420	Porque sou eu
2274420	2275540	Tinha corpos
2275540	2276240	Em autópsia
2276240	2277040	Nessa aventura
2277040	2278180	Mas os verdadeiros
2278180	2278940	Sem coração
2278940	2280240	Foram os jogadores
2280240	2281320	Ha ha ha ha ha
2281320	2282240	Beijos
2282240	2283400	Exatamente
2283400	2284080	Agatha
2284080	2284720	Exatamente
2284720	2285040	Poxa
2285040	2285640	Poxa vida
2285640	2287240	Eu senti agora
2287240	2287620	Assim
2287620	2289540	O pouquinho de humanidade
2289540	2290360	Que existe em mim
2290360	2290980	Se esvair
2290980	2292240	Poxa vida
2292240	2293000	Assim
2293000	2294380	Quem te criticou
2294380	2295320	Foi a pessoa
2295320	2296200	Que se apaixonaria
2296200	2296920	Pela doida
2296920	2297700	Da Madison
2297700	2298620	Num necrotério
2298620	2299480	Quem se apaixona
2299480	2301080	Num necrotério
2301080	2302340	Por alguém que abraça
2302340	2303040	E faz carinho
2303040	2304000	No desfonte
2304000	2304400	É
2304400	2305140	Agatha
2305140	2305500	Sim
2305500	2306580	E eu passo o pano
2306580	2307020	Pra ela
2307020	2308520	Lava o cozinho
2308520	2309560	Tá bom
2309560	2311000	Ha ha ha ha
2311000	2312880	Próximo comentário
2312880	2313620	Ulder
2313620	2314680	Nosso querido Ulder
2314680	2314880	Coloca o seu comentário
2314880	2315000	Coloca o seu comentário
2315040	2315520	Salve
2315520	2316740	Guaxamunidade
2316740	2318200	E Guaxamix
2318200	2319740	Que episódio tenso
2319740	2320780	E divertido
2320780	2321880	Ao mesmo tempo
2321880	2322780	Piadas incríveis
2322780	2323460	Da Madison
2323460	2323860	Porra
2323860	2324440	Gostou das piadas
2324440	2325120	Da Madison
2325120	2325680	Ó Tati
2325680	2326580	Não é que a boba
2326580	2327460	Tem senso de humor
2327460	2328040	Porra
2328040	2328780	É o trabalho dela
2328780	2329560	Não é uma boba
2329560	2330600	Mais uma dúvida
2330600	2331400	Em que momento
2331400	2331920	Se descobre
2331920	2332540	Que o outro corpo
2332540	2333080	Necrotério
2333080	2334300	Era um agente
2334300	2335300	Da Interpol
2335300	2336660	O nome do outro corpo
2336660	2337520	Era Jonathan
2337520	2338920	No telefone
2338920	2339980	O chefe fala
2339980	2341180	Pede pro Jonathan
2341180	2341700	Subir
2341700	2343160	E pegar uma caixa
2343160	2344000	De fusível
2344000	2344880	Alguma coisa assim
2344880	2345560	Ele
2345560	2347420	Aí eles se tocam
2347420	2348740	Quem era pra estar ali
2348740	2349420	Era o Jonathan
2349420	2350600	Eu não imaginei
2350600	2350840	Ele
2350840	2351320	Assim
2351320	2352380	Ele não era um agente
2352380	2352860	Da Interpol
2352860	2353880	Ele era o cara responsável
2353880	2354600	Pelo necrotério
2354600	2356300	Mas foi o salto lógico
2356300	2357540	Que o Zorzal fez
2357540	2358360	E
2358360	2358640	Pô
2358640	2359220	O personagem dele
2359220	2359960	É um superduto
2359960	2361160	Detetive
2361160	2362140	Inteligente
2362140	2363320	Ele deve estar mais certo
2363320	2363640	Que eu
2363640	2364840	Mas basicamente
2364840	2365800	Foi quando o cara falou
2365800	2367220	Pede pro Jonathan
2367220	2367660	Subir
2367660	2368620	E eles se tocaram
2368620	2369500	Que o corpo
2369500	2370500	É que se chamava Jonathan
2370500	2371700	Faltou só
2371700	2373520	A parte que ele agradece
2373520	2373900	Guaxa
2373900	2374720	Você pulou
2374720	2375420	Eu pulei
2375420	2376080	É o grande beijo?
2376160	2376360	Não
2376360	2377120	Guaxa
2377120	2378260	Jogadores e edição
2378260	2379100	Sempre incríveis
2379100	2379800	Ah tá
2379800	2380220	Desculpa
2380220	2380880	Guaxa
2380880	2381520	Jogadores e edição
2381520	2382280	Sempre incríveis
2382280	2384560	666%
2384560	2385680	Pra cada um de vocês
2385680	2386880	Biscoitos em formato
2386880	2387500	De etiqueta
2387500	2388640	Do dedão do pé
2388640	2389420	Ok
2389420	2390740	Grande beijo
2390740	2391900	Sabe de luz
2391900	2393100	E força a todos
2393100	2393980	Obrigado pelo comentário
2393980	2394400	Querido
2394400	2395360	Obrigadinha
2395360	2397440	Barman da taberna
2397440	2398880	Olá a todos
2398880	2400220	Hoje o drink especial
2400220	2400940	É o
2400940	2402140	Urna aberta
2402140	2403480	Pra quem quiser
2403480	2404100	Pra quem
2404100	2404680	Quer
2404680	2405680	Despertar
2405680	2406720	Uma personalidade
2406720	2407420	Mais boba
2407420	2408120	Dentro de si
2408120	2408820	Saúde
2408820	2409580	Saúde
2409580	2410060	Um brinde
2410060	2410520	Barman
2410520	2411300	Saúde
2411300	2411960	Essa foi boa
2411960	2412800	Boa
2412800	2413440	Próximo comentário
2413440	2414480	Caio Lourenço
2414480	2415140	Que colocou
2415140	2415760	Olá
2415760	2416660	Guaxa people
2416660	2417560	Eu olhei
2417560	2418600	O grupo de spoilers
2418600	2419700	Antes de ouvir
2419700	2420400	O episódio
2420400	2421620	Então fui escutando
2421620	2422560	Sabendo que a Shelly
2422560	2423060	Era boba
2423060	2423400	Porra
2423400	2423980	Então estragou
2423980	2424540	A história
2424540	2425540	Só posso dizer
2425540	2426240	Que isso aumentou
2426240	2427340	Meu nível de cagaço
2427340	2428900	Toda aquela fala dela
2428900	2429880	Eu só conseguia sentir
2429880	2430660	Medo
2430660	2432000	Para não invocar
2432000	2432500	Ver mais
2432500	2432960	Vou dizer
2432960	2433920	O que achei do episódio
2433920	2434660	Jogadores
2434680	2436020	Eles são na próxima mensagem
2436020	2437280	Já que a regra
2437280	2438160	É a mesma pessoa
2438160	2438800	A gente lê
2438800	2439500	Então
2439500	2440420	Ele escreveu
2440420	2441080	No próximo comentário
2441080	2441660	Top
2441660	2442680	Muito bem
2442680	2443440	Muito bem
2443440	2444200	Tá bom
2444200	2445460	Eu vou ler agora
2445460	2446540	O comentário
2446540	2448000	Do queridíssimo
2448000	2448800	Do Jean
2448800	2450500	Que eu vou inclusive ler
2450500	2451700	Tentando esquecer
2451700	2452800	Que é um
2452800	2453560	TCC
2453560	2454280	Praticamente
2454280	2455520	Que ele escreveu
2455520	2456900	Boa noite Guaxa
2456900	2458500	Café convidada
2458500	2459400	E Guaxate
2459400	2460400	Boa noite Jean
2460400	2461340	Que tensão
2461340	2462120	Nesse episódio
2462120	2462440	Em
2462440	2463320	Terror
2463320	2463920	São sempre
2463920	2464660	Meus queridinhos
2464660	2465620	A combinação
2465620	2466520	Guaxa
2466520	2467540	Mais Orzal
2467540	2468700	É infalível
2468700	2469720	De fato
2469720	2470640	A edição
2470640	2471560	Ficou
2471560	2473020	Ficou incrível
2473020	2474320	Queria parabenizar
2474320	2475240	A Tati Kafka
2475240	2476080	Essa querida
2476080	2477260	Com quem já tinha jogado
2477260	2478440	Com ela aqui na taberna
2478440	2479180	Já sabia
2479180	2479960	De muito tempo
2479960	2480820	Que era peça boa
2480820	2481440	Para um episódio
2481440	2482220	Do RP Guaxa
2482220	2482980	Obrigada Jean
2482980	2483960	Parabenizar
2483960	2484840	Meu amigo Zorzal
2484840	2485960	Que joga interpretando
2485960	2486680	Como ninguém
2486680	2488220	E edita
2488220	2489140	Igualmente foda
2489140	2490580	O homem é uma máquina
2490580	2491840	E parabenizar
2491840	2492400	O Tiki
2492400	2493400	Que sempre faz
2493400	2494220	Bem bagarai
2494220	2495440	Esses personagens
2495440	2496420	Carrancudos
2496420	2497160	E durões
2497160	2498800	Ou policiais
2498800	2499560	Barra agentes
2499560	2500400	Meio malucos
2500400	2501640	E prestes a se ferrar
2501640	2502120	Na vida
2502120	2503440	Ha ha ha ha ha
2503440	2504980	Eu acho muito bom
2504980	2505980	Na mão dele
2505980	2507000	Esses personagens
2507000	2508280	Carinha sorrindo
2508280	2509300	E parabenizar
2509300	2510020	A Shelly
2510020	2511100	Que sempre mostra
2511100	2512100	Uma nova faceta
2512100	2512880	Dessa personagem
2512880	2513780	Tão icônica
2513780	2514360	Amada
2514360	2514980	E temida
2514980	2515820	Do guaxaverso
2515820	2516660	Que não existe
2516660	2518040	É impressionante
2518040	2518720	Como a boba
2518720	2519400	Sempre
2519400	2520480	Sempre
2520480	2522100	Soa sedutora
2522100	2523220	E apavorante
2523220	2524180	Ao mesmo tempo
2524220	2525660	Uma pergunta só
2525660	2526140	Guaxa
2526140	2527300	Relacionada
2527300	2528160	A essas benditas
2528160	2528740	Cartinhas
2528740	2529260	Que tu tem
2529260	2530040	A disposição
2530040	2530800	Aí na leitura
2530800	2531540	De comentários
2531540	2533540	Se uma dessas cartas
2533540	2534500	Fosse um coringa
2534500	2535200	De baralho
2535200	2536020	Uma carta
2536020	2536600	Da boba
2536600	2537560	Que efeito
2537560	2538120	Ela teria
2538120	2539300	Na gravação
2539300	2540180	Do guaxaverso
2540180	2541280	É pro meu TCC
2541280	2542220	E aí guaxa
2542800	2543380	Que efeito
2543380	2544120	Uma carta
2544120	2545180	Do baralho
2545180	2545860	Da boba
2545860	2547340	Faria na leitura
2547340	2548420	Do guaxaverso
2548420	2549240	Faria
2549240	2550900	Todas as cartas
2550900	2551520	Do guaxaverso
2551520	2551840	Faz
2551840	2552860	Uhum
2552860	2554200	Eu acho
2554220	2554640	Acho que também
2554640	2555500	Tem que parar tudo
2555500	2556240	E chamar a Shelly
2556240	2557700	Ah podia ser né
2557700	2558340	Podia ser
2558340	2558960	Parar tudo
2558960	2559600	E chamar a Shelly
2559600	2560680	Mas não
2560680	2561820	Normalmente ela faz
2561820	2562780	Que o
2562780	2564080	Quem tá lendo
2564080	2564720	O comentário
2564720	2565200	Troque
2565200	2566280	A Agatha tá dizendo
2566280	2567300	Ela controlaria
2567300	2568640	O cemitério do inimigo
2568640	2569960	A Amanda que falou
2569960	2570720	Que tem que parar tudo
2570720	2571480	E chamar a Shelly
2571480	2572980	Controlaria o cemitério
2572980	2573340	Do inimigo
2573340	2573700	É uma boa
2573700	2574260	Não
2574260	2576260	É isso
2576260	2577380	Mais uma leva
2577380	2578140	De personagens
2578140	2579060	Traumatizados
2579060	2579820	Por histórias
2579820	2580800	Com a boa no meio
2580800	2582680	Dos que sobraram vivos
2582680	2583940	Vou falar
2583940	2585620	Com o Caio Lourenço
2585620	2587420	E o Luco Borges
2587420	2588860	Pra gente fazer
2588860	2589640	Uma relação
2589640	2590440	De personagens
2590440	2591560	Que já interagiram
2591560	2592140	Com a Boba
2592140	2593220	E sobreviveram
2593220	2594360	Algum dia
2594360	2595160	Alguém vai fazer
2595160	2596100	Uma força tarefa
2596100	2596780	Com essa galera
2596780	2597700	KKKKK
2597700	2598580	E a Boba
2598580	2599780	Vai matar todos eles
2599780	2601120	Grande abraço
2601120	2602140	A todes
2602140	2603560	Ainda bem
2603560	2604140	Que tu já sabe
2604140	2604560	Do final
2604560	2605080	Então não precisa
2605080	2605840	Me contar essa história
2605840	2606640	Porque já é um spoiler
2606640	2608740	Obrigado pelo seu comentário
2608740	2609020	Jean
2609020	2609900	E assim
2609900	2611880	Vamos fazer um teste aqui né
2611880	2612380	Eu tenho aqui
2612380	2613420	Uma cara da Boba
2613420	2614580	Eu vou virar
2614580	2615580	E ver o que acontece
2615580	2616320	Tati
2616320	2617780	Você pode ler o próximo comentário
2617780	2618520	É isso
2618520	2619540	Eu vou só tomar
2619540	2620240	Um golinho d'água
2620240	2621020	Trouxe sua água
2621020	2621580	Guaxa
2621580	2622660	Eu já tô
2622660	2623280	Com a minha voz
2623280	2623940	Eu tô tossindo aqui
2623940	2624660	Eu tô me perdendo
2624660	2625740	Tomando
2625740	2626340	Muito bem
2626340	2627780	E eu vou ler agora
2627780	2629240	O comentário do
2629240	2631180	Bardo Petis
2631180	2632340	Bom dia
2632340	2633200	Boa tarde
2633200	2634240	Boa noite
2634240	2635660	Guaxa humanidade
2635660	2637740	A voz dessa linda moça
2637740	2638260	Shelly
2638260	2639380	Mexe com o coração
2639380	2640300	De todes né
2640300	2641380	Inclusive
2641380	2643140	Me trouxe sentimentos
2643140	2643700	Que usei
2643700	2644960	Para escrever os versos
2644960	2645640	Que seguem
2645640	2646360	Mas assim
2646360	2647120	Até onde eu sei
2647120	2648420	Shelly tá solteira
2648420	2651300	Mas não incomodem ela
2651300	2652080	Pelo amor de Deus
2652080	2653240	Que amigo gente
2653240	2653900	Que amigo
2653900	2655120	A chuva
2655120	2656000	Dá o tom
2656000	2657380	Da história contada
2657380	2659020	Um tema sombrio
2659020	2660900	Registros perdidos
2660900	2662720	Necrotério tão frio
2662720	2664620	Ainda mais com esse trio
2664620	2666220	Dentro de corpos
2666220	2667380	A voz ecoa
2667380	2669060	Encontraram um dilema
2669060	2670360	Uma moça boba
2670360	2672140	Acreditem no computador
2672140	2673120	Urnas perdidas
2673140	2674800	Guardam o horror
2674800	2676320	Garota suspeita
2676320	2678140	Uma boneca na espreita
2678140	2679580	Saiam logo daí
2679580	2681040	Tratem de fugir
2681040	2682900	Uma voz que os faz tremer
2682900	2684540	Será que vão sobreviver?
2685080	2686420	Mexem com poderes
2686420	2688360	Arquivam seus deveres
2688360	2690540	Instigam antigas feridas
2690540	2693040	Extraem informações perdidas
2693040	2694680	Recuperam no fim
2694680	2696040	Suas vidas
2696040	2698380	Parabéns
2698380	2699240	Bardo Petis
2699240	2699880	Ficou
2699880	2700840	Incrível
2700840	2701900	Respondendo o Jean
2701900	2702980	A carta da boa-vinda
2702980	2704840	A boba faz o convidado ler
2704840	2706660	Uma peça de arte
2706660	2707840	Foi o caso do que o Bardo
2707840	2708700	Trouxe pra gente
2708700	2709720	Então tá respondendo
2709720	2710260	É isso
2710260	2711160	Parabéns, Bardo
2711160	2712900	Um dos meus favoritos, tá?
2713120	2713680	Fiquei feliz
2713680	2714880	Último comentário
2714880	2716740	Foi do Gabriel Balardino
2716740	2717320	Que coloca
2717320	2718020	Olá, guacha
2718020	2719120	Juvindade
2719120	2719940	E ouvinte nente
2719940	2720360	Tudo bem?
2720520	2720920	Tudo bem
2720920	2722040	Tempestade incrível
2722040	2722540	Lindo
2722540	2724140	E cheio de pontas soltas
2724140	2724700	Porra
2724700	2726420	No bom sentido, eu espero
2726420	2727840	A boba é sempre um evento
2727840	2728980	Que quando aparece
2728980	2730000	Ah, de novo
2730000	2730900	A boba é sempre um evento
2730900	2731520	Quando aparece
2731520	2732680	Quanto tempo demorou
2732680	2733620	Para os jogadores perceberem
2733620	2734580	Que era a boba
2734580	2735860	Porque pra gente
2735860	2736560	A voz da série
2736560	2737560	Logo entrega
2737560	2738240	Acho que só
2738240	2739540	Quando teve a música do final
2739540	2740640	Porque daí os três
2740640	2742080	Que não riram de nenhuma piada
2742080	2743160	Eles fizeram
2743160	2743800	Uou
2743800	2744700	Uma coisa assim
2744700	2745100	Não foi?
2745540	2745980	Isso
2745980	2747940	Quem prendeu a boba na urna
2747940	2748440	Foi o Dante?
2748580	2749300	Não foi o Dante
2749300	2750300	Cheguei tarde
2750300	2751020	Correndo
2751020	2752400	E deixo um beijo para todos
2752400	2753380	Que venham para a taberna
2753380	2754140	Assim é
2754140	2756840	Já tinha passado o horário combinado
2756840	2758140	Mas seu Balardino
2758140	2758980	Você tem crédito
2758980	2760260	Muito obrigado a todo mundo
2760260	2761440	Que deixou comentário
2761440	2762120	No episódio
2762120	2762660	Que deixou comentário
2762680	2763560	Quero perguntar para a Tati
2763560	2764960	Qual o atributo favorito dela?
2765360	2765840	Três
2765840	2767160	Você já fez
2767160	2768360	Mais de um NPC?
2768920	2769240	Já
2769240	2769920	Já fiz
2769920	2771080	Já fiz alguns
2771080	2772300	Já
2772300	2773880	Quanto gostou mais de ter feito?
2774300	2774720	Ixi
2774720	2776060	Minha memória
2776060	2777020	Está apelando
2777020	2777880	Para a coisa errada
2777880	2779080	Aqui do ser humano
2779080	2780380	Eu só guardo
2780380	2781860	Informações irrelevantes
2781860	2782340	Na mente
2782340	2782760	Entendeu?
2783240	2783560	Nada
2783560	2785440	Isso não inclui os NPC?
2786060	2786500	Não
2786500	2787680	Eles são extremamente relevantes
2788660	2789340	Então não
2789340	2789600	Também
2789600	2790240	Também
2790240	2791700	Tem prioridades estranhas
2791700	2792160	Tem
2792680	2793920	Eu falei lá no início
2793920	2794700	Eu sou coisada
2794700	2796420	Dos personagens
2796420	2797160	Por favor te falar
2797160	2797560	Desculpa
2797560	2798000	Não
2798000	2798480	Só isso
2798480	2799580	Eu não me
2799580	2800060	Assim
2800060	2801360	Eu gostei de fazer
2801360	2802660	Todos assim
2802660	2804560	É tudo sempre muito
2804560	2805640	Diverso
2805640	2805920	E assim
2805920	2806780	Como se você dá só
2806780	2808180	Algumas pistas
2808180	2809760	A gente fica tentando adivinhar
2809760	2810860	Qual vai ser
2810860	2811720	O melhor
2811720	2812760	O melhor tom
2812760	2813220	Para
2813220	2814200	É legal
2814200	2814520	É legal
2814520	2815160	Gravar fotos
2815160	2818300	Personagens que os jogadores fizeram
2818300	2819720	Nesses seis anos de RPG
2819720	2821560	Qual é o seu favorito?
2821840	2822660	Personagens que os jogadores fizeram
2822680	2824680	Ixi
2824680	2825720	Mesma
2825720	2826740	Mesma coisa
2826740	2828800	Mente de peixinho dourado
2828800	2830320	É sério, gente
2830320	2831340	É sério
2831340	2832160	Mas
2832160	2834040	Eu posso dizer que
2834040	2835380	Eu gostei muito
2835380	2836920	Do trio
2836920	2838400	Do personagem
2838400	2840120	O trio que jogou com
2840120	2841580	Nutel
2841580	2843080	Eu achei muito fofo
2843080	2843920	As crianças
2843920	2844660	Sim
2844660	2845840	Acho que foi o
2845840	2846480	Danilo
2846480	2847240	A
2847240	2848600	Acho que a Ju
2848600	2849320	Sim
2849320	2851140	Achei muito fofo
2851140	2851580	Como eles
2851580	2852660	Como eles interpretaram
2852660	2853100	Sim
2853100	2854620	Foi realmente muito
2854620	2855460	NPC
2855460	2856140	Tem algum NPC
2856140	2856960	Que te desmarcou?
2857440	2857960	Dos outros?
2858400	2858780	NPC
2858780	2860360	Acho que todo mundo ama
2860360	2861800	E teme
2861800	2862680	A boba
2862680	2863520	Assim
2863520	2864680	Sem dúvida nenhuma
2864680	2866000	Você já estreou bem então
2866000	2866500	Sim
2866500	2866980	Sim
2866980	2868120	Eu já estreei
2868120	2868980	Em grande estilo
2868980	2869920	Amiga dela, né?
2870160	2870880	Saíram
2870880	2872080	BFF
2872080	2872740	BFF
2872740	2873260	Sim
2873260	2874180	Sim, sim
2874180	2875560	Muito BFF
2875560	2876940	Mas eu gosto também
2876940	2877940	Do personagem
2877940	2879880	Dos personagens do Natal
2879880	2881300	Impossível não amar
2881300	2882160	Tirando
2882160	2883960	Os dois que jogaram contigo
2883960	2885780	O Zorzal e o Tiki
2885780	2887240	E diz duas pessoas
2887240	2888280	Que já jogaram
2888280	2889660	RPG Guaxa
2889660	2890860	E que tu queria jogar junto
2890860	2891920	Antes de dizer
2891920	2893320	Eu queria só fazer um disclaimer
2893320	2894300	Que essa é a hora
2894300	2895420	Em que a gente estreita
2895420	2896900	Amizade com duas pessoas
2896900	2898880	E faz 600 inimigos
2898880	2900060	É quase isso, né?
2900400	2900760	Exato
2900760	2901620	É pra isso que tá aqui
2901620	2902220	Só
2902220	2902620	Só registrando
2902620	2902780	Assim
2902780	2904940	Você pode não responder
2904940	2906100	E acontecer
2906100	2906820	Da minha memória
2906820	2907700	De peixinho dourado
2907700	2908420	Por te deixando lá
2908420	2909140	Pro final da lista
2909140	2910100	E demorar
2910100	2911180	Se agravar de novo
2911180	2912120	Mas assim
2912120	2913440	É uma escolha
2913440	2913700	Bom
2913700	2914480	Assim
2914480	2915620	É uma escolha
2915620	2917160	Que meio que não é uma escolha, né?
2917220	2917600	A gente assim
2917600	2919060	É meio que tolhido
2919060	2920240	A dar uma resposta
2920240	2921080	Talvez
2921080	2922080	Mas assim
2922080	2922540	Eu
2922540	2923600	Alguém
2923600	2925260	Com quem eu gostaria de jogar
2925260	2926560	Tem uma pessoa
2926560	2927120	Que eu já
2927120	2928940	Que já mestrou pra mim
2928940	2931060	Eu já mestrei pra ele
2931060	2932820	Mas a gente ainda
2932820	2935000	Não jogou junto
2935000	2936040	Que é
2936040	2937060	O Trota
2937060	2939100	Eu já mestrei pra ele
2939100	2939680	Trota
2939680	2940160	Pra mim
2940160	2941540	E a gente ainda
2941540	2941900	Não jogou junto
2942120	2943560	O primeiro nome
2943560	2944520	Ele é sempre mais fácil
2944520	2945340	De dizer, né?
2945760	2946300	O segundo
2946300	2947560	É onde a gente faz
2947560	2948760	A inimizade, né?
2949200	2950300	Com todas as pessoas
2950300	2951060	Do universo
2951060	2952300	Mas
2952300	2953940	Deixa eu ver aqui
2953940	2955020	Colocar aqui
2955020	2955900	A deusa, né?
2956280	2957460	Que aí não é tanto assim
2957460	2957980	Inimizade
2957980	2958880	Quem não quer jogar
2958880	2959840	Com a Agatha, né?
2960340	2960960	Agatha Vidade
2960960	2961380	Ou Ju Vidade?
2961420	2961760	Mentira
2961760	2963340	Então tá
2963340	2965100	Trota, Tati e Agatha
2965100	2966200	Qual seria o tema?
2967340	2967720	Olha
2967720	2968920	Eu gosto muito
2968920	2970540	De fantasia
2970540	2972000	Gosto de coisinhas
2972000	2972400	Leves
2972400	2973120	De coisa difícil
2973120	2974100	Já basta a vida
2974100	2975180	Mas poderia
2975180	2976080	Ser terror
2976080	2976640	Já errei
2976640	2977940	Te jogando contra a boba, então
2977940	2978400	Não
2978400	2980160	A boba é perfeita
2980160	2981220	Mas pode ser terror também
2981220	2982000	Quando eu digo fantasia
2982000	2982860	Assim, é coisas que
2982860	2984500	Puxem para algo
2984500	2985580	Fantástico
2985580	2986440	É, fantástico
2986440	2987420	O fantástico
2987420	2988620	Agatha Vidade
2988620	2989740	Como a Agatha colocou
2989740	2990260	É isso
2990260	2991320	Isso
2991320	2992360	E me corrigiram ali também
2992360	2993400	Danilo faz a voz do
2993400	2994020	Theo
2994020	2995440	Quem é o terceiro jogador
2995440	2996360	É a Fê Cortez
2996360	2997000	Maravilhosa
2997000	2997660	É verdade
2997660	2999680	Tati, então as pessoas
2999680	3001020	Só te acham na taberna, né?
3001140	3001480	Isso
3001480	3002520	Conversando a bobrinha
3002520	3002840	Mas em que grupo
3002840	3003580	Tu participa lá?
3003940	3005020	Ah, normalmente
3005020	3006180	A gente está ali pelo
3006180	3007860	Na taberna mesmo, né?
3007920	3009100	Falando com todo mundo
3009100	3011740	Ou no grupo de spoilers também
3011740	3013940	Conversando bobagem
3013940	3015220	É por onde mais a gente
3015220	3016480	Mas também eu estou no
3016480	3019660	Somewhere Over the Rainbow, né?
3019760	3019960	Que
3019960	3023120	Comunidade LGBTQIAP
3023120	3024340	N mais
3024340	3025640	E também
3025640	3028700	O grupo das meninas, né?
3029100	3030960	Proibido para todos os meninos
3030960	3031460	E também
3031480	3032740	O grupo também dos guaxinins
3032740	3034060	Neurodivergentes
3034060	3036040	A gente também está por lá
3036040	3037060	Se apoiando
3037060	3037820	Conversando
3037820	3038560	Sobre as nossas
3038560	3040300	Peculiaridades
3040300	3041980	E eu já pensei
3041980	3043340	Em entrar no grupo também
3043340	3044240	Onde se conversa
3044240	3045140	Sobre anime
3045140	3045920	Essas coisas
3045920	3046960	Mas eu acho que vai ser
3046960	3047860	Muito perigoso
3047860	3048520	É um caminho
3048520	3049440	Meio sem volta
3049440	3050080	Eu estou
3050080	3051020	Eu estou sentindo isso
3051020	3052180	Eu não devia ter começado
3052180	3052780	One Piece
3052780	3053700	Estou sentindo que
3053700	3054620	É um caminho meio
3054620	3056280	Não, lá é perigoso
3056280	3057100	É perigoso
3057100	3058020	Entrei lá hoje
3058020	3059660	Ganhei uma recomendação
3059660	3060020	Estou
3060020	3060520	Estou
3060520	3060840	É
3060840	3061460	Estou
3061460	3062420	Próxima temporada
3062420	3063320	Já tem um anime para ver
3063320	3064320	A gente fica sem saber
3064320	3065640	O que é que vai fazer da vida, né?
3065820	3066720	Onde que vai arranjar tempo
3066720	3067220	Muito difícil
3067220	3067880	É isso
3067880	3068740	Sem o medo
3068740	3069580	É isso
3069580	3070300	Complicado
3070300	3072280	Mas tem muitos grupos incríveis
3072280	3073280	Então, por favor
3073280	3074860	Se você ainda não apoia
3074860	3075560	Esse projeto
3075560	3076220	Incrível
3076220	3076680	Lindo
3076680	3077520	Se você quer conhecer
3077520	3078900	Pessoas maravilhosas
3078900	3080620	Para jogar a conversa fora
3080620	3081640	Para jogar RPG
3081640	3083920	Ou só para compartilhar
3083920	3085140	Um pouquinho da sua vida
3085140	3086460	Venha para cá
3086460	3087880	É o lugar mais quentinho
3087880	3089000	E amoroso
3089000	3090520	Da internet
3090520	3091320	Perfeito
3091320	3092680	E quero agradecer
3092680	3093180	A todo mundo
3093180	3093840	Deixou comentário
3093840	3094220	Deixar
3094220	3095780	Agradecer aos padrinhos
3095780	3097320	Que fazem esse cantinho da internet
3097320	3099120	Realmente existir, né?
3099520	3100680	Tem pessoas maravilhosas
3100680	3101560	Em todos esses grupos
3101560	3102520	Sou muito feliz
3102520	3103860	De ter reunido essas pessoas
3103860	3106180	Eu não mereço
3106180	3106660	Todos vocês
3106660	3107840	Que são maravilhosos
3107840	3108780	Agradeço, então
3108780	3109660	A quem é novo padrinho
3109660	3110980	A quem é velho padrinho
3110980	3111740	A quem
3111740	3112580	Queria apoiar
3112580	3113200	Mas não pode
3113200	3114140	Eu sei que não está de fácil
3114140	3114600	Para ninguém
3114600	3116100	A todo mundo que ouviu
3116100	3116520	Até aqui
3116520	3117500	Muita gente não escuta
3117500	3118020	Mas está aberto
3118020	3119300	Então agradeço demais
3119300	3119900	Agradeço a pessoa
3119900	3120820	Que está ao vivo
3120820	3122180	Aqui os padrinhos
3122180	3122940	Pelo Discord
3122940	3124120	A Amanda
3124120	3125800	Uma pessoa chamada Big
3125800	3127260	O Caio Lourencio
3127260	3128460	A Fabi Belo
3128460	3129940	A própria Kafka, né?
3129980	3130540	O Luco
3130540	3131540	O Ulder
3131540	3133060	E a Agatha
3133060	3134600	Então muito obrigado
3134600	3135720	A todos vocês
3135720	3137220	O RB Guaxa só existe
3137220	3138460	Porque vocês existem
3138460	3140060	O Guaxaverso
3140060	3140720	Bem
3140720	3142000	Ele existe sim
3150820	3180820	
3180820	3210820	
3210820	3211380	Você é quem?
3211680	3212580	Odeio todos vocês.
3214480	3216160	Para de perguntar nome pro Guax.
3216200	3217700	Desculpa, foi mais forte do que eu.
3217800	3219360	Eu sou péssimo em nome do Guax.
3219360	3220600	Ela é Yulia, Guaxa.
3220680	3222340	Não, tem que sortear.
3222720	3223480	Ah, tem que sortear.
3223960	3226440	Eu só queria dizer que eu, Patrick, gostei das piadas.
3226740	3228000	Não, eu e o Rafael também.
3228100	3229160	Eu e o Rafael também adorei.
3229240	3231420	Eu gostei, só que o personagem não.
3231900	3232300	Obrigado.
3232800	3235100	Bateram minha campainha aqui, 10 horas da noite, gente.
3235140	3235800	Pelo amor de Deus.
3236080	3237300	Cuidado que pode ser Rinode.
3237460	3237660	Não.
3237660	3242160	Teve um dia que um vizinho tocou minha campainha também às 10, 11 horas.
3243000	3245520	Aí eu atendi a porta.
3245600	3246440	Ele, não, não, desculpa.
3246440	3248600	É que tinha uma entrega de lanche lá embaixo.
3248980	3249820	Achei que era pra ti.
3250540	3252920	Eu quase falei, só porque eu sou gordo, filho da mãe.
3255460	3256800	Caraca, que vacilo.
3257260	3259740	Um cara com lanche, buzina na estrada, é óbvio.
3259860	3260860	Deve ser o gordo do Lipão.
3260980	3261920	Vamos tocar na campainha dele.
3262640	3263700	Era meu, mas...
3263700	3264540	Não, mentira, não era.
3264800	3265380	Eu tô brincando.
3265380	3268840	Era do primeiro andar.
3269220	3271040	Pior que as piadas eram muito boas mesmo.
3271220	3272820	Eu fiquei me segurando aqui pra não dar uma risada.
3273020	3274580	Na voz do NPC vai ficar melhor.
3274920	3277160	Vai ficar aquele clima super desconfortável, maravilhoso.
3277240	3283080	Eu queria dizer que eu estou tensa o suficiente pra não ter me esquecido mutada.
3283320	3284560	Não, não esqueceu.
3284840	3285280	Ainda.
3285280	3286400	Não, não, tá tudo tranquilo.
3286860	3288860	Estamos em 32 minutos de gravação.
3289300	3291160	E aí, o que você perguntou, Audrey?
3291400	3292540	O que foi que eu perguntei, Guaxa?
3293060	3294700	Guaxa, eu tô ficando craque a amarrar as pessoas.
3294820	3294840	Eu tô ficando craque a amarrar as pessoas.
3294840	3294920	Eu tô ficando craque a amarrar as pessoas.
3294920	3294960	Eu tô ficando craque a amarrar as pessoas.
3294960	3299720	Eu poderia fazer só uma parte, que essa frase deslocada do Tiki,
3299900	3302220	eu estou ficando craque em amarrar as pessoas.
3302600	3305580	Se a gente tirar do contexto médico-hospitalar...
3305580	3307520	Desculpa, gente.
3308060	3309640	Esse foi o objetivo.
3309740	3312060	Assim, sem kinkshaming, sabe?
3312780	3313160	Nenhum problema.
3313160	3314280	E eu já amarro.
3314280	3315360	Tudo isso vai pros extras.
3315660	3316020	Vamos lá.
3316340	3317000	Com certeza.
3317480	3319240	Se precisarem cortar alguma coisa, é só avisar, gente.
3319320	3320440	Fora isso, tá aí na mão.
3320860	3323780	Alguém avisa pro editor que ele não pode fazer isso, gente.
3323980	3324900	Eu não posso amarrar as pessoas?
3324960	3326280	Só se eles deixarem.
3327600	3329040	É bom com consentimento.
3329120	3329340	Tá bom.
3329380	3329860	Olha só.
3330960	3332460	Estamos nos perdendo.
3332600	3333140	Vamos voltar.
3333420	3334900	Tu digitou aonde você tá.
3335640	3335980	Certo?
3336100	3336420	Isso.
3337340	3341780	Só pra gente ficar no áudio, ficar mais fácil pra edição.
3342480	3344180	Audrey fala, eu estou aqui.
3345260	3347140	Audrey, você fala, eu estou aqui.
3347500	3347880	Isso.
3348180	3349000	Tá bom, tá bom.
