0;10120;"00";Se eu pegar essa ilha e esse helicóptero, e aí tudo faz sentido, porque aqui tem um zumbi e ali não tinha, e agora...
10120;15000;"00";É isso! É isso! Eu sabia! Eu sabia! O Guaixaverso existe!
15120;15960;"01";Como assim?
16180;18140;"01, 00";Você entendeu a referência do último episódio?
18260;18980;"01, 00";Olha só, faz tudo!
18980;20020;"01, 00";O Guaixa sabe o que faz!
20020;20960;"01, 00";Espera! O que é o Guaixaverso?
21000;22980;"01, 00";Era só uma questão de tempo!
23100;24700;"01";Todos vão conhecer o Guaixaverso!
24700;27140;"01, 00";Eu quero entender o Guaixaverso!
27220;28560;"01";Alguém me explica o que é o Guaixaverso?
28560;32020;"01, 00";É, pessoal, não existe o Guaixaverso!
32080;33720;"01, 00";Eu acredito no Guaixaverso!
33760;36560;"01";Mas supondo que ele exista...
37880;41540;"00";Guaixaverso, onde o que não existe é debatido!
48540;54600;"01";Olá, eu sou o Marcelo Guaxinim, o xerife, produtor, idealizador e podcaster do Realidades Paralelos do Guaxinim.
54740;57600;"01";Xerife, sim, porque é assim que se chamam o narrador...
57600;60060;"01";O narrador no cenário de Deadlands.
60560;65580;"01";Deadlands, que pra quem não sabe, tá agora como o Catarse tá aberto, falta uns 5 dias só pra acabar.
66160;67400;"01";Então corre que ainda dá tempo.
67700;73960;"01";Pra quem não sabe, ele é tipo um velho oeste, com magia, ele tá usando agora o sistema do Savage Worlds.
74320;80080;"01";Tem um monte de podcast bacana falando sobre ele, o pessoal do Beholder tá fazendo live direto, dá uma conferida lá.
80080;84220;"01";Se você gosta do tema, corre porque tá acabando, o livro tá lindo.
84540;87580;"01";Eu não tô ganhando nada pra divulgar esse Catarse.
87920;92440;"01";Eu acho, inclusive, que as minas do Caquitas ou o pessoal do Beholder devem estar.
92740;95160;"01";Então se alguém perguntar por que você comprou, diz que foi por eles.
95480;96960;"01";Pode falar que é tranquilo.
97480;104860;"01";Pra quem não sabe, este programa, o Guaixaverso, é o nosso antigo escudo do mestre, que agora está separado do episódio principal.
105220;110180;"01";Aqui eu vou ler os comentários e discutir teorias relativos ao último episódio.
110600;113700;"01";No caso, o episódio 70, A Casa.
113700;117200;"01";Um episódio que me deu muitos problemas pra chegar à conclusão.
117600;119700;"01";A conclusão de que nome dar a ele.
120000;126300;"01";Quando eu tava escrevendo a aventura, ela inicialmente se chamava O Quarto, porque elas surgiam no quarto, né?
126520;132240;"01";Essa aventura é provavelmente a aventura que eu mais escrevi, que eu mais passei tempo criando.
132660;140320;"01";Normalmente eu coloco uma ideia base, algumas frases soltas, e parto dali, deixo os jogadores mais livres a decidir algumas coisas.
140620;145900;"01";Mas esse episódio, como tinha um ambiente já pré-definido, eu acabei escrevendo mais do que o normal.
146060;147500;"01";Gostei bastante do relógio.
147500;147580;"01";Gostei bastante do relógio.
147580;147960;"01";Gostei bastante do resultado.
148460;156180;"01";Como eu falo sempre, as jogadoras, neste caso, foram só as meninas que jogaram, são metade do episódio, e a outra metade é a edição.
156740;161700;"01";Mas um pouquinho, ali, entre essas duas metades, aquele cimento, foram ideias minhas.
161800;164000;"01";Então, obrigado, gente. Foi um episódio muito elogiado.
164460;166000;"01";Eu gostei bastante de ter produzido.
166520;170520;"01";Antes de ler todos os comentários, lembrar vocês que agora tem canecas lá na Um do Fã.
170800;174360;"01";Tem a caneca do RPG Guaxa, tem uma caneca pra cada um dos Cavaleiros do Bicho.
174360;176640;"01";Dá uma conferida lá, compre a sua.
176980;177360;"01";Tome seu cartão.
177580;179240;"01";Fé com Guaxa.
179620;182980;"01";E manda fotinho pra gente lá nas redes sociais, já que eu falei delas.
183340;186160;"01";Segue a gente lá no Twitter ou no Instagram,
186560;189940;"01";arroba Marcelo Guaxinim, pra seguir este mestre que vos fala,
190240;193300;"01";e arroba RPG Guaxa, que tá sempre fazendo interações.
193760;197800;"01";Postei ontem top 5 pessoas que mais gravaram RPG Guaxa.
198100;202320;"01";Você sabe, nesses 70 episódios, quem foram os 5 que mais gravaram?
202320;205060;"01";Qual personagem que cada um deles gosta mais?
205440;207380;"01";Qual atributo que eles gostam mais?
207580;209100;"01";Então dá uma olhada lá nesse top 5.
209480;215580;"01";Imagino que a maioria vai acertar pelo menos os 3 que mais gravaram, mas dá uma conferida lá.
215960;217580;"01";E vamos às perguntas do post.
218060;219460;"01";O Ricardo Nespoli.
219920;221720;"01";Agora, o torneio costuma passar por aqui.
222040;224200;"01";Primeiro, um elogio ao próprio Guaxaverso.
224580;227540;"01";O podcast, não universo compartilhado.
227800;229160;"01";Muito, muito bem pontuado.
229560;233260;"01";O universo Guaxaverso não existe, como todo mundo sabe.
233260;235040;"01";São episódios independentes.
235320;237560;"01";Cada aventura é única, sem ligação uma com as outras.
238260;240360;"01";Sobre o podcast, vamos ver o que ele falou.
240880;243860;"01";Eu rio muito quando você responde as pessoas, tipo...
243860;245520;"01";Podemos pensar que...
245520;246500;"01";Sim, podem.
246820;248380;"01";Não posso impedir ninguém de pensar.
249020;254420;"01";É porque, realmente, a pergunta do nosso querido ouvinte da outra vez foi...
254420;255740;"01";A gente pode pensar tal coisa?
256120;257960;"01";Eu não posso proibir ninguém de pensar, gente.
258020;259020;"01";Vocês pensam o que vocês quiserem.
259340;261580;"01";Isso se tornar realidade é outro ponto.
262440;264580;"01";Segundamente, ele coloca sobre o episódio...
264580;266580;"01";Adorei que tornou-se canônico no Guaxaverso.
267580;269240;"01";Agora sim, o universo compartilhado.
269560;271580;"01";A existência de Nazaré Tedesco.
271920;275040;"01";Ah, uma das jogadoras cita a Nazaré.
275420;275980;"01";Então, ok.
276360;281740;"01";Se existe o universo compartilhado, existe uma Nazaré Tedesco.
282020;282920;"01";Pelo menos na televisão.
283520;285200;"01";O Ezron Silva colocou...
285200;286940;"01";Rapaz, que episódio.
287080;288220;"01";Eu adorei as jogadoras.
288480;290600;"01";Principalmente a coragem delas no meio de tanto caos.
290960;292160;"01";Sim, como eu falo sempre.
292520;294280;"01";Metade do episódio são os jogadores.
294280;296720;"01";E as meninas nesse episódio estavam incríveis.
297300;297380;"01";Hoje...
297580;299480;"01";Jorge Marcos Santos Silva.
299980;303500;"01";Nossa, retomando o fôlego ainda depois desse episódio.
304040;305040;"01";Intenso demais.
305520;306460;"01";Muito bom mesmo.
307100;308660;"01";Adorei a pegada chuchulo.
309260;312260;"01";Você conseguiu dar um ar tenso e incômodo.
312300;312760;"01";Muito bom.
313200;314400;"01";Guaxa, parabéns mesmo.
314640;317360;"01";E personagens que acreditam e interagem são muito bons.
317880;320000;"01";Elas, então, realmente já morreram, né?
320340;321140;"01";Sim, gente.
321140;325020;"01";Da aventura iniciada até elas se tocarem o que aconteceu,
325340;327060;"01";elas já estavam mortas.
327060;330800;"01";A energia delas já tinha passado para aquela menina, né?
330820;332060;"01";Que estava como senhora inicialmente.
332940;336080;"01";E aquela menina estava simplesmente nascendo ali.
336500;340280;"01";Ali era a consciência da mulher ou era algum lugar depois da vida?
340680;341480;"01";Um pouco dos dois.
341980;344580;"01";Ali era aquela menina com tanto poder.
344840;350780;"01";Ela criou aquela casa imaginária com base em lembranças de todas as pessoas que passaram antes.
350780;356900;"01";E ela estava meio que se protegendo ali, usando aquelas jogadoras para tentar entender.
356900;363080;"01";O que ela é, enquanto uma força maligna lá fora tentava simplesmente consumir aquele poder.
363520;365280;"01";Era uma luta de bem contra o mal.
365660;368440;"01";E, como vocês ouviram no episódio, o bem venceu.
368640;369240;"01";Por enquanto.
369560;372380;"01";O ser lá fora dos tentáculos era um dos seres da criação?
372660;376380;"01";Talvez o mesmo de outros mundos como Tulia Azul ou do Farol?
376760;379800;"01";Sim, é uma dessas criaturas da criação.
380160;380520;"01";Não.
380720;385340;"01";Até onde eu imagino, ela é uma criatura diferente daquelas.
385340;386340;"01";Até porque...
386900;388620;"01";Essa criatura, ela...
388620;390400;"01";Desse ponto em diante, ela perdeu.
390580;396980;"01";A energia que essa criatura tinha, ao invés de absorver a energia desta última criança,
397140;401360;"01";que estava ali sendo alimentada de energia,
401760;404720;"01";ela acabou se alimentando da energia dessa criatura também.
405020;407640;"01";Como se passa em 92, se eu não me engano.
408240;412560;"01";Então, qualquer aventura posterior já não poderia ser esta mesma criatura.
412900;414120;"01";Tem alguma ligação com a Nikki?
414120;415580;"01";Então, tem.
415900;416820;"01";Acho que são...
416820;419420;"01";As únicas perguntas que consigo formular depois desse episódio.
419780;420420;"01";KKKK.
420900;421520;"01";Adorei mesmo.
421620;423240;"01";Grato a todos e um forte abraço.
423360;423740;"01";Guaxa.
423880;424240;"01";Até mais.
424600;425340;"01";Até mais, querido.
425600;427140;"01";Gabriel Balardino.
427460;428460;"01";Olá, bom dia!
428980;431620;"01";Esse é o episódio no qual alcancei os episódios atuais.
432040;434080;"01";E devo dizer que episódio incrível.
434520;435040;"01";Obrigado.
435280;438940;"01";As jogadoras foram maravilhosas e você conseguiu dar a atenção certa.
439260;442700;"01";Além disso, os efeitos de som escolhidos pelo editor,
442700;445700;"01";como na cena da geladeira, foram maravilhosos.
446820;449020;"01";Farofinha está de volta, gente. Maravilhoso.
449300;450720;"01";Farofinha editou aquele episódio.
451060;452020;"01";Então, agradeçam a ele.
452120;453520;"01";Vão lá no Twitter.
453700;455960;"01";Procura por Atelas Produção de Podcast.
456380;456920;"01";Alguma coisa assim.
457140;457980;"01";Está no post.
458200;459220;"01";Diz, ó, obrigado, Farofinha.
459480;460600;"01";Pergunta com spoiler.
461200;464060;"01";Existe uma relação entre esse episódio e o Casa de Bonecas?
464420;464780;"01";Sim.
465100;465600;"01";Direta.
465900;469080;"01";Quem resgatou o bebê recém-nascido sabia que ele era parte de um projeto
469080;470820;"01";da Forge de um Deus?
471220;471860;"01";Não sabia.
472360;475020;"01";Aquelas pessoas escravizadas que foram sacrificadas
475020;476660;"01";tinham algo de especial?
476660;478720;"01";Que o médico estava sintetizando?
479080;480400;"01";Teremos uma história delas?
480760;483460;"01";Aquele médico tinha relação com a organização secreta
483460;485100;"01";já mostrada no Guaxaverso?
485380;487780;"01";Talvez tenha relação com aquela organização secreta.
488580;488660;"01";E...
489260;489660;"01";Não.
490060;493020;"01";As primeiras pessoas eram pessoas como qualquer outras.
493380;496660;"01";A ideia era unir as, entre aspas, almas,
497720;499360;"01";já que esse mundo não tem centelha,
499680;503180;"01";para quem é um estudioso mais aprofundado, Guaxaverso,
503180;506480;"01";era juntar essas almas cada vez mais concentradas,
506660;509880;"01";para gerar uma energia maior, para gerar um poder maior.
510240;512900;"01";Enfim, adoro seu projeto e as pessoas convidadas,
513220;515740;"01";que sempre dão vida ainda maior para seu universo,
516060;518580;"01";que se torna cada vez mais complexo e apaixonante.
518580;521080;"01";Um abraço e que sejamos vacinados.
521460;525260;"01";Cara, puta, um abraço e que sejamos vacinados, com certeza.
525620;526360;"01";Que bom que curtiu.
526740;530380;"01";Sim, eu sempre tento buscar pessoas que vão gravar,
530640;533120;"01";que já tenham ouvido, que pelo menos gostem do projeto,
533440;535480;"01";pessoas que agreguem ao projeto.
535840;536580;"01";Eu não tenho intenção...
536660;539700;"01";Eu não tenho intenção de chamar alguém simplesmente por ter muitos números,
539940;542660;"01";mas se a pessoa não escuta o RPG Guaxa,
542900;547180;"01";acaba não tendo essa alma de Guaxaverso.
547440;550700;"01";Jorge Carlos Eiras, espetacular!
551400;553740;"01";Estava com vontade de mestrar a casa de bonecas,
553920;555620;"01";agora mais que antes.
555980;559620;"01";Esse terrorzão também me deu vontade de mestrar essa aventura.
559880;562300;"01";O olho era só um globo, um olho redondo,
562660;564280;"01";com um pendúnculo atrás,
564280;566280;"01";ou era o olho central de um observador,
566660;569660;"01";que pisca, com os tentáculos em volta.
570200;572540;"01";Esse olho é primo do Tuluê Azul?
572740;575460;"01";Então, eu imaginei simplesmente um olho gigantesco,
575460;577900;"01";em volta dele uma massa gigantesca,
577900;582100;"01";de vários tentáculos e era isso que estava atacando a casa ali.
582100;584100;"01";Então, essa é a visão que eu tenho.
584100;587100;"01";Se ele é primo do de Tuluê Azul, é. No fim, é.
587100;589660;"01";Não lembrava que essa menina é negra.
589660;591660;"01";Isso só foi revelado agora?
591660;595660;"01";É revelado no episódio de Natal, porque é a mesma menina,
595660;596160;"01";É revelado no episódio de Natal, porque é a mesma menina,
596160;599160;"01";e no episódio de Dia das Crianças, é a mesma menina.
599160;603660;"01";Quero mais informações sobre a cena pós-jogo, quase pós-créditos.
603660;607660;"01";Rola o episódio com a mãe, esposa e a avó na casa de bonecas?
607660;609660;"01";Dificilmente, dificilmente,
609660;611660;"01";porque já é uma história meio fechada,
611660;614660;"01";e como eu gosto de, durante a parte de RPG,
614660;618660;"01";deixar ela aberta o suficiente para ter vários finais,
618660;621660;"01";para que os jogadores possam realmente fazer a diferença,
621660;625660;"01";seria complicada uma história que tem um final já tão pré-meditado,
625660;629160;"01";então um episódio com a mãe, com a Olivia,
629160;632160;"01";com a mãe que foi lá roubar os remédios no episódio de casa de boneca,
632160;636660;"01";ele faria com que, por exemplo, a Olivia se falhasse nos dados,
636660;640660;"01";ela não poderia morrer, porque a gente sabe que ela tá viva no episódio de casa de bonecas.
640660;644160;"01";Então é um pouco complicado, mas não impossível,
644160;647660;"01";talvez com uma NPC, talvez com uma história paralela,
647660;652660;"01";porque eu pretendo aproveitar bastante esse arco da Nikki, né,
652660;654660;"01";porque, por enquanto, a gente só viu ela criando, né,
654660;655660;"01";porque, por enquanto, a gente só viu ela criando, né,
655660;659660;"01";uma criança, e essa menina, ela tem história para contar,
659660;664660;"01";porque ela tem um poder comparável ao N e ao Nelson,
664660;666660;"01";a pessoas de outros mundos, né.
666660;669660;"01";O Alan Felipe, que episódio maravilhoso, Guaxa!
669660;672160;"01";Parabéns para você e para as jogadoras.
672160;674160;"01";Não sou fã de terror e suspense.
674160;676160;"01";Na verdade, morro de medo.
676160;679160;"01";Mas amo os episódios desses estilos.
679160;681160;"01";E esse foi fantástico.
681160;683660;"01";Agora as perguntas com spoiler.
683660;684660;"01";Ouvindo o episódio, senti uma mistura de
684660;685660;"01";ouvindo o episódio, senti uma mistura de
685660;687660;"01";Orphan Black. Eu nunca vi Orphan Black.
687660;689660;"01";Fullmetal Alchemist. Amo Fullmetal Alchemist, sim.
689660;691660;"01";Fullmetal Alchemist. Amo Fullmetal Alchemist, sim.
691660;693660;"01";Korra, do Get Out. Gosto muito de Korra.
693660;695660;"01";Korra, do Get Out. Gosto muito de Korra.
695660;697660;"01";Doctor Who, mais especificamente as enfermeiras,
697660;699660;"01";me lembraram os anjos lamentadores do episódio Blink,
699660;701660;"01";apenas se movendo quando alguém olhava.
701660;703660;"01";apenas se movendo quando alguém olhava.
703660;705660;"01";Eu já ouvi falar desse episódio, porque é o episódio que todo mundo cita
705660;707660;"01";quando fala de Doctor Who.
707660;709660;"01";Inclusive essa parada de piscar, e os bichos andavam e tal.
709660;711660;"01";Inclusive essa parada de piscar, e os bichos andavam e tal.
711660;713660;"01";A parte das enfermeiras, foi muita mais
713660;715660;"01";influência de Silent Heel,
715660;717660;"01";tanto do filme,
717660;719660;"01";tem aquela parte da
719660;721660;"01";enfermeiras paradas no corredor, lembram?
721660;723660;"01";Quanto aos jogos, eu sou muito fã da
723660;725660;"01";série de jogos, provavelmente
725660;727660;"01";o Doctor Who e o Silent Heel
727660;729660;"01";beberam da mesma fonte, né?
729660;731660;"01";Alguma dessas coisas realmente serviu de inspiração
731660;733660;"01";ou foi só coincidência?
733660;735660;"01";Não, não é coincidência. Realmente
735660;737660;"01";tudo isso, e muito mais coisas, que eu não vou
737660;739660;"01";lembrar de citar e que
739660;741660;"01";você talvez não tenha visto, é
741660;744260;"01";As coisas acabam se unindo
744260;746200;"01";Sempre que me pergunto como é que se faz
746200;747940;"01";Pra ter tantas ideias de aventuras
747940;750000;"01";É consumindo a cultura pop
750000;752440;"01";Tu acaba tudo isso vai batendo no lificador
752440;754820;"01";Na tua cabeça e as aventuras vão surgindo
754820;756600;"01";Então é óbvio que tem influência
756600;758300;"01";De tudo isso, tirando Orphan Black
758300;760180;"01";Que eu realmente, talvez eu tenha visto alguma coisa
760180;762340;"01";Mas pelo nome eu não consigo me lembrar
762340;763640;"01";Isso sem contar
763640;765320;"01";Ele ainda continua a mesma pergunta
765320;768080;"01";Isso sem contar os horrores cósmicos lovecraftianos
768080;769800;"01";Mas esse eu nem vou perguntar
769800;772180;"01";Porque toda vez que tem tentáculos assustadores
772180;773980;"01";A Lovecraft é a inspiração mais óbvia
773980;776240;"01";Sim, toda a parte da história
776240;778260;"01";Que fala dos deuses antigos
778260;780280;"01";Daqueles que estavam na criação
780280;782200;"01";Junto com N
782200;784960;"01";Quando ele era também uma criatura dessa
784960;786260;"01";Que a gente já bateu essa tecla
786260;787540;"01";Em outros episódios
787540;790600;"01";Tudo isso é inspiração lovecraftiana
790600;792440;"01";Ou do que veio depois
792440;793640;"01";De que bebeu da fonte dele
793640;795980;"01";Os horrores cósmicos e tal
795980;797140;"01";Então isso sim
797140;798560;"01";A segunda pergunta
798560;801160;"01";A primeira teve mil perguntas dentro da mesma
801160;801840;"01";Mas vamos pra segunda
801840;804600;"01";Como que a Davina, personagem da Andresa
804600;806440;"01";Foi pega pelo cultista
806440;808560;"01";O superpoder dela só funciona
808560;810640;"01";Quando ela se colocava de propósito
810640;812480;"01";Em situações perigosas
812480;814540;"01";Então o superpoder dela
814540;816220;"01";Era não se machucar
816220;817860;"01";Não ficar doente e tal
817860;819400;"01";Mas simplesmente
819400;822260;"01";Cloroforme, alguém mal intencionado
822260;824540;"01";Era muito mais assim, ela entrou no incêndio
824540;826580;"01";As probabilidades de algo dar errado
826580;828240;"01";Com ela eram mudadas
828560;829480;"01";Não dá nada de errado
829480;831660;"01";Nesse caso foi alguém ativamente
831660;833620;"01";Querendo prejudicá-la
833620;835360;"01";Então se alguém atirasse nela
835360;837220;"01";Ou criasse um problema pra ela
837220;838660;"01";Ela seria atingida
838660;841180;"01";Essa proteção mágica dela
841180;843400;"01";Ela servia muito mais
843400;845640;"01";Em causas naturais
845640;846400;"01";Ou similares
846400;848980;"01";Mas não quando alguém efetivamente
848980;850220;"01";Quer fazer mal a ela
850220;852360;"01";É isso ou ela não faria parte da aventura
852360;855180;"01";Acredito que a próxima pergunta
855180;857040;"01";Vai ser feita algumas vezes
857040;858200;"01";Mas vamos lá
858200;859920;"01";Esse é o universo da Nicole
859920;861460;"01";A menina senhora na casa
861460;863600;"01";É a Nicole ou é outra entidade
863600;865460;"01";Esta menina senhora da casa
865460;866820;"01";É a Nicole
866820;868120;"01";É a Nick
868120;870560;"01";É a criança pequena no caso de bonecas
870560;873380;"01";É a menina no episódio da Black Friday
873380;875560;"01";É a menina no episódio de Natal
875560;877840;"01";Ah mas guacha a aparência dela
877840;879060;"01";Em alguns episódios
879060;881040;"01";Pela idade e tal
881040;881900;"01";Então gente
881900;884460;"01";Talvez alguém até pergunte aqui
884460;887000;"01";Eu sei que nos padrinhos o pessoal ficou fazendo conta
887000;887320;"01";E tal
887320;888180;"01";O poder da Nicole é o poder da Nicole
888200;889660;"01";A ideia é tão grande dentro dessa menina
889660;892420;"01";Que talvez o envelhecimento dela
892420;894220;"01";Ocorra um pouco diferente
894220;895300;"01";De um ser humano normal
895300;896980;"01";Essa é uma ótima desculpa
896980;899880;"01";Quando o mestre é formado em uma ciência humana
899880;900840;"01";E é ruim de conta
900840;902320;"01";Mas basicamente é isso
902320;905260;"01";Próximo comentário nosso querido amigo Dado Dornelis
905260;907580;"01";O Dado ele colocou o seguinte
907580;909620;"01";Oi guacha Dado de novo aqui
909620;911060;"01";Que episódio incrível
911060;913860;"01";Tô muito feliz de ver a Mônica no RPG Guacha
913860;915760;"01";Ela é uma jogadora incrível
915760;918140;"01";E você montou um trio perfeito
918200;920100;"01";Finalmente tivemos a origem da Nick
920100;921240;"01";É gente
921240;922600;"01";Essa é a origem da Nick
922600;924580;"01";Vocês vão ficar mais espantados com o fim dela
924580;925840;"01";Guardem isso
925840;928400;"01";O André Trapani ele colocou
928400;930920;"01";Que episódio maravilhosamente tenso
930920;933700;"01";Eu não costumo gostar de filme de terror suspense
933700;935340;"01";Porque não me dá medo
935340;937980;"01";E a maioria das histórias são sem sentido
937980;939360;"01";Mas esse episódio
939360;941980;"01";Não teve nenhuma dessas falhas
941980;942940;"01";Ó aí ó
942940;944340;"01";Chupa Blumhouse
944340;947600;"01";Fiquei muito tenso especialmente na cena das enfermeiras
948200;949680;"01";Parabéns ao mestre
949680;950760;"01";As jogadoras
950760;952720;"01";E ao editor por isso
952720;953620;"01";É legal assim pô
953620;956000;"01";Eu gosto muito de ver filme de terror com a minha esposa
956000;958300;"01";Tem filme que não assusta porque eu não acredito
958300;960960;"01";Na maioria das coisas que os filmes mostram e tal
960960;963960;"01";Mas quando tu tá só no áudio
963960;966720;"01";E é a tua cabeça que tem que preencher imagens
966720;967920;"01";Eu acho
967920;970620;"01";Que fica mais fácil tu assustar as pessoas
970620;972200;"01";Não adianta tu ver um filme
972200;974300;"01";Que nossa tem um monstro horripilante
974300;976480;"01";E daí tu vai ver pelo orçamento deles
976480;977940;"01";Ele parece sei lá
977940;980100;"01";Um Furby defeituoso
980100;982700;"01";Quando é a tua cabeça que tem que preencher
982700;985020;"01";É um monstro indescritível
985020;985500;"01";E tal
985500;987800;"01";Então ele acaba assustando um pouco mais
987800;989680;"01";Eu acho que essa é a minha vantagem
989680;992400;"01";Mas é óbvio se alguma produtora quiser comprar
992400;994620;"01";Um dessas ideias pra fazer um filme
994620;995860;"01";Vamos conversar
995860;997000;"01";O André continua
997000;999380;"01";As perguntas teste de teoria
999380;1000440;"01";Primeira pergunta
1000440;1003580;"01";A mulher no final seria a Margaret do episódio Casa de Boneca
1003580;1004540;"01";A Olivia
1004540;1006680;"01";Lembra que a Margaret está em casa
1006680;1007940;"01";E quem traz
1007940;1010280;"01";Uma criança sem explicação é a Olivia
1010280;1012340;"01";Mas sim é o mesmo casal
1012340;1013220;"01";E quanto a criança
1013220;1015020;"01";Eu fiquei entre duas hipóteses
1015020;1018460;"01";A menina que nasce no final do episódio é a Nicole do Casa de Bonecas
1018460;1019940;"01";É ou dois
1019940;1022260;"01";A menina é ainda uma antecessora da Nicole
1022260;1023600;"01";Que ainda vai morrer
1023600;1025640;"01";Com mais duas para virar ela
1025640;1027680;"01";Não ela é a Nicole
1027680;1029760;"01";A questão chave são as datas
1029760;1032500;"01";Esse é o padrinho que fez as contas
1032500;1033240;"01";Vamos a elas
1033240;1035000;"01";A data de nascimento 92
1035000;1037420;"01";Bate com a data Casa de Bonecas
1037940;1038360;"01";Em 1998
1038360;1041120;"01";Considerando que a Nicole tinha 7 anos pela foto
1041120;1043280;"01";Mas aí entra o fim do Natal
1043280;1045480;"01";Pra mim que os episódios de Natal
1045480;1047180;"01";Ocorrem na época em que é lançado
1047180;1048500;"01";O episódio ou seja
1048500;1050940;"01";O último Natal se passa em 2020
1050940;1053620;"01";Penso isso porque ocorre um ano após
1053620;1054520;"01";O Natal do Cauê
1054520;1056420;"01";Que tem referência a Gurgel
1056420;1060080;"01";E parece se passar mais ou menos na época de Cavaleiros do Bicho 3
1060080;1061680;"01";Que tem várias referências
1061680;1063340;"01";A contemporaneidade
1063340;1064420;"01";Como a Tzap
1064420;1067340;"01";Minha pergunta é onde está meu erro
1067340;1069860;"01";O episódio de Natal se passa em outra época
1069860;1071940;"01";Ou a Nicole já está mais velha
1071940;1073600;"01";Teria que ter 28 anos
1073600;1075260;"01";Ou ela parou de envelhecer
1075260;1077300;"01";Ou não são a mesma pessoa
1077300;1078520;"01";Ou não são a mesma pessoa
1078520;1080980;"01";O episódio de Natal acontece em 2020
1080980;1083460;"01";Em uma linha paralela onde está a Nick
1083460;1085260;"01";Tudo acontece
1085260;1087280;"01";Na mesma linha as histórias da Nick
1087280;1089500;"01";Pelo menos da infância dela eu posso garantir
1089500;1091480;"01";Que todas estão na mesma linha
1091480;1092900;"01";Então é a mesma Nick
1092900;1095500;"01";A linha do Cavaleiros do Bicho ela não é a mesma
1095500;1097320;"01";Então talvez ela esteja um pouco mais
1097340;1098080;"01";Avançada
1098080;1101380;"01";Enquanto a linha principal da Nick não esteja
1101380;1102760;"01";E ela consegue ver
1102760;1104280;"01";Essas outras linhas
1104280;1105060;"01";Talvez
1105060;1107100;"01";Mas provavelmente por enquanto
1107100;1109280;"01";Que eu posso garantir que são todas a mesma menina
1109280;1111680;"01";E que provavelmente a magia dela
1111680;1114740;"01";Acaba influenciando esse envelhecimento dela
1114740;1116320;"01";Essa é a minha desculpa oficial
1116320;1118540;"01";Então não tem o teu erro
1118540;1121020;"01";Tem o meu ali de não botar isso no papel direitinho
1121020;1123100;"01";Mas eu tenho certeza que se eu colocar isso
1123100;1125020;"01";Numa linha bonitinha eu vou tentar fazer isso
1125020;1126420;"01";Botar lá no grupo de padrinhos
1126420;1127180;"01";Só para os padrinhos verem
1127340;1128800;"01";E procurarem novos erros
1128800;1130940;"01";Eu consigo explicar tudo direitinho
1130940;1132880;"01";Na questão das datas
1132880;1135160;"01";Tatiana Alves comentou
1135160;1137080;"01";Vai para a minha lista de episódios
1137080;1138920;"01";Que me deram cagaço
1138920;1141140;"01";Parabéns a você e as jogadoras
1141140;1141920;"01";Além do editor
1141920;1144360;"01";A trilha sonora ajudou muito na atenção
1144360;1145400;"01";Perfeito
1145400;1146740;"01";Muito obrigado Tatiana
1146740;1148340;"01";Muito obrigado pelo seu comentário
1148340;1150660;"01";Só posso agradecer novamente ao Farofinha
1150660;1151220;"01";Que foi o editor
1151220;1153000;"01";E as meninas que jogaram
1153000;1154900;"01";O Herbert André
1154900;1157040;"01";Primeiramente que episódio tenso Guaxa
1157040;1158860;"01";Fiquei sentindo aquele frio na barriga
1158860;1160040;"01";Boa parte dele
1160040;1161080;"01";Parabéns man
1161080;1163580;"01";Netflix está perdendo um ótimo diretor aqui
1163580;1164240;"01";Olha aí
1164240;1166880;"01";Netflix paga nós
1166880;1170080;"01";1. A Nick é o único deus criado?
1170520;1172140;"01";Sim, até o momento sim
1172140;1173860;"01";O que era aquele olho gigante?
1174200;1176640;"01";Era uma briga com a própria Nick ali
1176640;1177460;"01";Como eu falei
1177460;1180720;"01";Além das pessoas que foram sendo eliminadas
1180720;1181800;"01";A cada 20 anos
1181800;1183320;"01";Até chegar na Nick
1183320;1185720;"01";Aquele culto é ligado também
1185720;1186880;"01";A aqueles deuses antigos
1187040;1189400;"01";E eles estavam tentando usar todo o poder
1189400;1190660;"01";Que eles acumularam na Nick
1190660;1193520;"01";Para alimentar um desses deuses antigos
1193520;1194980;"01";Para ele ficar ainda mais poderoso
1194980;1197820;"01";Só que quando eles colocaram esses dois poderes em choque
1197820;1199820;"01";Eles competiram
1199820;1201780;"01";Só que a Nick não tinha experiência
1201780;1203440;"01";Então ela usou a experiência
1203440;1205280;"01";Das três últimas pessoas
1205280;1208000;"01";Daquelas, entre aspas, almas mais frescas
1208000;1209620;"01";Criou aquela casa
1209620;1212160;"01";Com lembranças das duas
1212160;1214280;"01";Com lembranças da criatura lá fora
1214280;1216520;"01";Que é ligado àquele médico e tal
1216520;1217020;"01";Com lembranças da criatura lá fora
1217040;1218640;"01";Com lembranças da própria casa
1218640;1221220;"01";Onde as três foram levadas e executadas
1221220;1223120;"01";Então ela usou aquilo
1223120;1225720;"01";Para investigar dentro dela
1225720;1228160;"01";Para ela ter um controle maior
1228160;1228920;"01";Daquele poder
1228920;1230240;"01";E ao final
1230240;1233460;"01";Ao invés daquela criatura maligna absorver a Nick
1233460;1235340;"01";A Nick absorveu o poder
1235340;1236240;"01";Daquela criatura
1236240;1239380;"01";Então a Nick saiu ainda mais poderosa do que ela já era
1239380;1240860;"01";Porque ela tem o poder dela
1240860;1243320;"01";E ela tem o poder de um deus antigo
1243320;1244700;"01";Os tentáculos são
1244700;1246440;"01";Uma das criaturas antigas
1246440;1247540;"01";Tentando roubar o poder da Nick
1247540;1250580;"01";Exatamente, os tentáculos ligados àquele olho gigante
1250580;1252280;"01";São uma das criaturas antigas
1252280;1254500;"01";A criatura dos tentáculos é a mesma
1254500;1256720;"01";Do episódio 30, A Sombra das Ondas?
1256840;1257160;"01";Não
1257160;1260740;"01";Sei que já foi dito que o episódio do Corvo não tem nada a ver com a Nick
1260740;1262120;"01";Mas depois desse episódio
1262120;1265000;"01";Fiquei me perguntando se eles não são tentativas
1265000;1267220;"01";De outras criações de deuses
1267220;1268640;"01";Ou o poder da Nick
1268640;1269860;"01";Dividido
1269860;1271080;"01";Que nem o N fez
1271080;1273560;"01";Não é o poder da Nick dividido
1273560;1276140;"01";O poder da Nick não está dividido
1276140;1276900;"01";Em nenhum episódio
1276900;1278340;"01";E até onde eu imagino
1278340;1279680;"01";Não será dividido
1279680;1281600;"01";A menos que o jogador faça algo muito grande
1281600;1283280;"01";Mas ele não será dividido
1283280;1286280;"01";Os experimentos que levaram a Elliot
1286280;1287560;"01";No episódio do Corvo
1287560;1289440;"01";Assim como o Adam e a Eve
1289440;1293520;"01";Podem ter alguma coisa a ver com o que foi feito com a Nick
1293520;1295040;"01";Talvez o governo esteja
1295040;1297560;"01";Replicando esse experimento
1297560;1299840;"01";E usando drogas para ampliá-los
1299840;1301080;"01";É uma boa teoria
1301080;1302020;"01";Se esta pergunta
1302020;1304860;"01";Ainda teremos um episódio com as criaturas antigas
1304860;1306120;"01";Tentando conseguir o poder da Nick?
1306140;1307260;"01";Provavelmente
1307260;1309200;"01";Ela está bem forte agora
1309200;1311660;"01";Tem mais um episódio com a Nick gravado
1311660;1314340;"01";Que envolve uma disputa de poder
1314340;1316560;"01";Mas esse deve sair
1316560;1317900;"01";Esse semestre ainda
1317900;1320900;"01";Talvez no aniversário do RPG Guaxa
1320900;1322060;"01";Naquele mês ali
1322060;1324540;"01";Eu sempre faço entre o meu aniversário
1324540;1325380;"01";Que é abril
1325380;1327200;"01";E o aniversário do RPG Guaxa
1327200;1328100;"01";Que é maio
1328100;1331700;"01";Eu faço um mês de episódio semanal
1331700;1332860;"01";Vai estar ali no meio
1332860;1334200;"01";Isso eu garanto a vocês
1334200;1336120;"01";Próximo comentário do Todê
1336140;1337020;"01";Resistindo
1337020;1338240;"01";Não desista meu querido
1338240;1339120;"01";Ele colocou
1339120;1341480;"01";Se souber convencer essa deusa
1341480;1342940;"01";Podemos ter grandes histórias
1342940;1343880;"01";Quem sabe
1343880;1346400;"01";Alguém para derrotar os Enes do mal
1346400;1347240;"01";Talvez
1347240;1349860;"01";Tem uma outra criatura que vocês estão meio esquecidos
1349860;1351320;"01";Porque ela apareceu muito pouco
1351320;1353560;"01";Que talvez também seja um problema
1353560;1357020;"01";Lembram do final do Guaxa Verso
1357020;1358220;"01";Depois do episódio de Natal?
1358560;1359680;"01";Escutem os últimos segundos
1359680;1361500;"01";Para entender que talvez a Nick
1361500;1363640;"01";Não seja o problema dos Enes
1363640;1365500;"01";Mas o problema de uma outra pessoa
1365500;1367480;"01";O Neff colocou
1367480;1369220;"01";Caramba
1369220;1372300;"01";Nunca pensei que eu pudesse me arrepiar com um podcast
1372300;1373900;"01";A cena do olho
1373900;1375880;"01";Me fez ter inspiração
1375880;1377160;"01";Para uma fanart
1377160;1378600;"01";E espero que gostem
1378600;1380660;"01";Gente, vão lá no post
1380660;1382980;"01";Procurem o comentário do Neff
1382980;1385980;"01";Ele fez uma ilustração maravilhosa
1385980;1387000;"01";Das meninas
1387000;1388760;"01";Tem o personagem da Andresa
1388760;1390200;"01";A Davina
1390200;1392400;"01";Com a roupinha de bombeiro
1392400;1395240;"01";Cara, está maravilhoso essa ilustração
1395500;1397260;"01";Vão lá no post, dão uma olhada
1397260;1400920;"01";Neff, se puder me autorizar a publicar isso no Instagram
1400920;1402040;"01";Deixe um comentário
1402040;1403000;"01";No Guaxa Verso aqui
1403000;1406060;"01";Eu vou publicar porque está lindo
1406060;1408180;"01";Deixe o teu Instagram também para eu poder te marcar
1408180;1410000;"01";Poxa, incrível realmente a fanart
1410000;1412020;"01";Fico muito feliz em recebê-la
1412020;1413720;"01";Uma coisa que eu decidi falar no episódio
1413720;1415040;"01";Mas que é engraçado
1415040;1417240;"01";Se tu considerar aquela criatura um Beholder
1417240;1420040;"01";Um olho com vários tentáculos
1420040;1422020;"01";A Andresa, aquela do Beholder cego
1422020;1423520;"01";Que chegou a 250 episódios
1423520;1425100;"01";Parabéns pessoal do Beholder
1425100;1425300;"01";Que é bem legal, né?
1425300;1425480;"01";Parabéns pessoal do Beholder que é bem legal
1425500;1427200;"01";Gabriel, Brix, Val e companhia
1427200;1429000;"01";Marcelo, ela cegou o Beholder
1429000;1430640;"01";O André comentou até
1430640;1433560;"01";Que o Neff botou a imagem escondida
1433560;1435360;"01";Só parece tu botar o mouse em cima
1435360;1436640;"01";E daí o André colocou
1436640;1438360;"01";Como que esconde a frase assim?
1438740;1441340;"01";E eu respondo o André, eu também não sei, cara
1441340;1442840;"01";Vamos lá, próximo comentário
1442840;1445680;"01";Matheus Muranaca de Lima
1445680;1446840;"01";Olá Guaxa
1446840;1448600;"01";Primeira vez comentando em um episódio
1448600;1450880;"01";Episódio maravilhoso como sempre
1450880;1453460;"01";Parabéns para você e para as jogadoras
1453460;1455300;"01";A minha dúvida é mais relacionada
1455300;1456900;"01";Às personagens do que à história
1456900;1458100;"01";Talvez spoiler
1458100;1461020;"01";Como foi decidido os superpoderes das jogadoras?
1461400;1463560;"01";Elas que decidiram ou você que deu a sugestão?
1463820;1465100;"01";Eu pedi para elas escolherem
1465100;1467500;"01";Eu falei, olha, os jogadores que moram
1467500;1468920;"01";Que tenham nascido em Maryland
1468920;1471200;"01";Durante o episódio elas tem que estar em Maryland
1471200;1473920;"01";Elas tem que ter de 20 a 25 anos
1473920;1475460;"01";E elas tem um poder bem simples
1475460;1476440;"01";Que elas podiam escolher
1476440;1479160;"01";E daí cada uma escolheu o poder que achava melhor
1479160;1481380;"01";Eu até quando pensei a aventura
1481380;1483280;"01";Pensei em coisas mais sutis
1483280;1485240;"01";Mas elas são com benas, né?
1485300;1487660;"01";Então nós pensamos em coisas que talvez pudessem ajudar mais elas
1487660;1488860;"01";E é isso, gente
1488860;1490220;"01";Não chame com beijos para gravar
1490220;1491880;"01";Não, mentira, foi bem bacana
1491880;1493640;"01";Mas sim, foram elas que escolheram
1493640;1495980;"01";Outra pergunta está relacionada mais a jogadores
1495980;1499100;"01";Quando você faz um episódio e chama os jogadores para participar
1499100;1500940;"01";O que você geralmente fala
1500940;1503080;"01";Sobre a aventura, para eles?
1503460;1505180;"01";Tipo, o ano em que se passa, a região
1505180;1507120;"01";O contexto, o estilo de aventura
1507120;1508220;"01";Ação, terror, etc
1508220;1511240;"01";E o que você pede deles para criar o personagem
1511240;1513360;"01";Além do nome, idade e atributo
1513360;1515120;"01";Então, muitas vezes eu posto até
1515120;1516160;"01";Esse texto inicial
1516160;1518100;"01";No grupo de padrinhos
1518100;1519620;"01";Quando a aventura começa
1519620;1521740;"01";Uma descrição da ambientação
1521740;1524140;"01";Normalmente os jogadores recebem aquela descrição
1524140;1525020;"01";Da ambientação
1525020;1526420;"01";Não foi o caso desse episódio
1526420;1528800;"01";Porque as jogadoras não sabiam que estariam em uma casa
1528800;1531420;"01";Eu pedi simplesmente para elas, como eu falei antes
1531420;1534280;"01";O lugar é tal, a idade é tal, vocês tem um poderzinho
1534280;1535300;"01";Aparência
1535300;1537360;"01";Não precisam ser amigos, sabe?
1537680;1539800;"01";Quando a aventura pede que sejam amigos
1539800;1541640;"01";Eu aviso isso antes
1541640;1544020;"01";Se são amigos, já pensa em alguma coisa junto
1544020;1545040;"01";Mas eu sempre
1545040;1546540;"01";Dou todas as informações
1546540;1548800;"01";Para que o jogador crie o personagem para aquele lugar
1548800;1551140;"01";Eu costumo avisar
1551140;1553720;"01";Ou deixar na entrelinha se é uma aventura de terror
1553720;1555800;"01";Porque já aconteceu essa semana mesmo
1555800;1556960;"01";De uma madrinha
1556960;1558640;"01";Não querer gravar
1558640;1560460;"01";É uma pessoa que já gravou outros episódios
1560460;1562920;"01";Porque a temática, ela tinha medo
1562920;1565020;"01";Então ela disse, não, esse eu não vou gravar
1565020;1567360;"01";Aí eu disse, tá beleza, aí eu chamei outra pessoa
1567360;1569420;"01";Quando a aventura é mais leve
1569420;1571940;"01";Eu tento não dar nenhum spoiler
1571940;1572940;"01";Desnecessário
1572940;1574760;"01";Então esse episódio, por exemplo, elas sabiam
1574760;1576900;"01";Que seriam meninas de Maryland
1576900;1578340;"01";Com um poderzinho estranho
1578340;1579720;"01";E mais nada
1579720;1582700;"01";E a aventura já começa com elas acordando naquela casa
1582700;1584780;"01";Porque, assim, eu até pensei
1584780;1587200;"01";Em tentar narrar o momento que elas são sequestradas
1587200;1589320;"01";Mas elas são tão boas, essas meninas
1589320;1591560;"01";Que era capaz de elas não serem sequestradas
1591560;1592940;"01";E daí não ia ter aventura
1592940;1595080;"01";O Caio Dias Continho
1595080;1596840;"01";Colocou episódio sensacional
1596840;1599760;"01";Esses episódios mais investigativos
1599760;1600620;"01";E com clima de terror
1600620;1602820;"01";Focados em uma situação esquisita
1602820;1604440;"01";Que tem que ser desvendada
1604760;1606480;"01";São os meus favoritos do RPG Watch
1606480;1608800;"01";Talvez porque sejam os que, pra mim
1608800;1611340;"01";Melhor funcionem em um formato de one-shot
1611340;1612600;"01";Por, no final
1612600;1614640;"01";Ser histórias bastante contidas
1614640;1616940;"01";Onde tudo roda em torno de
1616940;1617980;"01";Uma resposta
1617980;1620600;"01";Não sei se concordo, mas é uma opinião
1620600;1622120;"01";Válida, eu acho que
1622120;1624520;"01";Esse é meu tipo de episódio favorito
1624520;1625880;"01";Esse eu beijei uma garota
1625880;1627960;"01";Porque, assim, por mais que ele seja contido
1627960;1629520;"01";Como a gente já viu lá atrás
1629520;1631880;"01";Ele tá ligado a quatro outros episódios
1631880;1633740;"01";Três já lançados e um que ainda não lançou
1633740;1634660;"01";E já foi
1634760;1636480;"01";Citado em outros lugares, sabe, então
1636480;1638940;"01";Confesso que vou ter que reouvir o episódio
1638940;1639940;"01";Várias vezes
1639940;1641640;"01";Antes de realmente entender tudo
1641640;1643480;"01";Mas vamos aos meus pensamentos
1643480;1645180;"01";Sobre o que estava acontecendo
1645180;1647660;"01";E vai vir só loucura depois daqui
1647660;1649000;"01";Vamos ver a loucura dele
1649000;1650200;"01";Ó, tem um ver mais
1650200;1651740;"01";Ver mais é loucura
1651740;1654480;"01";Eu senti uma vibe meio Silent Hill durante o episódio
1654480;1656020;"01";Sim, tem, vai Silent Hill
1656020;1658280;"01";Não sei se foi uma inspiração
1658280;1659960;"01";Mas toda a questão das pessoas
1659960;1662720;"01";Que se veem em um cenário bizarro sobrenatural
1662720;1664720;"01";Que parecem refletir suas vidas pregantes
1664760;1666340;"01";Regressas e revelar mistérios
1666340;1667580;"01";De sua história
1667580;1670940;"01";Me lembrou muito o jogo do Cabeça de Pirâmide
1670940;1672240;"01";Até fiquei esperando
1672240;1674040;"01";A trilha clássica do jogo
1674040;1675620;"01";Que bota medo em todo mundo
1675620;1677880;"01";Durante a aventura eu senti uma vibe
1677880;1679360;"01";De jogo de terror japonês
1679360;1681660;"01";E a parte das enfermeiras do necrotério
1681660;1683720;"01";Principalmente me lembrou bastante Silent Hill
1683720;1685680;"01";Também senti coisas do Lovecraft
1685680;1687480;"01";Como o Beholder que apareceu
1687480;1689540;"01";Perfeita análise, é isso mesmo
1689540;1690560;"01";Como a gente já falou lá atrás
1690560;1694200;"01";Nós sabemos que, em teoria, cada universo deveria ter seu N
1694760;1697000;"01";Sabemos que, no mínimo, em um universo
1697000;1699260;"01";O N se espalhou por toda a humanidade
1699260;1701720;"01";Poderia ser que nesse mundo
1701720;1702920;"01";Também rolou algo assim
1702920;1705520;"01";E os experimentos e o blending
1705520;1707380;"01";Tivesse como objetivo
1707380;1708720;"01";Talvez sem saber
1708720;1710440;"01";Reunir fragmentos desse N
1710440;1711960;"01";E torná-lo novamente
1711960;1714320;"01";Então, não, essa linha
1714320;1716280;"01";Quando o N se separa em quatro
1716280;1717700;"01";Sobra uma linha vazia
1717700;1720220;"01";A Nick surgiu nesta linha vazia
1720220;1722840;"01";Tanto que o nome dela ser Nick é uma brincadeira
1722840;1724700;"01";Ela é ser o quinto N
1724760;1728400;"01";Essa questão fica meio fora do episódio
1728400;1730760;"01";Mas acredito ser uma dúvida interessante
1730760;1731860;"01";Sabemos que a Nick
1731860;1733800;"01";Criou os duendes, gnomos, elfos
1733800;1736260;"01";Baseados em histórias que ela captou
1736260;1738040;"01";Isso, então, é uma prova de que
1738040;1740500;"01";Todas as histórias referenciadas pela Nick
1740500;1742040;"01";Não podem ser
1742040;1744040;"01";No mesmo universo em que ela vive
1744040;1746080;"01";Ela capta histórias, tanto no universo dela
1746080;1748100;"01";Quanto de universos
1748100;1750720;"01";Paralelos, de linhas paralelas
1750720;1751780;"01";Então ela consegue
1751780;1753260;"01";Ela sonha
1753260;1755020;"01";Ou ela consegue se concentrar
1755020;1757860;"01";Ela consegue enxergar histórias de muitos lugares
1757860;1759240;"01";Ela é fortinha
1759240;1761760;"01";O Marcelo Lusídio
1761760;1764120;"01";Gostaria de expressar minha indignação
1764120;1765960;"01";Olha, a primeira vez que comentei
1765960;1767280;"01";Foi no episódio passado
1767280;1769400;"01";Fiquei extremamente ansioso esperando ler meu nome
1769400;1771920;"01";E adivinhem, ele leu apenas a mensagem
1771920;1772840;"01";De ler meu nome
1772840;1775240;"01";Cara, que loucura
1775240;1777760;"01";Marcelo Lusídio
1777760;1778980;"01";Marcelo Lusídio
1778980;1781340;"01";Marcelo Lusídio
1781340;1782460;"01";Marcelo Lusídio
1783260;1784600;"01";Marcelo Lusídio
1784600;1786540;"01";Obrigado, Marcelo Lusídio, pelo comentário
1786540;1788300;"01";Perdão, perdão mesmo
1788300;1790240;"01";Então agora acho que tá pago, né?
1790320;1792340;"01";Posso esquecer até no próximo, já que tá tranquilo
1792340;1795000;"01";Então, Xará, vou ler agora o que você escreveu
1795000;1797080;"01";Eu sempre limpo a casa ouvindo as histórias
1797080;1799240;"01";E, coincidentemente, eu estava limpando o armário
1799240;1800180;"01";Da pia do banheiro
1800180;1801520;"01";Quando Guaxa narrou
1801520;1805000;"01";Você olha para o espelho e vê várias mulheres atrás de você
1805000;1806600;"01";A minha perna travou
1806600;1808820;"01";E eu não consegui mais limpar o banheiro
1808820;1810640;"01";Por medo do espelho
1810640;1812940;"01";Enfim, traumatizado estou
1813260;1815060;"01";E meu episódio favorito do ano
1815060;1817040;"01";A mulher que salvou a menina e a caçadora
1817040;1819580;"01";É a mesma caçadora do episódio
1819580;1820840;"01";Da casa de boneca
1820840;1822000;"01";É a Olivia
1822000;1823020;"01";Eu acho que era Olivia
1823020;1825520;"01";Apesar do caos, que é um belo nome
1825520;1828060;"01";Adorei o episódio, tinha uma vibe filme
1828060;1830740;"01";Sim, ou será que eu tô confundindo os filmes?
1830800;1831280;"01";Não, é esse mesmo
1831280;1833680;"01";Bom, é aquele com as enfermeiras todas costuradas lá
1833680;1834600;"01";É esse mesmo
1834600;1837500;"01";Quais foram as suas influências para este episódio?
1837880;1839960;"01";As influências para este episódio, como eu citei lá atrás
1839960;1841480;"01";É, Sainte-Rio
1841480;1843100;"01";É, RPG Guaxa
1843260;1844180;"01";Eu uso bastante RPG Guaxa
1844180;1847320;"01";Full Metal, né, a questão de tu juntando
1847320;1849480;"01";Muita coisa, eu não sei te dizer
1849480;1851320;"01";Por que te chamam de Guaxa?
1851560;1854140;"01";Guaxa é o diminutivo carinhoso de Guaxinim
1854140;1855740;"01";Por que me chamam de Guaxinim?
1856200;1857900;"01";Então, quando eu tava no ensino médio
1857900;1859680;"01";As pessoas eram
1859680;1861780;"01";Ou roqueiras ou pagodeiras
1861780;1863120;"01";Eu sempre fui muito eclético
1863120;1864280;"01";Andei com as duas galeras
1864280;1867080;"01";Mas eu era mais com amigo do pessoal
1867080;1868360;"01";Que curtia rock
1868360;1870380;"01";Sim, só tinha dois estilos musicais naquela época
1870380;1872260;"01";Mas me relacionava bem com todo mundo
1872260;1873240;"01";E o pessoal que era do outro lado
1873260;1874960;"01";Do pagode, na época
1874960;1876800;"01";Isso em 1999
1876800;1879600;"01";Começou a usar uma gíria que era estilo
1879600;1881040;"01";Ah, isso aí é estilo
1881040;1884060;"01";Ah, professor, essa tua roupa é estilo
1884060;1886220;"01";Ah, esse teu sapato é estilo
1886220;1888240;"01";Ah, tudo que eu faço é com estilo
1888240;1890300;"01";Sabe, tudo era estilo, estilo, estilo
1890300;1891460;"01";E um amigo nosso
1891460;1893600;"01";Começou a usar pra sacanear
1893600;1895400;"01";Essa galera, em vez de falar
1895400;1897260;"01";Estilo, ele falava esquilo
1897940;1900160;"01";Ah, tal coisa é esquilo
1900160;1902300;"01";Ah, professor, essa tua roupa é esquilo
1902300;1903240;"01";Então, ele ficou
1903260;1904640;"01";Conhecido como esquilo, né
1904640;1906960;"01";E a gente ali, que andava junto
1906960;1908200;"01";Ficou conhecido como esquilo
1908200;1910160;"01";Nessa época veio a febre do mirk
1910160;1911760;"01";Então todo mundo queria usar o mirk
1911760;1913940;"01";E é óbvio que eu não vou usar Marcelo
1913940;1916660;"01";Eu não vou usar Celinho16, sei lá
1916660;1918840;"01";Então, eu queria usar esquilo
1918840;1921500;"01";Só que o cara que criou a gíria
1921500;1923720;"01";Ele usava já o nome esquilo
1923720;1925360;"01";Então eu usei
1925360;1926660;"01";Esquilo de cueca
1926660;1928980;"01";Porque na minha cabeça era um esquilo
1928980;1930600;"01";Um animalzinho usando uma cuequinha
1930600;1931780;"01";E isso era engraçado
1931780;1932900;"01";Mas pras pessoas
1933260;1935740;"01";Pareceu que eu era um
1935740;1938060;"01";Homem barbado de cueca e ficou feio
1938060;1939340;"01";Então durou um dia só
1939340;1941120;"01";Me explicaram que eu tava sendo imbecil
1941120;1943980;"01";Mas na minha cabeça era só o bichinho engraçadinho de roupinha
1943980;1945260;"01";Tá, mas
1945260;1947620;"01";Aí na sala de aula, no dia seguinte
1947620;1949840;"01";A gente, sabe, num grande debate
1949840;1951820;"01";E tal, teve uma menina
1951820;1953620;"01";Que disse, ah, você tem cara de guaxinim
1953620;1954960;"01";Porque eu sempre fui gordinho
1954960;1957220;"01";Sempre tive bastante olheira, né
1957220;1959400;"01";Então fica aquela máscara preta embaixo do olho
1959400;1961220;"01";Eu tenho uma cauda listrada, peluda
1961220;1963100;"01";Pra quem não sabe, e daí ficou guaxinim
1963260;1964340;"01";Sabe, e daí
1964340;1966680;"01";Eu fingi que não gostei, mas eu gostei
1966680;1969540;"01";E daí o apelido pegou e eu comecei a usar guaxinim
1969540;1970220;"01";Guaxinim, guaxinim
1970220;1971880;"01";Por muito tempo eu era o guaxinim
1971880;1974440;"01";E as pessoas tem preguiça de falar guaxinim
1974440;1976140;"01";Então começaram a falar guaxa
1976140;1978900;"01";Sabe, eu tinha amigo que eu tocava interfone pra jogar RPG
1978900;1980960;"01";E eu dizia, aqui é o Marcelo
1980960;1983560;"01";E daí quando eu subia o prédio e entrava
1983560;1984840;"01";A mãe do meu amigo dizia
1984840;1987440;"01";Ah, é o guaxa, tipo, as pessoas conheciam como guaxa
1987440;1988820;"01";Então guaxa é o diminutivo do guaxinim
1988820;1989420;"01";É isso
1989420;1991940;"01";Teve um rapaz amigo nosso que ficou conhecido como Gambá
1991940;1992820;"01";Nessa mesma época
1993260;1995460;"01";Acho que ele não foi tão feliz quanto eu
1995460;1997300;"01";Mas continuando aqui, apesar do caos
1997300;1997780;"01";Colocou
1997780;2000040;"01";A ligação é com casas de bonecas?
2000420;2000660;"01";Sim
2000660;2003320;"01";Por um momento eu pensei que elas eram personalidades
2003320;2004560;"01";Da mulher que desenhava
2004560;2006380;"01";Tipo o episódio do corvo
2006380;2007760;"01";É, mas
2007760;2010780;"01";A ideia era criar dúvidas
2010780;2011860;"01";Essa era uma delas
2011860;2013060;"01";E sim, guaxa
2013060;2015860;"01";Todo mundo sempre vai lembrar de o corvo
2015860;2017660;"01";Eu sei, eu sei, eu sei
2017660;2018720;"01";Perdão, perdão
2018720;2020860;"01";Eu já tô escrevendo a continuação ali
2020860;2022160;"01";Vai ficar bem legal, gente
2022160;2023240;"01";Chale
2023240;2024180;"01";Comentou
2024180;2026360;"01";70 episódios depois
2026360;2028360;"01";E suas ideias continuam criando histórias incríveis
2028960;2030360;"01";Que vão superando outras
2030880;2032360;"01";Em favoritismo dos ouvintes
2032880;2034600;"01";Você é foda, guaxa
2034600;2035480;"01";Nossa, é...
2035480;2036120;"01";Ruborizei
2036120;2037680;"01";Agora conta pra gente
2037680;2040080;"01";De que canto escuro da sua mente
2040080;2042720;"01";Que surgiram as ideias e inspirações
2042720;2044020;"01";Pra esse episódio
2044020;2045640;"01";Beijo, guaxuxu
2045640;2047320;"01";Agora, de onde veio o guaxuxu?
2047820;2048460;"01";Eu não sei
2048460;2049300;"01";De onde veio a ideia?
2049440;2051360;"01";Eu queria muito criar um episódio que fosse de investigação
2051900;2053060;"01";E que ele fosse contido...
2053240;2055460;"01";nele, sabe? Que eu conseguisse
2055460;2057280;"01";limitar os jogadores. Então eu pensei
2057280;2059500;"01";numa casa. A ideia inicial
2059500;2061740;"01";seria que as jogadoras estariam vivas
2061740;2063420;"01";e que queriam executá-las
2063420;2065520;"01";pra fazer o plano todo. Mas isso daria uma chance
2065520;2067460;"01";do plano dar errado. Então eu mudei
2067460;2069660;"01";pro momento depois, pra ser tarde
2069660;2071760;"01";demais. Pra essa ideia de que
2071760;2074100;"01";desde o episódio Casa de Boneca
2074100;2075780;"01";em que surgiu o episódio da Nick
2075780;2077760;"01";eu já sabia, eu já tinha uma ideia
2077760;2079520;"01";mais ou menos de como ela
2079520;2081300;"01";surgiria, que seria por este
2081300;2083600;"01";processo aqui. Eu não sabia exatamente
2083600;2085400;"01";como aproveitar. Mas foi
2085400;2087640;"01";tudo começou com uma casa. Eu fui
2087640;2089480;"01";na internet, procurei
2089480;2091580;"01";plantas de casa. Peguei uma planta
2091580;2093580;"01";de casa em cima dessa planta. Eu trabalhei
2093580;2095860;"01";as ideias. A primeira versão que eu escrevi
2095860;2097540;"01";as jogadoras começavam num banheiro
2097540;2099500;"01";inclusive. Era naquele banheiro
2099500;2101700;"01";que tinha o vaso
2101700;2103660;"01";que elas se viam várias vezes no espelho, sabe?
2104080;2105320;"01";Que tinha um vaso com terra
2105320;2107400;"01";e que à medida que elas fossem
2107400;2109400;"01";revelando pra Nick quem
2109400;2111060;"01";ela é e a Nick fosse
2111060;2113160;"01";ficando mais jovem, naquele vaso
2113160;2115120;"01";ia começar a crescer uma plantinha e tal
2115120;2116920;"01";e a saída seria por ali.
2117160;2119140;"01";Mas assim, eu não sei exatamente de onde
2119140;2121320;"01";surgiu. Acho que eu falei um pouco das influências
2121320;2123320;"01";lá em cima. Mas a ideia básica
2123320;2125240;"01";mesmo é, ah, eu quero uma investigação
2125240;2127160;"01";dentro de uma casa. E à medida
2127160;2129160;"01";que eu ia escrevendo, ela ia ficando mais e mais
2129160;2131560;"01";estranha. A referência das enfermeiras
2131560;2133100;"01";é, obviamente, a
2133100;2135120;"01";Silent Hill. Ela tá lá como
2135120;2137400;"01";pra representar o medo
2137400;2138840;"01";que a menina tem, né?
2139160;2140560;"01";Ela vai vir ao mundo.
2141060;2143360;"01";Às vezes esse médico dessa enfermeira que ela tem medo
2143360;2145280;"01";então ela acaba tendo medo de hospital
2145280;2147320;"01";e esse medo se materializa
2147320;2148840;"01";naquele corredor, né?
2149080;2150980;"01";Então eu acho que é isso, sabe?
2151300;2153280;"01";Mas é, sem dúvida, a aventura
2153280;2154940;"01";que mais tempo eu passei escrevendo.
2155120;2157440;"01";Até porque, pelas jogadoras que eu ia chamar
2157440;2159280;"01";eu sabia que são jogadoras que estão sempre jogando
2159280;2160980;"01";em live e tal, que eu acompanho
2160980;2162640;"01";que são pessoas muito
2162640;2165120;"01";investigativas, né? Pessoas que
2165120;2167460;"01";sabem, que têm muitas ideias e tal
2167460;2169200;"01";que já viveram milhões de
2169200;2170980;"01";investigações diferentes. Como disse a Paula
2171060;2173120;"01";que cresceu vendo lá o programa
2173120;2175040;"01";de investigação criminal. Então eu queria
2175040;2177340;"01";fazer um negócio bem redondinho pra pegá-las
2177340;2179220;"01";de surpresa. Então eu reescrevi
2179220;2180720;"01";essa aventura várias vezes.
2181060;2183040;"01";É a aventura que eu mais escrevi, mas
2183040;2185360;"01";isso também não é nenhum mérito, porque eu costumo escrever muito pouco.
2185600;2187580;"01";Wilson Negreiros de Oliveira escreveu
2187580;2188980;"01";Os poderes dessas garotas
2188980;2191200;"01";vêm do N da deusa ou de algum
2191200;2193000;"01";outro paralelo da pera
2193000;2194980;"01";e suas centelhas. Na verdade
2194980;2197300;"01";vem desse sentido de que
2197300;2199120;"01";muitas pessoas, três pessoas
2199120;2201020;"01";são executadas e a energia
2201020;2203220;"01";delas passa pra uma só. Aí tu faz
2203220;2205040;"01";isso três vezes, essas três
2205040;2207020;"01";pessoas são executadas, passa pra uma
2207020;2209020;"01";só. É uma energia, uma
2209020;2210720;"01";alma, entre muitas aspas,
2211100;2213180;"01";que vem sendo concentrada ao longo
2213180;2215240;"01";das décadas ali. O Douglas
2215240;2217040;"01";Pierre. Oi Guaxa,
2217100;2219060;"01";boa noite. Boa noite. Um cara me deu
2219060;2221100;"01";bom dia e outro me deu boa noite. Acertou
2221100;2223180;"01";boa noite. Já são sete
2223180;2225340;"01";horas quase. É a primeira vez que comento
2225340;2227280;"01";aqui. Queria agradecer pelas histórias
2227280;2229080;"01";sensacionais que conta com a ajuda
2229080;2230980;"01";dos jogadores. Esse episódio estava
2230980;2232900;"01";muito bom. Gostei de tudo. A
2232900;2234960;"01";ambientação, a história, as
2234960;2236920;"01";jogadoras, a edição. Esse ano
2236920;2239000;"01";já começou com ótimos episódios. Obrigado
2239000;2241100;"01";querido. Só algumas perguntas.
2241540;2243160;"01";Vou tentar não repetir alguma
2243160;2245000;"01";que já tenha um postado. A casa
2245000;2246780;"01";foi criada pela consciência dos personagens
2246780;2248960;"01";ou do deus criado? Ou já
2248960;2251100;"01";existia fisicamente e só foi alterada
2251100;2253420;"01";em alguns cômodos pelos poderes
2253420;2255380;"01";de algum dos personagens?
2255660;2256600;"01";A casa existe.
2257020;2259080;"01";Ela é muito parecida com aquela, tirando que não tem
2259080;2260640;"01";um monstro lá fora nem dentro dela.
2260980;2262920;"01";Mas ela foi recriada
2262920;2265060;"01";com base na casa existente, pra onde as
2265060;2267020;"01";minas realmente foram sequestradas, onde
2267020;2268740;"01";foi o cativiro delas, onde elas foram
2268740;2270860;"01";executadas. Ela foi criada pela
2270860;2272900;"01";Nikki, enquanto ela tentava juntar
2272900;2274860;"01";as peças ali e evitar que uma
2274860;2276540;"01";criatura de poder
2276540;2279140;"01";ancestral devorasse o poder
2279140;2281020;"01";dela. Então, as jogadoras
2281020;2283020;"01";conseguiram resolver tudo a tempo pra que
2283020;2284960;"01";a Nikki entendesse quem
2284960;2287080;"01";ela é e pudesse usar o poder no máximo
2287080;2289160;"01";e absorvesse a criatura lá fora
2289160;2290820;"01";e não o contrário. Poderia
2290980;2293200;"01";acontecer o contrário? Poderia ter acontecido
2293200;2295100;"01";o contrário e teríamos uma Nikki
2295100;2296960;"01";mais velha, bem diferente do que eu planejo
2296960;2299180;"01";pra ela. O que aconteceria se as personagens não tivessem
2299180;2301160;"01";tomado consciência da própria
2301160;2303140;"01";morte? Ou escolhessem
2303140;2305060;"01";não ir pra luz e todo esse processo
2305060;2306940;"01";fazer a parte do ritual para o nascimento
2306940;2309060;"01";da criança? Na verdade, se elas
2309060;2311300;"01";não tomassem conhecimento, não fossem
2311300;2312760;"01";pra luz, como eu falei,
2313040;2314980;"01";a Nikki ainda teria consciência, porque
2314980;2316920;"01";ela tem um poder muito grande, mas ela
2316920;2319120;"01";se fundiria aquela criatura lá fora
2319120;2320900;"01";e aquela criatura lá fora em
2320900;2322800;"01";algum momento tomaria o
2322800;2325340;"01";poder dela, ou o controle,
2325760;2326940;"01";ou daria algum problema muito
2326940;2328820;"01";grande no futuro. O que elas
2328820;2330640;"01";evitaram foi que ela fosse maculada
2330640;2332600;"01";por aquele ser ancestral.
2332960;2334820;"01";Se a Nikki no futuro for um problema,
2335200;2336580;"01";é culpa só da Nikki,
2336880;2339040;"01";e não daquela criatura, porque os jogadores
2339040;2340960;"01";fizeram isso. Não sei se pode
2340960;2343120;"01";responder, mas a pessoa que salvou o bebê,
2343360;2344800;"01";espero que seja a Nikki, é a Nikki.
2345080;2346540;"01";Foi a Ice Queen? Não,
2346900;2348900;"01";foi a Olivia. Pois estavam criando um
2348900;2350420;"01";Deus para dar de oferenda,
2350900;2352600;"01";imagino que esse ser talvez
2352600;2354700;"01";quisesse o poder para enfrentar o N dessa
2354700;2356860;"01";realidade, ou de outras. Essa agora é a
2356860;2358640;"01";Nikki, não tem talvez de outras.
2358880;2360740;"01";E o Guaxinim acabou precisando intervir para
2360740;2362640;"01";manter relação das realidades.
2363060;2364820;"01";Poderia ser o Guaxinim uma criação da própria
2364820;2366960;"01";Nikki? Acho que já estou viajando
2366960;2368800;"01";demais. O Guaxinim não é criação da
2368800;2370760;"01";Nikki. O Guaxinim não é criação de nenhum
2370760;2372840;"01";N. Marco aqui. O Guaxinim é uma
2372840;2374800;"01";criatura muito poderosa. Por quê?
2375100;2376700;"01";Porque eu sou babaca e vou botar
2376700;2378820;"01";o personagem que me represente ali. Vou botar ele
2378820;2380860;"01";fraco? Vou, vou, vou. Não, né,
2380860;2382760;"01";gente? 70 episódios aí,
2382820;2384720;"01";cheio de elogios. Vocês encheram a minha
2384720;2386520;"01";bola. Deixa eu botar o Guaxinim, uma criatura poderosa.
2386700;2388200;"01";Ele já foi citado,
2388540;2390740;"01";sem dizer que ele era um Guaxinim, que o nome dele
2390740;2392660;"01";era Guaxinim. A origem dele
2392660;2394560;"01";está aí, só que ninguém conseguiu ver.
2394820;2396740;"01";E não, ele não é o verso do
2396740;2398920;"01";episódio dos ratos. Novamente,
2399040;2400900;"01";obrigado pelo episódio. Eu que agradeço o seu comentário,
2401000;2403020;"01";querido. O Victor Biasi,
2403120;2404700;"01";ele antes reclamou com o menino
2404700;2406420;"01";do episódio, do comentário anterior,
2406820;2408380;"01";porque fez as perguntas que ele ia fazer,
2408380;2410660;"01";mas ele ainda fez as dele. Então vamos lá.
2410860;2412900;"01";Victor Biasi. É isso aí, gente.
2412960;2414620;"01";Faça suas perguntas. Meu Deus, quantos
2414620;2416720;"01";você ainda tem? Guaxa, adoro que episódio
2416720;2418560;"01";sim, episódio não. Você lê meu nome
2418560;2420360;"01";certo. Victor Biasi.
2420560;2422660;"01";Eu li certo agora? Agora as perguntas.
2422720;2424520;"01";As enfermeiras, por que elas não
2424520;2426760;"01";se mexiam na luz? E o que aconteceu
2426760;2428660;"01";com o médico e paciente?
2428840;2430740;"01";As enfermeiras não se mexiam na luz
2430740;2432620;"01";porque a luz representava ali
2432620;2434620;"01";o poder da Nick, que é um poder
2434620;2436840;"01";entre aspas, bom. Ou puro,
2436840;2438760;"01";né? Já que era um bebê ainda nem
2438760;2440320;"01";nascido. O momento que ela
2440320;2442820;"01";nasce ali é quando as jogadoras
2442820;2444580;"01";vão pra luz, né? Ela tava ali
2444580;2446540;"01";só, ela recebeu os poderes dela
2446540;2448780;"01";e tava, das três almas, né?
2448900;2450520;"01";E tava pra nascer, era aquele
2450520;2452520;"01";segundinho ali de nascimento.
2452800;2454580;"01";O que aconteceu com o médico e paciente?
2454980;2456740;"01";Eles estavam lá muito mais pra representar
2456740;2459040;"01";medos da Nick em relação
2459040;2460620;"01";a médicos
2460620;2462500;"01";e coisas do tipo, e
2462500;2464500;"01";assustar os jogadores, do que realmente
2464500;2466660;"01";algo prático. Eles não estavam realmente
2466660;2468620;"01";lá. Eles eram só uma criação.
2468860;2470320;"01";Os mortos que eu vivi nesse episódio foi
2470320;2472520;"01";temporal na linha do tempo do Beridim?
2472860;2474920;"01";Isso explicará até eles reviverem
2474920;2476840;"01";ao matar a menina e se liberaria
2476840;2478740;"01";o Deus? Não. Os mortos
2478740;2480100;"01";vivos ali, novamente, eram
2480100;2481980;"01";simplesmente a ideia de que
2481980;2484560;"01";muita gente foi sacrificada pra chegar
2484560;2486400;"01";ali. Eram os mortos
2486400;2488780;"01";tentando se agarrar
2488780;2490120;"01";àquelas vidas.
2490360;2492140;"01";Porque já tinham morrido, mas é...
2492140;2494340;"01";Aquelas energias mais frescas ali, né?
2494580;2496380;"01";Pra tentar trazer pra aquele lado
2496380;2498640;"01";mais maligno. E pra
2498640;2500300;"01";assustar os jogadores. Supondo,
2500320;2501860;"01";que é no mesmo universo Beridim,
2502180;2504260;"01";significa que é na mesma linha do tempo do
2504260;2506260;"01";The Paper, que liga com o pacto Raúl
2506260;2508060;"01";Bilquiora e Estação Shinobi, fazendo
2508060;2510280;"01";samurais lutarem contra mortos vivos, com a ajuda
2510280;2512400;"01";de anjos, demônios e robôs espaciais.
2512680;2514020;"01";Ok? Estou viajando nas conexões?
2514420;2515920;"01";Sim, você está viajando nas conexões.
2516360;2518480;"01";Mas é uma boa teoria. João Rubens!
2518840;2520180;"01";Muito bom, mais uma vez
2520180;2522320;"01";de parabéns ao mestre de jogadores
2522320;2524260;"01";e às vozes, que também mandam muito
2524260;2526420;"01";bem na interpretação e fazem toda
2526420;2528180;"01";a diferença na imersão do podcast.
2528480;2530260;"01";No caso, quem fez as vozes nesse episódio,
2530340;2532100;"01";foi minha esposa e minha filha. Fico muito feliz.
2532760;2534280;"01";Enfim, pra mim a aventura foi
2534280;2536000;"01";baseada em COC,
2536140;2538160;"01";Califico Tulo, sim. Mostrando um dos lados
2538160;2540520;"01";da história de invocação e culto.
2540860;2542260;"01";Ultrapassando a investigação comum
2542260;2544420;"01";e mostrando o plano espiritual dos rituais.
2544560;2546320;"01";Estou certo ou viajei? Você está certo.
2546400;2548220;"01";Tem muita influência. No fim, se tu for resumir,
2548300;2549840;"01";é realmente um ritual
2549840;2552160;"01";pra invocar, no caso, era pra
2552160;2554220;"01";concentrar poder. Existiu uma
2554220;2555940;"01";criatura que foi invocada
2555940;2558140;"01";e que estava ali, já trabalhando com
2558140;2560280;"01";essas pessoas há muito tempo, pra se alimentar
2560280;2562000;"01";desse poder. E no fim, o bem venceu.
2562340;2564320;"01";Ao contrário da maioria das histórias de Calco Tulo.
2564540;2566060;"01";As jogadoras morreram. Morreram, mas
2566060;2567140;"01";o bem venceu.
2567340;2568960;"01";Fabio lá. Oi, Glacha, tudo bem?
2569260;2571560;"01";Como o pessoal já tirou todas as dúvidas
2571560;2573120;"01";que eu queria perguntar, só vou
2573120;2575360;"01";agradecer pelo episódio e fazer uma sugestão.
2575580;2577220;"01";Podia fazer uma playlist no Spotify
2577220;2579100;"01";com todas as músicas que você
2579100;2581160;"01";já usou de inspiração e fazer os episódios
2581160;2583040;"01";que tal. Abraços. Posso tentar dar uma
2583040;2585020;"01";olhada. Eu lembro que antigamente os padrinhos
2585020;2587020;"01";tinham feito algo do tipo, mas está meio
2587020;2589040;"01";abandonada. Eu vou ver se dá pra retomar isso.
2589040;2590840;"01";Talvez se algum padrinho quiser abraçar
2590840;2593140;"01";e eu ajudo dando as músicas, mas
2593140;2594520;"01";vou tentar. E obrigado.
2594880;2596800;"01";Que bom que você curtiu o episódio. Ananta
2596800;2598940;"01";comentou. Eu simplesmente amei
2598940;2601240;"01";esse episódio. Parabénsão. Pra jogadoras,
2601300;2602700;"01";Glacha e editor também.
2603020;2604940;"01";Essa vibe toda de hospital
2604940;2607160;"01";e de casa de campo dá muito medo.
2607520;2609020;"01";Fica me lembrando de jogos
2609020;2611100;"01";de terror ambientados assim, tipo Slender
2611100;2612880;"01";e Util Down. E
2612880;2614840;"01";aquelas Creepypastas que eram
2614840;2617100;"01";sucesso em 2012. Mas incrivelmente
2617100;2619020;"01";o que veio na cabeça com as enfermeiras
2619020;2620920;"01";demoníacas parando com a luz, não foi
2620920;2623040;"01";nenhuma dessas coisas. Foram aqueles
2623040;2625080;"01";BUS. Os fantasmas
2625080;2626920;"01";do Super Mario que param de se mexer
2626920;2628520;"01";se você olhar a direção deles.
2629540;2630920;"01";Muito bom, muito bom, muito bom.
2631260;2632800;"01";Já as dúvidas com spoiler.
2633340;2634900;"01";1. Quem está por trás desse
2634900;2636920;"01";experimento? Tem um ser específico
2636920;2638400;"01";ou é uma coisa geral dos vilões
2638400;2641120;"01";tentar com os criatores? Tem um grupo específico
2641120;2643120;"01";de seres humanos liderados por aquele médico
2643120;2644920;"01";que falece ao final do episódio, tá?
2645320;2646940;"01";Os tiros que são ouvidos são contra
2646940;2648940;"01";os cultistas e eles são derrubados.
2649020;2651060;"01";Ali eles estavam meio assustados
2651060;2652900;"01";porque eles tinham com eles uma criatura
2652900;2655000;"01";ancestral e essa criatura que deveria
2655000;2657360;"01";devorar um bebê, foi devorada pelo bebê.
2657420;2659060;"01";Não literalmente, a energia foi
2659060;2660840;"01";absorvida, né? Ele coloca
2660840;2662940;"01";acho que você provavelmente ainda não pode contar, mas quem não chora
2662940;2664940;"01";não mama, né? Muita gente já tem teoria
2664940;2667200;"01";sobre qual é o grupo, é esse grupo aí mesmo, gente.
2667380;2669100;"01";Afinal, 2. Afinal, as vítimas
2669100;2670760;"01";desse experimento eram parte
2670760;2673180;"01";dele porque já nasceram com algum
2673180;2674980;"01";poder especial, de qualquer
2674980;2677020;"01";forma, algo como centelha, talvez
2677020;2678860;"01";ou então eles estavam nascendo com poder
2678860;2680580;"01";justamente por causa da interferência externa.
2680660;2682800;"01";Era isso. Pegava aquela galera toda
2682800;2685080;"01";3, cada 3 executados
2685080;2686760;"01";durante o
2686760;2688860;"01";nascimento de uma criança, a energia
2688860;2690400;"01";desses 3 passava pra aquela criança.
2690820;2693020;"01";Aí tu fazia isso várias vezes. A energia
2693020;2694740;"01";era antes do nascimento, né?
2694780;2696860;"01";E daí a criança ia nascer com poder. A energia
2696860;2698500;"01";aí pegava 3 dessas crianças
2698500;2700560;"01";que nasceram com a energia de 3 pessoas
2700560;2703100;"01";concentra, então 3 pessoas
2703100;2704640;"01";passaram pra uma, aí
2704640;2707060;"01";tu junta 9, né? Porque tem 3 poderes
2707060;2708700;"01";de cada criança, ou 4
2708700;2710420;"01";porque cada uma tem o poder de si, né?
2710640;2712700;"01";Então daria 12, e daí vai pro próximo
2712700;2714760;"01";e vai crescendo exponencialmente. Essa é a ideia.
2715400;2716480;"01";O olho lá fora era tipo
2716480;2718860;"01";o olho flutuante, ou ele pertencia a alguém
2718860;2720440;"01";ou algum gigante parado lá.
2720760;2722580;"01";Talvez seria a coisa na garagem.
2722780;2724800;"01";Então, imagina um olho cercado
2724800;2726500;"01";de uma massa assim
2726500;2729000;"01";de carne com vários tentáculos
2729000;2730540;"01";e esses tentáculos estavam
2730540;2732680;"01";cercando a casa. É tudo a mesma
2732680;2734500;"01";criatura. 4. Estava
2734500;2736460;"01";sentindo que podia ser outro episódio
2736460;2738640;"01";de sonho, quando a senhorinha começou a
2738640;2740580;"01";desenhar. Mas agora já não sei dizer se
2740580;2742560;"01";isso conta como sonho, ou se realmente
2742560;2744060;"01";estava rolando algo físico ali.
2744480;2746400;"01";Mesmo que não exatamente como nós vimos.
2746820;2748680;"01";Então, a Nick estava para
2748680;2750800;"01";nascer com o poder daquelas 3
2750800;2752720;"01";e uma criatura ancestral ia devorar
2752720;2754900;"01";ela. Aquela investigação na casa
2754900;2756300;"01";foi ela usando
2756300;2758680;"01";sem controle nenhum, né?
2758960;2760580;"01";Ela meio que, sei lá, entre aspas
2760580;2762560;"01";soltou aquelas almas num lugar
2762560;2764680;"01";que ela lembrava e que ela preencheu
2764680;2766820;"01";com memórias das próprias
2766820;2768580;"01";mulheres que estavam ali, das pessoas
2768580;2770320;"01";que estavam em volta dela lá na floresta
2770320;2772340;"01";durante o ritual que ia acontecer.
2772680;2774560;"01";Então, ela colocou aquelas pessoas
2774560;2776440;"01";para investigar de forma
2776440;2778160;"01";não intencional, né?
2778440;2780480;"01";Tipo, é só o poder bruto tomando
2780480;2782720;"01";uma decisão. Então, a casa até existia
2782720;2784540;"01";mas durante a aventura, aquele
2784540;2786020;"01";lugar era mais ou menos
2786020;2788500;"01";um monte de memórias onde estava
2788500;2790520;"01";rolando uma investigação. E mais uma vez
2790520;2792580;"01";o dia foi salvo graças a Ice Queen. 3 vivas
2792580;2794520;"01";para a lenda. Muita gente acha que a pessoa dos
2794520;2796640;"01";tiros é a Ice Queen. Não é, gente.
2796640;2798000;"01";Não é, não é. Foi a Olivia.
2798580;2800800;"01";Matheus Alves, PodPixel
2800800;2802540;"01";PodPixel é um podcast? Você fez uma
2802540;2803540;"01";merchan de graça?
2804040;2806720;"01";Não sei se é, gente. Procura PodPixel e me conta o que é.
2806960;2808220;"01";Mas Matheus Alves começou.
2808400;2810500;"01";Olá, Guaxa. É com muita alegria que veio contar
2810500;2812200;"01";que finalmente consegui apoiar esse projeto
2812200;2814720;"01";e que tanto amo. E que traz alegria em vários
2814720;2816780;"01";momentos. Nas condições públicas,
2816820;2818960;"01";no trabalho, em casa, fazendo coisas domésticas
2818960;2820660;"01";e até antes de dormir. E me inspirou
2820660;2822760;"01";também a começar a mestrar RPG com amigos.
2823420;2824880;"01";Adaptei duas de suas aventuras.
2825220;2826460;"01";Billie Jean, a minha favorita,
2826460;2828520;"01";e Herdeiros de Tite. Amo mitologia,
2828580;2830520;"01";grega. E a One Shot está quase
2830520;2832700;"01";virando uma campanha. Guaxinize Gambiarra
2832700;2834520;"01";é incrível. E ajudou meus
2834520;2836500;"01";amigos iniciantes a conseguirem
2836500;2838600;"01";jogar sem problemas. Muito obrigado por
2838600;2840140;"01";tudo. E um forte abraço virtual
2840140;2842760;"01";pra você e todos os envolvidos no projeto.
2843080;2844200;"01";Muito obrigado, Matheus.
2844660;2846300;"01";E que bom que a RPG Guaxa inspirou
2846300;2848500;"01";o seu grupo e você a estar
2848500;2850600;"01";fazendo isso. Eu acho que Guaxinize Gambiarra
2850600;2852560;"01";é o melhor RPG que tem pra podcast.
2852680;2854560;"01";Desculpa os outros, porque ele foca
2854560;2856440;"01";na história. Ele não perde tempo.
2856440;2858380;"01";Eu acho que pra contar histórias em
2858380;2860520;"01";podcast, pra mim, é o melhor sistema.
2860780;2862520;"01";Quem não concorda, deixam nos
2862520;2864340;"01";comentários desse episódio, porque eu não leio
2864340;2866400;"01";os comentários do GuaxaVS mesmo, eu só leio os episódios
2866400;2868380;"01";regulares. Mas... E é muito
2868380;2870560;"01";bom também pra iniciantes. A ideia de quando eu comecei
2870560;2872340;"01";a usar ele, era poder trazer gente
2872340;2874700;"01";do Portal do Aviante que não ouvia...
2874700;2876420;"01";Nunca jogou RPG, nunca
2876420;2878520;"01";ouviu um podcast de RPG, mas queria
2878520;2880340;"01";contar uma história. Então, essa foi
2880340;2882760;"01";minha intenção. Mayara Alves.
2883140;2884660;"01";Esse não é teu nome, Mayara Alves.
2884660;2886640;"01";Eu conheço essa foto, Mayara Alves.
2887140;2888120;"01";Eu sei que você é a Pocah.
2888380;2890600;"01";Mayara Alves. Então, vamos ler o comentário da Pocah.
2890740;2892440;"01";Oh, não! Eu cheguei
2892440;2894920;"01";atrasada pra participar do GuaxaVS. Que tristeza!
2895280;2896440;"01";Ela comentou ontem, na
2896440;2898500;"01";terça-feira. Normalmente, eu
2898500;2900560;"01";leio os comentários na quarta-feira. Se isso
2900560;2902400;"01";mudar, eu aviso vocês. Então, ela não chegou
2902400;2904300;"01";atrasada. Anyway, vou
2904300;2906300;"01";comentar igual, porque eu amo
2906300;2908120;"01";RPG Guaxa. Eu amei esse episódio.
2908480;2910440;"01";Eu amei os últimos também. E
2910440;2912600;"01";para de fazer episódio tão bom, Guaxa.
2912600;2914620;"01";Que depois fica difícil pra escolher o melhor
2914620;2916520;"01";do mês. Amei a Beta e a Malu fazendo
2916520;2918300;"01";as vozes e a edição tá incrível.
2918580;2920580;"01";Ela botou, tá incrível!
2921100;2922380;"01";Só queria dizer isso.
2922700;2924380;"01";De teoria, eu não tenho nada. Porque
2924380;2926540;"01";eu criei teorias demais e eu amei
2926540;2928580;"01";a abertura pra interpretações do
2928580;2930540;"01";final. Um beijo grande. Muito
2930540;2932840;"01";obrigado, querida. Fico muito feliz com o seu comentário.
2933140;2934680;"01";Você, em breve, gravará
2934680;2936740;"01";um RPG Guaxa. Eu só tô esperando
2936740;2938780;"01";o momento certo pra gente
2938780;2939880;"01";ver essas agendas.
2940500;2942480;"01";O Leonardo Porto, parabéns! Foi
2942480;2944520;"01";muito imersivo. A história, os jogadores
2944520;2946480;"01";e a edição do áudio. Foi tudo
2946480;2948360;"01";muito bom, bem orquestrado. Eu só
2948380;2950420;"01";pra correr todo dia, às quatro
2950420;2952600;"01";e meia da madrugada. E escuto
2952600;2954440;"01";o podcast do Trajeto. Teve uma
2954440;2956440;"01";ou duas vezes que os efeitos sonoros me
2956440;2958300;"01";fizeram parar pra procurar
2958300;2960300;"01";o meu redor, se não tinha
2960300;2962140;"01";aparecido algo perto de mim.
2962280;2964680;"01";Foi tenso. Pô, que bom, Leonardo,
2964820;2966700;"01";assim, que chegou imersivo a esse ponto.
2967080;2968520;"01";E que bom que não tenha
2968520;2970080;"01";surgido nada em volta de você
2970080;2972240;"01";que você tenha conseguido ver. O Michel
2972240;2974540;"01";Henrique Silva colocou. Episódio incrível.
2974960;2976480;"01";Primeira vez que veio aqui, queria
2976480;2978060;"01";dizer que o RPG Guaxa é
2978060;2980160;"01";incrível. Obrigado, Michel.
2980680;2982440;"01";Sobre o episódio, essa é a origem da Nick,
2982580;2984440;"01";certo? Certo. Se sim, imagino que
2984440;2986140;"01";seja um universo paralelo ao N.
2986300;2988420;"01";A Nick seria essa entidade no lugar dele
2988420;2990140;"01";e esse olho me lembrou o
2990140;2992820;"01";homúnculo de Fullmetal. Seria o equivalente
2992820;2994400;"01";ao monstro do mar? Sim,
2994520;2995860;"01";seria o equivalente àquelas criaturas,
2996300;2998580;"01";aqueles monstros antigos que existem por aí.
2998860;3000600;"01";E mais, poderia o universo
3000600;3002420;"01";todo ser criado somente na imaginação
3002420;3004500;"01";dela? Poderia. E é bom que eu tenha
3004500;3006560;"01";criado, embora a personagem
3006560;3007900;"01";dos quadrinhos existam,
3008060;3010100;"01";antes, né? Do que uma certa série
3010100;3012260;"01";que ficou muito famosa. Mas sim, ela consegue
3012260;3013720;"01";alterar
3013720;3016280;"01";em alguns aspectos
3016280;3018180;"01";realidades. É uma menina bem
3018180;3020080;"01";perigosa. Criar um universo
3020080;3022380;"01";inteiro, eu não sei. Mas
3022380;3024360;"01";um lugar por algum
3024360;3026220;"01";tempo, sim. Finalmente terminei
3026220;3028320;"01";de maratonar todos os episódios fantásticos
3028320;3030100;"01";do Guaxa. Adoro esses tipos
3030100;3032280;"01";de episódios. Essa menina de pele escura é a mesma
3032280;3034100;"01";do episódio de Natal, que também é a mesma
3034100;3035940;"01";que fica com os brinquedos no episódio 63?
3035940;3038020;"01";É a mesma. Ela é responsável,
3038060;3039880;"01";inclusive, pelos brinquedos ganharem vida.
3040220;3041640;"01";Ela queria que isso acontecesse.
3041860;3043440;"01";Foi uma história acontecendo na cabeça dela,
3043740;3045980;"01";que afetou o mundo real, e que daí ela foi
3045980;3047960;"01";até lá e encerrou essa história
3047960;3048820;"01";do jeito que ela queria.
3049400;3052040;"01";O Marcelis Rey colocou
3052040;3053940;"01";Finalmente cheguei aqui. Conheci o podcast
3053940;3055860;"01";em dezembro e tive que correr um
3055860;3057380;"01";bocado pra conseguir ouvir
3057380;3058400;"01";acompanhando.
3059640;3061840;"01";Cara, tu começou em dezembro
3061840;3063040;"01";e chegou agora?
3063460;3066160;"01";70 episódios? Pô, tu ouviu rápido.
3066160;3067940;"01";E pulou algum, não. Mas quero pedir pra
3068060;3069960;"01";você mandar um abraço pro meu grupo de amigos do
3069960;3071980;"01";Discord, os Cavaleiros do Erro Crítico.
3072320;3073980;"01";Então, pessoal, o grupo dos
3073980;3075880;"01";Cavaleiros do Erro Crítico, um beijo no coração
3075880;3077920;"01";de vocês. Um abraço.
3078460;3080160;"01";Devolvam o beijo. Um abraço
3080160;3081580;"01";pra vocês. Continuem rolando
3081580;3084020;"01";Erros Críticos, porque é isso que o mestre gosta.
3084560;3086060;"01";Na Recavaleiros do Bicho, pra eles,
3086240;3088120;"01";indiquei o podcast. Quando eles chegarem
3088120;3089960;"01";aqui, podem ouvir meu recado.
3090300;3091740;"01";Espero que cheguem e
3091740;3094040;"01";quando vocês chegarem no episódio atual, vão lá
3094040;3095300;"01";no episódio atual e dizem
3095300;3097640;"01";cheguei, alcancei o mestre.
3098060;3099980;"01";Marcelis. No começo, eu achei que
3099980;3101540;"01";esse episódio teria a ver com o episódio
3101540;3103900;"01";Eu Estarei Lá, se não me engano. Mas
3103900;3105560;"01";tive aquela explosão de cabeça no final.
3105920;3107720;"01";A velhinha, a garotinha, a Niki, o caixa de
3107720;3109600;"01";brinquedos e o caixa de bonecas. Sim?
3110020;3111540;"01";Sim. Acho que
3111540;3113860;"01";esse final precede o caixa de bonecas.
3113980;3115780;"01";Exato. Parabéns pelo episódio. Foi
3115780;3117800;"01";tão imersivo que várias vezes eu podia
3117800;3119360;"01";criar a cena na minha cabeça.
3119640;3121560;"01";Meu susto foi enorme na hora das
3121560;3123880;"01";enfermeiras olhando para trás.
3124600;3125640;"01";Então, gente... Atrás de vocês!
3126320;3127620;"01";Eu tava só testando.
3127620;3127940;"01";Tá?
3128220;3129740;"01";Desculpa. Quero lembrar vocês
3129740;3131800;"01";que esse podcast só existe, assim
3131800;3133540;"01";como o episódio regular, porque nós temos
3133540;3135540;"01";padrinhos que apoiam. Então, seja
3135540;3137700;"01";nosso padrinho, tanto pelo PicPay, quanto
3137700;3139420;"01";pelo Padrim. Você procura lá por
3139420;3141780;"01";rpguaxa. A partir de um real, você tá pagando o pão de
3141780;3143640;"01";queijo do editor. E a partir de dez reais, você
3143640;3145660;"01";faz parte de um grupo no Telegram. Um grupo
3145660;3147580;"01";maravilhoso. Tem um grupo principal
3147580;3149780;"01";que conversa sobre tudo. Tem vários grupos
3149780;3151540;"01";menores. Tem um grupo que discute spoiler.
3151860;3153780;"01";Que recebe spoiler também. Hoje
3153780;3155740;"01";eu postei lá pra eles um trechinho de um
3155740;3157760;"01";episódio chamado A Chuva. Que ainda deve
3157760;3159820;"01";demorar um pouco a sair. Tem grupos que o pessoal
3159820;3161700;"01";conversa de idioma, de perrengue doméstico. Tem um
3161700;3163420;"01";milhão de grupos. Tem grupo pra marcar RPG.
3163800;3165660;"01";O pessoal joga lá no nosso Discord. Então,
3165720;3167660;"01";seja nosso padrinho. Leva alguns dias.
3167800;3169960;"01";Você recebe um e-mail com link pro grupo do Telegram,
3170060;3171520;"01";gente. Tenham calma.
3171720;3173880;"01";Todo mundo recebe esse e-mail. E eu queria agradecer
3173880;3174880;"01";aos novos padrinhos.
3175460;3177640;"01";A Thaís Leandra Feronti Lima.
3177840;3180060;"01";Ao Yuri Vasques da Conceição.
3180380;3181340;"01";Ao Jata Santos.
3181720;3183700;"01";A Bruna Castro Alves Plank.
3183960;3185580;"01";Ao Lucas Abiscola.
3185580;3187580;"01";Ao Paulo Oliveira. Ao Matheus Alves.
3188300;3189980;"01";A Daniele Golebjonski
3189980;3191500;"01";Krem. Eu dei o teu errado.
3191620;3193020;"01";Desculpa, Daniele. Não me odeio.
3193200;3195680;"01";Ao Douglas Pierre. Ao Ebert André.
3195960;3197680;"01";Ao Caio Cruz. Ao Vinícius
3197680;3199520;"01";Batista. Ao Cristiano Silva.
3199820;3201920;"01";Ao Hélio Salatino. Ao Alexandre
3201920;3203560;"01";Ascioli. Ao Nicolas
3203560;3205780;"01";Lacerda. A Mayra
3205780;3207500;"01";Cordeiro. Ao
3207500;3209220;"01";Douglas Putomati.
3209760;3211200;"01";E ao Lucas Caetano.
3211520;3213000;"01";Muito obrigado a todos vocês
3213000;3215100;"01";que apoiaram esse projeto. Muito obrigado
3215100;3217080;"01";a vocês que apoiam sempre. A todos
3217080;3219320;"01";vocês que, mesmo que não possam apoiar,
3219640;3221120;"01";mandem o seu recado de carinho pelo
3221120;3223220;"01";Twitter ou por uma outra rede social.
3223600;3224900;"01";Agradeço do fundo do coração.
3225300;3227200;"01";Se cuidem. Se puderem, fiquem em casa.
3227640;3229080;"01";Se não puderem, usem máscara.
3229460;3231040;"01";Pratique o distanciamento social.
3231400;3233360;"01";Tá passando. Logo isso tudo vai acabar.
3233720;3234600;"01";Beijo pra vocês.
3235140;3237200;"01";E semana que vem temos a flechada
3237200;3239280;"01";no seu Zé. Uma aventura de investigação
3239280;3241060;"01";num clima mais alegre
3241060;3242900;"01";no interior da Bahia. Até!
3243740;3245420;"01";Ah, só gravando um adendo rapidinho
3245420;3247060;"01";aqui. O Filipe Xavier começou a brincar.
3247080;3249080;"01";Sobre o Maine. Ele escreveu algumas
3249080;3251080;"01";frases em inglês pra tentar fazer
3251080;3252960;"01";uma música. E o Pedro Love
3252960;3254500;"01";veio com uma letra incrível.
3254880;3256860;"01";E com essa música que você vai ouvir
3256860;3257460;"01";agora.
3277080;3307060;"00";O Filipe Xavier começou a brincar.
3307080;3337060;"00";O Filipe Xavier começou a brincar.
3337080;3367060;"01, 00";O Filipe Xavier começou a brincar.
3367080;3397060;"01, 00";O Filipe Xavier começou a brincar.
3397080;3427060;"00";O Filipe Xavier começou a brincar.
3427080;3428080;"00";O Filipe Xavier começou a brincar.
3428080;3428960;"00";O Filipe Xavier começou a brincar.
3430720;3434080;"00";O Filipe Xavier começou a brincar.
3434080;3434860;"00";O Filipe Xavier começou a brincar.
3434860;3436240;"00";O Filipe Xavier começou a brincar.
3436240;3436300;"unknown";O Filipe Xavier começou a brincar.
3436300;3439160;"00";O Filipe Xavier começou a brincar.
3439160;3439520;"00";O Filipe Xavier começou a brincar.
3439520;3442160;"00";O Filipe Xavier começou a brincar.
3445680;3456220;"00";O Filipe Xavier começou a brincar.
