0;800;"02";Estamos prontos?
1160;1980;"11";Estamos sim!
2440;4780;"11";Ah, você prefere mestre ou narrador?
4980;6660;"02";Na verdade, eu prefiro guache.
8880;13240;"02";Olá, eu sou o Marcelo Guaxinim e queria muito agradecer a todo mundo que votou na primeira fase do MPB,
13580;14740;"02";Melhores Podcasts do Brasil.
15020;18260;"02";O RPG Guache passou em primeiro lugar disparado na sua categoria,
18500;20720;"02";que era ficção e fantasia,
21020;24840;"02";e ficamos, acho que em top 5 do geral, top 5 ou 6,
25080;26540;"02";e agora começou a segunda fase.
26540;32660;"02";Peço pra vocês continuarem votando, não só pra continuar garantindo a primeira posição em ficção e fantasia,
32980;36120;"02";mas também para melhorar no ranking geral.
36560;41060;"02";Um podcast parceiro que também está participando é o Buraco Atrás do Pôster,
41280;43240;"02";da Gata Sofia e do Jojo.
43420;46760;"02";Ele está participando em cultura pop, também passou pra segunda fase,
47020;51320;"02";e gostaria muito, se você pudesse, já que entrou pra votar no RPG Guache,
51500;55280;"02";em ficção e fantasia, vote no Buraco Atrás do Pôster, em cultura pop.
55280;57000;"02";Segue também a gente nas redes sociais,
57140;61660;"02";lá no Twitter e no novíssimo Blue Sky.
61900;63980;"02";Pessoal, pouquíssima gente seguiu lá ainda,
64380;66640;"02";comparado com o que a gente tinha antes, comparado com o que eu sei,
66840;67800;"02";que a gente é capaz.
68220;69940;"02";Então vamos lá, dá um follow pra gente,
70240;72040;"02";que eu prometo estar escrevendo bastante coisa bacana,
72440;75660;"02";e isso acaba ajudando a RPG Guache indiretamente também.
75940;76980;"07, 02";Eu estou aqui com...
76980;77940;"07";Oi, eu sou a Zuzu.
78300;81880;"07";Vocês podem me encontrar no meu Instagram,
82200;84520;"07";nas minhas redes sociais, todas são Tezukeran.
84520;84880;"07";E...
84880;85760;"07";E é isso.
86040;88120;"10";Olá, pessoas, eu sou o Thiago.
88540;90840;"10";Vocês podem me encontrar mais na taverna lá,
91080;93380;"10";mas eu também tenho um Instagram que não é muito movimentado,
93800;95480;"10";é o ThiagoK27.
95820;97640;"10";Quem quiser dar uma olhadinha lá, pode ficar à vontade.
97960;100480;"08";Olá, eu sou a Rafa, madrinha da RPG Guache,
100620;102860;"08";e vocês podem me encontrar na taverna do Guaxinim.
103740;107460;"00";O Realidades Paralelas do Guaxinim usa o sistema Guaxinim de gambiarras.
107880;110580;"00";Nele, cada jogador possui apenas um único atributo,
110780;112240;"00";que vai de 2 a 5.
112240;113680;"00";Quanto maior o atributo,
113680;115180;"00";mais atlético é o personagem.
115620;117740;"00";Quanto menor, mais inteligente e carismático.
118260;120620;"00";Sempre que o jogador faz algo com uma chance de errar,
120980;121780;"00";joga dois dados.
122140;125900;"00";E precisa tirar o seu atributo ou menos para ataques e ações físicas,
126260;129680;"00";e seu atributo ou mais para ações intelectuais ou sociais.
130260;132780;"00";Se a jogada for fácil ou tiver algum auxílio,
133160;134020;"00";joga um dado a mais.
134380;136960;"00";Se a jogada for difícil, rola-se um dado a menos.
137340;139620;"00";Eu sou a Júlia e sou madrinha da RPG Guache,
139740;141720;"00";porque ouvir as aventuras me ajudou muito.
141720;143660;"00";E a comunidade é super acolhedora.
143680;147160;"00";Não tem como se sentir sozinho estando na Taberna do Guaxinim.
147520;148320;"00";Venha você também!
149160;150180;"02";Episódio de hoje,
150760;151680;"02";A Menina dos Sonhos.
165540;168600;"02";A Escola Estadual Maria Luísa de Sousa Pinto de Matos
168600;170200;"02";possui quase 4 mil alunos,
170720;172920;"02";do 6º ano ao ensino médio.
172920;173660;"02";Sua estrutura é muito clara,
173660;178980;"02";é ampla e moderna, com salas de aula bem equipadas, laboratórios de ciências, informática
178980;180680;"02";e uma biblioteca vasta e atualizada.
180880;186680;"02";Além disso, conta com três ginásios poliesportivos, áreas de conveniência ao ar livre, um auditório
186680;190540;"02";para eventos articulares, proporcionando um ambiente adequado para o desenvolvimento
190540;192760;"02";acadêmico e extracurricular dos estudantes.
193120;198600;"02";Entre seus eventos anuais, para promover o desenvolvimento, está a Feira de Ciências,
198960;202920;"02";que reúne projetos inovadores e criativos de diversas áreas do conhecimento.
202920;207200;"02";Nessa ocasião, os alunos têm a oportunidade de apresentar suas pesquisas para a comunidade
207200;212700;"02";escolar, recebendo avaliações e feedbacks de professores e especialistas convidados.
212920;217540;"02";A feira não só estimula o interesse pela ciência e tecnologia, mas também incentiva
217540;222680;"02";o trabalho em equipe, a comunicação e a solução de problemas, preparando os estudantes
222680;224060;"02";para os desafios futuros.
224400;229280;"02";O maior prêmio da feira deste ano foi para um grupo formado por...
229280;231720;"02";Zuzu, que fala sobre o personagem, aparência e atributos.
231720;232720;"07, 02";Então, hoje eu vou jogar caderno.
232920;239120;"07";Eu sou a Bela, meu atributo é 3, e a Bela é uma menina, ela tem 15 anos, ela tem os
239120;244520;"07";cabelos longos, pretos, ela tá sempre com os cabelos presos com um aço, normalmente
244520;249500;"07";azul, normalmente ela tá vestida de roupas azuis, ela tem preferência por vestido e
249500;254240;"07";tudo mais, e sempre que você vê a Bela, ela sempre vai estar com um livro, e os livros
254240;255580;"07";são os melhores amigos dela.
255720;256100;"10, 02";Perfeito.
256280;258180;"10";Tiago, fala sobre o personagem, aparência e atributos.
258180;261880;"10";Bom, vou jogar como um adolescente, o Marcos Antônio.
262040;262880;"10";Ele é um adolescente de...
262920;269600;"10";De pele morena, pelo sol, olhos castanhos claros, usa óculos de armação grossa, cabelos
269600;273540;"10";negros ondulados, cortado em cuia, e possui um sorriso bem gentil.
273840;279440;"10";Ele é bem tímido com pessoas que ele desconhece, mas com os amigos dele ele é bem mais solto,
279540;281220;"10";mais liberto, mais extrovertido.
281540;282900;"10";E o atributo dele é o 3.
283080;283520;"10";Perfeito.
283860;286660;"10, 02";E Rafa Malaschewski, fala sobre o personagem, aparência e atributos.
286660;290800;"08, 02";Vou jogar com a Ana Lúcia, que os amigos costumam chamar ela de Nalu.
291220;292660;"08";A Ana é uma adolescente de 15 anos.
292920;300020;"08";De estatura baixa, tem a pele tom de amêndoa com sardas, os olhos castanhos, usa um par
300020;305700;"08";de óculos redondos e verdes, e tem os cabelos ruivos cacheados que ela geralmente usa presos
305700;306880;"08";num rabo de cavalo alto.
307040;311660;"08";Apesar dela ter boas notas e gostar de estudar, seu verdadeiro amor é pela natação.
312000;316060;"08";Depois de eles terem ganhado a Feira de Ciências, ela tá animada pra viajar com os amigos e
316060;317860;"08";poder passar muitas horas na piscina.
322920;334540;"02, 03";Perfeito.
334740;337040;"02";O trabalho eram quatro alunos.
337500;339080;"02";O quarto aluno é o Fabrício.
339680;344040;"02";Moreno, com cabelo cacheado e volumoso, sempre preso em um coque bagunçado.
344040;347260;"02";Ele usa óculos de sol redondos, normalmente, né?
347580;349680;"02";E veste camisas estampadas com bandas de rock.
350200;351860;"02";Jeans rasgado e tênis de marca.
352920;355640;"02";Outro, venceram a Feira de Ciências com um projeto...
355640;356580;"02";Vocês tinham pensado num projeto?
356860;357140;"10";Sim.
357540;359660;"02";Qual foi o projeto de vocês que ganhou a Feira de Ciências?
359900;365600;"10";A gente fez uma maquete que funcionava a energia eólica, pra poder fornecer energias pra uma
365600;370580;"10";casinha e os postes de luz, onde a gente usou um moinho que era feito de ventilador.
370720;370860;"02";É.
371460;376020;"02";O colégio voltou a ter uma feira normal, depois da formatura do último membro da família
376020;376820;"02";mal donado.
376820;381160;"02";O importante é que, graças a essa vitória, os quatro ganharam o fim de semana no Hotel
381160;382360;"02";Fazenda Dona Olinda.
382360;387400;"02";Que é um refúgio acolhedor em meio a montanhas, com chalés de madeira equipados com lareiras,
387600;388500;"02";mantas quentinhas.
389040;393220;"02";Local ideal pra quem gosta de um ambiente mais rústico e tranquilo.
393640;399460;"02";Tem trilhas pra explorar na mata nativa, passeio a cavalo, salão principal costuma servir
399460;405440;"02";chocolate quente, fundi e outras coisas que a gente costuma se alimentar em locais mais
405440;405960;"02";frios, né?
406140;410060;"02";Vocês, então, os quatro, estão no segundo ano do ensino médio, né?
410940;411460;"02";Estudaram...
411460;415240;"02";A maioria dos anos juntos, ali já são amigos de longa data.
415840;419460;"02";Vocês chegaram nesse Hotel Fazenda, que eu descrevi, né?
419620;422920;"02";E deixaram as malas em dois chalés, né?
423360;425860;"02";Um pras meninas, um pros meninos ali.
426420;428140;"02";E o primeiro dia, vocês vão fazer o quê?
428260;429900;"02";O que cada um vai fazer pra aproveitar?
430180;434680;"10";Bom, o Marcos, ele já tá procurando ali a recepção, porque ele quer saber onde é
434680;437060;"10";que fica os cavalos, porque ele adora animais.
437500;441260;"10";Então, a primeira coisa que ele quer fazer é ver os cavalos, ver se tem outros animais,
441260;446940;"10";animais na fazenda, pode, se tiver, qualquer tipo de animal, ele quer ir lá ver os animais,
447080;452700;"10";passar a mão, se possível, montar, se divertir com os animais, ver trilhas também, se possível.
453040;453440;"10";Certo.
453440;457800;"08, 10";A Lu tá procurando pela parte de recriação.
458020;464440;"08";Então, puramente como tá o clima frio, talvez piscina aquecida, não sei se a gente tem
464440;467480;"08";idade pra usar sauna, mas esse tipo de coisa.
467640;469080;"03, 02";É, eu não sei se tem idade.
469100;469420;"03, 02";Melhor.
470140;470880;"03, 02";Eu acho que...
470880;475000;"03, 02";Eu acho que a partir de 16, por algum motivo, eu lembro de já ter visto isso, mas eu não
475000;480140;"02";sei se era simplesmente pras crianças não zoarem o lugar ou se tinha realmente uma imitação.
480380;480780;"02";Mas ok.
480780;482920;"02";Tem piscina aquecida, tem sauna, né?
482940;486620;"02";Ela fica na própria estrutura que cerca, né?
487180;492700;"02";É como se fosse uma grande estufa de vidro cercando a piscina pra manter até o calor
492700;493280;"02";lá dentro.
493540;496020;"02";A sauna fica lá dentro, junto com banheiros e tal.
497000;497380;"02";A Bela?
497680;498780;"07";A Bela, ela...
499320;499780;"07";Ela vai acompanhar...
500880;501600;"07";A Ana Lu.
501860;506060;"07";Só que ela não vai entrar na piscina e tal, ela vai ficar na beirinha lenta e tal.
506260;510640;"02";Ah, o Fabrício então acaba acompanhando o Marcos ali, ajuda ele a montar, os dois dão
510640;513380;"02";uma volta de cavalo, aquele guiado, né?
513460;519180;"02";Vai o trabalhador ali local no cavalo da frente, as pessoas vão seguindo esse cavalo atrás
519180;521960;"02";pra uma área já pré-determinada, né?
522040;527600;"02";Cercada ali por cerca mesmo, sem percurso onde os cavalos não vão ter problema em
527600;528080;"02";estar andando.
528420;530640;"02";O primeiro dia de vocês é bem...
530880;532180;"02";Cansativo, né?
532200;537180;"02";No sentido de que fizeram várias atividades, mas assim, foi extremamente divertido.
539080;544440;"02";Vocês sentam pra jantar já durante a noite, o Fabrício fala pra vocês.
544720;547560;"10, 04";Poxa, amanhã a gente podia fazer uma trilha juntos, hein?
548000;550140;"10";Pô, Fabrício, é super topo.
550340;554500;"10";Eu já tava de olho nisso lá na recepção, tava vendo ali uns caminhos pra gente fazer,
554960;559120;"10";tava vendo um mapa ali com um rapaz, acho que a gente podia fazer aquela trilha lá mais
559120;559920;"10";perto da floresta.
560040;560860;"10";Ele olha pras meninas.
560880;561920;"10, 07";Trilha?
562360;564940;"10, 04, 07";Ah, meninas, vamos lá, vamos curtir.
564960;567880;"04, 07";Ah, tudo bem, dessa vez eu me rendo a pressão dos amiguinhos.
568620;572380;"04";A gente pega a mais leve, eles dividem as trilhas por níveis de dificuldade.
573000;577000;"04";Se a gente pegar a mais leve amanhã, vocês vão ver que até o último dia da viagem vão
577000;577880;"04";querer fazer as mais difíceis.
578640;579620;"07";Ah, tá bem, eu vou.
580040;583080;"10";Depois que você pega o gosto, Bela, tu não vai querer outra coisa.
583800;584300;"10";Vai por mim.
584600;586060;"07";Tá bem, eu vou acreditar em você.
586340;587640;"10";E quando foi que eu menti pra você?
588200;588880;"10";Fia, vai.
588880;590500;"10";Ele olha pra Ana Lúcia.
590880;597360;"08";Eu topo fazer, mas, bom, provavelmente a gente vai chegar cansado, suado, e aí a gente
597360;598360;"08";pula na piscina, pode ser?
598520;599380;"08";Por mim, tudo bem.
599800;600460;"10";Eu topo.
600580;601000;"08, 07";Beleza.
601340;602860;"08, 07";Aí, assim, eu gosto.
603300;605060;"10";É bom que a gente relaxa bem antes de dormir.
605240;606480;"02";Vocês comem ali, né?
607560;613500;"02";Fabrício e o Marcos vão pra um dos chalés, as meninas tem o outro só pra elas ali, né?
614660;620560;"02";Um cansaço de vocês, vocês dormem tranquilos essa noite, acordam o dia seguinte ali,
620880;624300;"02";o Fabrício é o primeiro a acordar, ele dá uma cutucada no Marcos.
625000;627960;"04, 02";Bora se arrumar antes que as meninas desistam da ideia da trilha.
628260;631880;"10";E quando ele olha pro Marcos, o Marcos já tá com a mochila pronta no pé da cama,
631960;635020;"10";ele já tava levantado, porque ele dormiu com o vestir na roupa que ele ia usar.
635680;636340;"10, 02";Vamos embora.
636820;640400;"02";Ele dá um sorrisão pra ti, ele se troca ali rapidinho.
640760;644120;"02";As meninas levantam cedo ou vão ficar enrolando um pouco?
644120;649200;"08, 02";Eu levanto cedo, e aí eu fico, eu não sei se a Bela vai acordar logo ou não,
649280;650860;"08";mas ela tenta não fazer muito barulho ali.
650880;655180;"08";Ela vai se arrumando, e aí ela põe uma roupa pra caminhar, mais confortável,
655260;660280;"08";mas ela já fica com um biquíni por baixo, porque é o plano dela de depois.
660560;665260;"07";Eu acordo logo depois e me arrumo bem rapidinho pra não desanimar.
665660;667600;"07";E aí eu vou ficar sozinha? Eu não vou ficar sozinha.
667820;671740;"02";Perfeito, vocês se encontram ali, tem um café colonial gigantesco, né?
671760;676880;"02";Com muitas opções de bolos, cucas, pães, vários tipos de...
676880;680880;"02";Tem pão de queijo, coisa de panificador.
680880;686940;"02";Tem uma das funcionárias do Hotel Fazenda fazendo waffles na hora,
687020;691140;"02";com a máquina ali, a massa, fazendo quentinho ali, com várias opções pra passar.
691520;697120;"02";Tem iogurte, café, tem várias opções pra vocês ali naquele café da manhã.
697620;700960;"10";Eu peguei pra as meninas, meninas, vocês já foram a alguma trilha antes?
701200;702580;"10";Eu acho que eu nunca perguntei isso pra vocês.
703000;704260;"08";Não, não fui.
704620;708320;"08";Ah, eu só peguei aquelas trilhas pequenas pra chegar na praia.
709000;709440;"10";Justo.
709440;712200;"10";Mas olha, eu já fiz algumas trilhas com a minha família.
712820;717020;"10";Eu recomendo vocês pegarem umas comidas que dão substância, mas nada muito pesado.
717020;719420;"10";Vou comer um sanduíche? Pega aquele sanduíche natural.
720420;724320;"10";Nada de pegar aquele pão francês e chapar queijo e outras coisas dentro, hein?
724380;724880;"10";Pega leve.
725120;729220;"07";Olha, eu peguei duas garrafas de dois litros, eu acho, de água.
729460;731180;"07";Eu acho que seis a gente não passa.
731460;731900;"10";Justo.
732220;734980;"10";Eu trouxe essa palma de banana ali que eu peguei lá da mesa.
736060;737680;"10";Assim a gente não fica sem potássio.
738040;738760;"10";Não vai dar câimbra.
739440;742220;"02";Vocês comem ali, conversam, riem.
742220;749420;"02";Tem uma coordenadora que tá ali responsável por vocês, mas ela tá também aproveitando o fim de semana dela.
749740;753220;"05, 02";Ela passa pela mesa, só dá um sorriso, pergunta...
753220;754160;"05";Tá tudo bem com vocês?
754600;755420;"05";Tá tudo certo.
755880;759020;"05";Se precisarem de mim, vou estar ali pela piscina a manhã toda.
759240;759520;"05";Tá bem?
759980;760860;"02";Ela sai ali.
761500;764900;"02";Vocês terminam de comer, né? Começam a pegar a trilha ali.
765800;769080;"02";Tem outros grupos ali, ou esperando a gente acordar, terminar o café.
769440;772140;"02";É uma manhã bem bonita, assim, pouquíssimas nuvens.
772840;774920;"02";Vocês começam a fazer a trilha ali.
775380;776680;"02";Eu quero que cada um role dois dados.
777440;779840;"02";Aí eu vou chamando, vocês falam que números saíram.
781680;782880;"02";Bela, quanto é que tu tirou?
783220;784080;"08, 07";Quatro e quatro.
784440;786160;"02";Teu atributo é três, são duas falhas.
786700;788060;"02";Ana Lúcia, quanto é que tu tirou?
788220;789700;"08";Eu tirei cinco e quatro.
789920;792220;"02";Quatro é o teu atributo, embora o cinco seja uma falha.
792700;793920;"02";Quatro é um acerto crítico.
794420;799180;"02";Então, tu teve como se fosse dois sucessos ali, ou um sucesso perfeito.
799440;800020;"02";E o Marcos?
800320;801540;"02";Eu tirei seis e um.
801680;803200;"02";Um sucesso simples ali.
803520;805280;"02";Eu também tirei dois sucessos.
805380;807160;"02";Eu tirei um sucesso crítico, ele conta como dois.
807460;809840;"02";Eu tirei cinco e quatro, né? O dele é quatro também.
810340;814300;"02";Vocês notam que pra Bela tá terrível, assim.
814340;815780;"02";Ela tá muito cansada.
816320;818540;"02";Ela vai ficando pra trás cada vez mais.
818840;821640;"02";Pro Marcos tá mais puxado do que ele esperava.
821640;823720;"02";A trilha ali tem bastante...
823720;825400;"02";Ela é bastante íngreme, né?
825460;828040;"02";Embora ela vá serpenteando, né?
828040;829000;"02";Pra tentar diminuir.
829000;829660;"02";E peso, né?
829660;832080;"02";Pra não ser tão inclinado quando vocês estão subindo.
832580;833980;"02";Ele tá sentindo bastante.
834740;837700;"02";E a Ana, a Lúcia, assim, ela tá...
837700;840800;"02";Talvez porque ela tá acostumada a fazer natação, né?
840800;844220;"02";Ela tem as pernas já muito mais fortes do que a de vocês.
844740;847600;"02";Ela tá tirando de letra aquela caminhada.
847920;850720;"02";Muitos pontos ela fica mais à frente ali junto com o Fabrício.
851200;854540;"02";Enquanto o Marcos fica um pouco mais pra trás.
854900;856100;"02";E lá atrás vem a Bela.
856380;856940;"02";Eu...
856940;858140;"07";Eu não consigo.
858140;858200;"07";Eu não consigo.
858620;858980;"07";Eu não consigo.
858980;859980;"07";Eu não aguento mais.
860380;860900;"07";Ai, meu Deus.
861300;865000;"08, 10";Eu acho que eu exagerei na quantidade das coisas na mochila.
865140;868160;"08";Bela, tu não trouxe livro na tua bolsa não, né?
868240;868860;"08";Na tua mochila.
869080;871980;"08, 07";Eu trouxe um pra ler e dois pra reserva.
873080;873520;"07";Ai!
874540;875680;"07";Nada me lembra.
875940;877760;"07";Aquela dorzinha do lado da barriga.
878060;878600;"07";Ai, não aguento.
878800;879980;"04";O Fabrício olha pra Ana Lúcia.
880060;882120;"04";Vamos parar um pouquinho pra eles descansarem?
882340;883120;"08";Claro, claro.
883500;884320;"08";Bela, vem cá.
884440;885560;"08";Divide esse peso comigo aqui.
885980;886540;"08";Toma, toma.
886660;887060;"08";Divide.
887060;888000;"08, 10";Ai, que bela.
888100;888480;"10";Como é?
888480;889220;"10";Você comeu uma banana.
889440;890880;"10";Vai te ajudar na dorzinha.
891160;891700;"10";Eu acho.
891960;894780;"02";Vocês param assim no meio da trilha.
894880;898100;"02";Tem algumas pedras, algumas árvores caídas ali.
898480;901460;"02";Tem espaço assim pra vocês descansarem.
901660;902560;"02";Então fica mais tranquilo.
902880;905720;"02";O Fabrício, assim como a Ana Lúcia, não tá cansado.
906280;908180;"02";Ele parou por conta dos outros, né?
908700;912740;"02";Ele encontrou ali uma árvore já ressecada, né?
912740;914120;"02";Uma árvore já morta.
914520;916660;"02";Ele tá brincando de dar uns soquinhos nela, assim.
917100;918400;"02";Pula de um lado pro outro.
918480;921860;"02";Dá uns soquinhos na árvore ali, enquanto vocês estão descansando.
922300;924060;"04";Cuidado pra não se machucar aí, Fabrício.
924160;925640;"04";Não, tá podre a árvore.
925720;926640;"04";Tenta aqui, Marcos.
926980;927740;"10";Peraí, deixa eu ir.
927940;929160;"10";Eu coloco a mochila no chão.
929620;930940;"10";Toma conta aqui pra mim, Ana Lúcia.
931180;931800;"10";Pula, Ana Lúcia.
932000;932380;"08, 10";Pode deixar.
932480;933300;"08, 10";Vamos lá, vamos lá.
933820;934480;"10";Ginga, ginga.
934760;935080;"10";Soquinho.
935800;936380;"10";Ginga, ginga.
936560;936900;"10";Soquinho.
937320;938600;"10";Eita, tá meio murcho.
938860;940780;"10, 02";Tu tá batendo pra valer ou tá batendo de leve?
941040;941820;"02";Eu bati pra valer.
942140;943260;"02";São dois dados, por favor.
944560;945280;"02";Três e três.
945280;947720;"02";Dois acertos críticos.
947920;948220;"02";Assim.
948480;952020;"02";A árvore que já tava ressecada, já morta há um bom tempo ali.
952200;955940;"02";Tu acerta um soco nela, a árvore se parte.
956120;959600;"02";Assim, tu escuta o barulho da árvore quebrando mesmo.
960140;962400;"02";Ela quase ia cair sobre você, né?
962400;964420;"02";Mas tu consegue pular ali pro lado.
964960;970320;"02";Esse teu crítico já salvou, te deu tanto soco quanto a agilidade pra desviar do que
970320;972220;"02";tava caindo ali em cima de ti.
972220;977840;"02";E por sentir aquela alegria, tu fez uma coisa que o próprio Fabrício não tava conseguindo, né?
978180;978420;"10, 02";Foi incrível.
978480;979480;"10, 02";Foi incrível, assim, o teu soco.
979720;983500;"10";O Marcos, ele cruza os braços, olha pra baixo, fechando os olhos.
983880;987140;"10";Essa árvore não era um oponente suficiente para mim.
987560;989260;"10";E ajeita os óculos com o dedo do meio.
989520;991420;"10, 02";As meninas ficaram impressionadas com isso aí, né?
992180;994420;"07";Até a frase eu tinha ficado.
994900;998280;"07";Eu olho assim com uma cara aí com um sorriso meio amarelo pra Ana.
998640;1003200;"02, 07";A Ana, que tava mais descansada, que já tinha um acerto crítico lá na trilha,
1003200;1007240;"02";tu nota, assim, próximo à árvore, começa a levantar abelhas.
1007480;1008200;"08";Ah, gente.
1008480;1012580;"08";Gente, eu acho que talvez a gente tenha que voltar pra trás na trilha.
1012940;1014120;"08";Cês tão vendo que tem abelhas ali?
1014280;1015560;"02";Começa a olhar pra baixo.
1015940;1016340;"02";Epa.
1016700;1019880;"02";Tinha uma colmeia que tu derrubou e as abelhas tão levantando, Marcos.
1020060;1022580;"07";Mas como vocês meninos fazem besteira?
1022700;1023360;"07";Meu Deus.
1023540;1025460;"10";Ela não tava ali, eu juro que ela não tava ali.
1025520;1026300;"10, 07";A árvore tá morta.
1026540;1028760;"10";Como é que elas vão se apoiar numa árvore morta?
1029160;1031260;"10";Eu falo isso já dando um espaço pra trás.
1031580;1032440;"10";Aí pega minha mochila.
1032740;1034360;"10, 09";O Fabrício leva a mão no pescoço.
1034620;1035440;"10";Ai, ai.
1035840;1036160;"10";Que dor.
1036160;1036680;"10";Pô.
1037220;1037920;"02";Vambora daqui.
1038120;1038460;"02";Vambora.
1038480;1038640;"02";Tá.
1039060;1040900;"02";Eu passo a mão na mochila e começo a correr.
1041240;1041720;"07";Não, é.
1041820;1042720;"07";Só não todo mundo correr.
1043060;1044100;"02";Dois dados agora.
1044580;1045320;"02";Ele botou menos.
1046020;1047160;"02";Pra fugir das abelhas.
1047460;1048200;"02";Bem tranquilo.
1048460;1050260;"02";Cadê a piscina quando a gente precisa dela?
1051500;1052400;"02";Bela tirou quanto?
1052620;1053360;"07";Três e dois.
1053820;1054700;"02";Três e dois.
1054880;1057200;"02";Três é um acerto crítico, dois é um acerto simples.
1057560;1063500;"07, 02";O que tu não correu pra subir, pra descer com a abelha, tu tá voando, assim.
1063680;1065260;"07, 02";Pra descer todo canto ajuda.
1065260;1066160;"02, 07";É verdade.
1066480;1068060;"02";E a abelha ajuda mais ainda.
1068480;1069420;"02";O Marcos tirou quanto?
1069480;1071020;"02";Ele tirou cinco e quatro.
1071160;1072760;"02";Cinco e quatro são duas falhas.
1073300;1074400;"02";Ana Lúcia tirou quanto?
1074620;1075900;"08";Eu tirei seis e quatro.
1076160;1078920;"02";Tirou seis e quatro, sendo quatro o teu atributo, né?
1078940;1081600;"02";O Fabrício tirou dois e dois, são dois acertos, né?
1082220;1085780;"02";Ele tá sentindo dor, assim, próximo do pescoço.
1085860;1086860;"02";Ele tava com a mão ali.
1087540;1095160;"02";Quando ele vê que o Marcos tá ficando pra trás, ele pega o Marcos, assim, pela mochila,
1095160;1098160;"02";dá uma levantada nele e começa...
1098480;1101680;"02";Tenta ajudar ele a correr ali, morro abaixo.
1101960;1107240;"02";O Marcos sente picado, assim, no ombro de abelha, né?
1107240;1112200;"02";É uma dor terrível, mas vocês conseguem voltar.
1112420;1118040;"02";Se vocês estão descendo, já encontram outro grupo que se une a vocês, correndo, trilha abaixo, assim.
1118520;1126420;"02";Se cria uma comoção, até que vocês chegam ao fim da trilha, não veem mais as abelhas ali.
1126740;1128320;"02";Vocês param pra dar aquela respirada.
1128480;1131700;"02";As pessoas estão olhando pra vocês, assim.
1132340;1138820;"02";Vocês três notam que o Marcos tem a mordida de abelha no braço dele, né?
1138880;1142780;"02";Mas fora isso, ele tá sentindo muita dor no braço, mas tá tranquilo.
1143380;1149600;"02";Mas você acha que o Fabrício, ele tá com manchas vermelhas, assim, pelo rosto, pelas mãos, ele tá meio inchado.
1150140;1153740;"08";Fabrício, eu acho que a gente tem que procurar a enfermagem.
1154160;1157460;"08";Você tem alergia? Você sabe se você tem alergia a picada de abelha?
1157800;1158460;"02";Dois dados.
1158480;1161660;"08, 02";Eu tirei três e um.
1161920;1164240;"02";A sorte de vocês é que a Ana Lúcia é bem forte, né?
1164300;1164960;"02";A sorte dela.
1165460;1169560;"02";Já que o Fabrício, ele vai falar e ele desmaia, assim, nos teus braços.
1169660;1172080;"02";Ele ia cair no chão, te derrubar, provavelmente.
1172700;1176160;"02";Mas tu só segura ele ali e continua em pé, tranquila.
1176320;1176520;"08";Tá.
1177340;1178980;"08";Gente, vocês conseguem chamar alguém?
1179300;1180260;"08";E aí eu vou...
1180260;1181680;"08";Eu pego...
1181680;1184000;"08, 07";Bela, Bela, você tem água aí, né?
1184480;1185140;"07";Presta água.
1185140;1188460;"07";Tenho, eu pego a água, dou assim, meio desesperada.
1188480;1193540;"07";Eu começo a gritar, socorro, socorro, alguém ajuda.
1193560;1196520;"02, 07";O pessoal do hotel aparece ali pra ajudar vocês, né?
1196820;1200360;"02";Trazem um carrinho desses, tipo um carrinho de golfe, né?
1200820;1203840;"02";Coloca o Fabrício ali, levam vocês pra cima.
1204060;1206100;"02";Ele é levado pra enfermaria.
1206700;1210780;"02";A tarde é meio nebulosa ali, vocês comem alguma coisa.
1211320;1213260;"02";O Fabrício ainda não voltou ali.
1215460;1218260;"02";Vocês estão sentados ali pra jantar.
1218480;1220000;"02";Ah, mas quase não estão comendo.
1220480;1223400;"02";Quando a coordenadora chega e fala com vocês.
1223720;1224640;"05";Como vocês estão?
1224900;1226760;"10";O Marcos, ele tá meio calado.
1226860;1228840;"10";Ele tá balançando as pernas, ansioso.
1229220;1231860;"10";Porque ele tá se sentindo culpado pelo que aconteceu com o Fabrício.
1231920;1233440;"10";Já que foi ele que derrubou a árvore.
1233820;1234880;"10";Ele só olha pra ela.
1236520;1238220;"10";Como é que tá o Fabrício?
1238740;1240460;"10";Ela baixa os olhos, assim.
1240600;1243740;"10, 05";Ele teve uma reação anafilática muito forte.
1243980;1245720;"05";Ele não acordou.
1245900;1247740;"00, 05";Como é que ele não acordou?
1247740;1248740;"05";Eu não sei.
1249260;1251120;"05";Parece ser um coma ou algo parecido.
1251280;1253220;"05";Aqui só tem um enfermeiro e o médico vai vir ainda.
1253700;1255380;"05";Estamos meio isolados.
1255860;1258400;"05";Então o médico vai conseguir chegar só de madrugada.
1258740;1260620;"05";A escola mandou buscar, mas não sei.
1260960;1262700;"05";Mas ele está respirando.
1263000;1264460;"05";Deram a injeção pra ele.
1264940;1266760;"05";Com o médico chegando, vai ficar tudo bem.
1266780;1268820;"10, 05";O Marcos aí só tá de boca aberta, estático.
1268900;1269800;"10";Sem conseguir falar nada.
1269900;1271220;"05";Como está seu braço, Marcos?
1271660;1273100;"10";Ele olha pro próprio braço.
1273180;1274300;"10";Como é que tá o braço dele, o Igor?
1274300;1276300;"10, 02";Tá meio inchado, assim, no local da...
1276840;1277300;"02";Onde a abelha...
1277740;1278180;"02";Ficou, né?
1278240;1282100;"02";Quando vocês foram atendidos, embora o foco foi no Fabrício,
1282580;1288440;"02";eles te deram um gelo enrolado num pano pra te segurar em cima onde foi o ferrão, né?
1288500;1291240;"02";Deram uma olhada ali no que ficou.
1291720;1293440;"02";Mas tá tudo certo contigo.
1293520;1297160;"02";Só um pouco de dor se alguém tocar diretamente onde a abelha picou.
1297440;1300040;"10";Ah, meu braço tá bem.
1300340;1300760;"10";Tá bem.
1301160;1302240;"10";Tá só doendo um pouquinho.
1302720;1303280;"10";Nada grave.
1303280;1305300;"10";O que a gente pode fazer agora?
1305560;1307380;"10";Como é que não tem nenhum médico aqui?
1307740;1309900;"05";Era pra ter, mas o médico não veio.
1310440;1311180;"05";Uma loucura.
1311780;1312420;"05";É sempre assim.
1313200;1315280;"05";Vão descansar, quero vocês de pé cedo.
1315920;1317460;"05";Que já vamos ter o resultado do médico.
1318160;1322880;"05";Tenho certeza que se tudo der certo, o Fabrício vai estar aqui pra tomar o café com vocês e...
1322880;1324360;"05";Quero vocês bem pra receber ele, ok?
1324760;1325200;"08";Combinado.
1325820;1330620;"08";A Nalu coloca a mão no ombro não machucado do Marcos e fala...
1330620;1331960;"08";Calma, vai ficar tudo bem.
1331960;1335920;"08";Como a coordenadora falou, de manhã ele vai estar aqui com a gente.
1336720;1337400;"10";Tomara, né?
1337740;1341420;"10";Porque se acontecer alguma coisa com ele...
1341420;1343640;"10";Por que eu fui dar um soco na árvore, cara?
1343680;1344420;"10";Por que eu fui burda?
1345100;1346520;"10";Eu não faço essas coisas.
1346700;1347700;"10";Por que eu fui fazer isso?
1347780;1349540;"07";Tá tudo bem, você não sabia.
1349960;1351860;"10";Eu faço trilha, deveria ter olhado a árvore.
1352060;1353460;"07";Ah, mas não tinha como saber.
1353660;1356520;"07";Ninguém sabia que ele tinha alergia, ninguém sabia que tinha abelhas.
1356600;1358060;"07";Exato, só são acidentes.
1358280;1358940;"10, 07";Vai ficar tudo bem.
1359000;1360540;"10";Vamos torcer pelo melhor então, né?
1360540;1362840;"10";É o máximo que eu posso fazer, torcer agora.
1363140;1364660;"10";Mas ele ainda tá meio cabisbaixo.
1365080;1366560;"02";Vocês vão por parte de vocês.
1366560;1369160;"02";É mais fácil pras meninas, porque uma tem a outra, né?
1369760;1372760;"02";Pro Marcos ali, o quarto tá só ele, né?
1372780;1373540;"02";Tem a cama do...
1373540;1374780;"09, 02";Tô vendo a cama vazia, né?
1375040;1380400;"02";É, tá a cama dele arrumada ali, a mochila, ele é bem organizado, assim, as coisas dele organizadas.
1380640;1389140;"02";Vocês talvez vão ler alguma coisa, vão olhar pela janela, tentar se acalmar pra dormir.
1389240;1391540;"02";Mas eventualmente, até pelo cansaço, né?
1392000;1396540;"02";Tanto da trilha e principalmente da volta da trilha, vocês acabam dormindo.
1396560;1403480;"02";Ana Lúcia, você costuma, como a gente conversou, a ideia dos sonhos, querido ouvinte,
1403560;1407160;"02";a gente conversou, eu conversei rapidamente com os jogadores ali, eles deram pequenas ideias.
1407280;1412560;"02";Então, o sonho da Ana Lúcia, recorrente, ela costuma sonhar que ela é uma sereia nadando com tartarugas,
1413240;1416600;"02";com arraias, assim, com a vida marinha no fundo do mar.
1416640;1417620;"02";É isso, né, Ana Lúcia?
1417740;1418140;"02";É isso.
1418340;1423440;"02";Tu tá lá nadando, assim, não tá um sonho tão alegre quanto normalmente.
1423440;1426440;"02";É como se a sensação ruim...
1426560;1428260;"02";do dia estivesse afetando ali.
1428740;1436460;"02";Tu tá nadando, embora estando no fundo do mar, tu sente que tem lágrimas saindo de você.
1437360;1440100;"02";E algo diferente também acontece.
1440860;1445940;"02";Tu vê uma lancha parando lá em cima, fora do oceano, assim.
1446480;1449260;"02";Ela se aproxima rapidamente e ela para.
1449260;1453700;"02";E uma luz, assim, de lanterna começa a piscar pra baixo, né?
1453700;1456540;"02";Como se alguém estivesse estendendo a mão e piscando uma luz.
1456560;1459400;"08, 02";Ela tenta nadar pra cima.
1459720;1465020;"02";O Marcos, ele costuma sonhar que ele tá numa casa de campo, rodeada por pets, né?
1465080;1469580;"02";Um vira-lata caramelo, um papagaio, fazendo bagunça ali.
1469880;1472560;"02";Outros animais, como o iguana e outros...
1473080;1477520;"02";Até animais que ali não são tão de estimação, de um lado pro outro.
1477900;1480140;"02";O sonho dele hoje inclui cavalos, né?
1480520;1483440;"02";E outros animais que ele encontrou ali naquele hotel fazenda.
1483940;1486340;"02";Embora os animais estejam todos brincando.
1486560;1491980;"02";Tu tá sentado, assim, na escada dessa casinha dos sonhos ali pra ti.
1492500;1494080;"10, 02";E tu não tá tão animado.
1494280;1496780;"10";Eu olho pros animais, assim, meio triste ainda.
1497420;1499200;"10";Lembro do que aconteceu e tal.
1500080;1502960;"10";Só fico observando, tentando me animar, mas...
1502960;1505660;"10";Sabe quando você tá triste e você não consegue se levantar?
1506060;1508020;"10, 03";Você fica ali sentado, amuadinho.
1508440;1512600;"10";Ele só junta a cabeça nos joelhos e fica ali agarrando as piscinas.
1512600;1515740;"10, 02";A varanda que tu tá, da casinha, né?
1515740;1517100;"02";Ela tem um corrimão.
1517800;1520440;"02";E tu escuta um barulho de uma batida nesse corrimão.
1520840;1524160;"02";Quando tu olha, tem uma menina num skate, assim.
1524240;1525640;"02";Ela faz um slide, né?
1525800;1528540;"02";Ela corre o skate por esse corrimão.
1528680;1530280;"02";Ela pula sobre a tua cabeça.
1530880;1533000;"02";Ela cai do outro lado, ali no gramado.
1533460;1536300;"02";Ela bate o pé no skate pra ir ali pra mão dela.
1536880;1538640;"02";Ela tem o cabelo liso, longo.
1539100;1541600;"02";Tingido, assim, de um azul bem vibrante.
1542060;1543360;"02";Ela tem um pierce no nariz.
1543600;1545560;"02";Ela tem umas calças largas.
1545740;1547920;"02";Enchei de bolsa, aquelas calças ao cargo, né?
1548400;1550760;"02";Ela tá com uma blusa cropped, né?
1550900;1553120;"02";Preto, assim, com a barriga de fora.
1553200;1555700;"02";Um tênis de um all-star de cano alto.
1556400;1558880;"02";Ela tem uma mochila colorida, assim, nas costas.
1559380;1560520;"02";E ela fala pra ti.
1560880;1562800;"06";Oi, eu sou a Milly. Tudo bem?
1563580;1563980;"02";Oi.
1564680;1566340;"06";Seguinte, vamos encontrar suas amigas.
1566360;1567560;"06";E aí eu preciso ficar só uma vez.
1568040;1569440;"02";Tá bom.
1569440;1572600;"02";Ela põe o skate no chão, que agora é um grande patinete.
1573100;1573600;"06, 02";E ela fala...
1573600;1573980;"06, 02";Sabe o quê?
1574300;1575440;"10, 02";Ele vai meio desconfiado.
1576100;1576980;"10, 06";Como é seu nome mesmo?
1577000;1577940;"10, 06";É Milly, de Emiliane.
1578340;1579740;"06";Mas todo mundo me chama só de Milly.
1579840;1581660;"10";Prazer, Milly. Eu sou o Marcos.
1582240;1583700;"06";Eu sei, mas vamos atrás da Bela.
1583980;1584860;"10, 02";Tá bom.
1585300;1585900;"06";Se segura.
1586180;1589500;"02";Ela começa a andar com o patinete ali.
1591160;1593440;"02";O sonho comum da Bela é uma biblioteca.
1594140;1596600;"02";Tá numa biblioteca, assim, cheia de livros.
1596600;1599800;"02";Só que cada livro que tu pega, ele tá em branco, assim.
1600280;1603520;"02";Tu tá pegando vários livros, assim, meio desesperado até.
1603720;1605600;"02";E nenhum deles tem uma história prazerosa.
1605740;1606240;"02";Pra ti.
1606500;1607900;"02";Eu... eu continuo, gente.
1607900;1609900;"02";Bela, tu tá lá desesperada, assim.
1609900;1612900;"02";A biblioteca é um ambiente silencioso, obviamente.
1613340;1617240;"02";Tá só você ali, de um lado pro outro, puxando os livros e tal.
1617240;1619240;"02";Quando tu escuta o barulho de uma moto.
1619240;1622240;"02";A moto se aproxima de... de você, né?
1622240;1624740;"02";É uma moto grande e tal, ela... ela para.
1624740;1631740;"02";Tu vê que no... no... na garupa desta moto está o Marcos, assim, meio assustado em como eu vim parar aqui.
1631740;1632000;"02";A menina... é... aquela mesma menina de cabelo... é... longa.
1632000;1632020;"02";A menina... é... aquela mesma menina de cabelo... é... longa.
1632020;1632100;"02";A menina... é... aquela mesma menina de cabelo... é... longa.
1632100;1636100;"02";A menina... é... aquela mesma menina de cabelo... é... longa.
1636100;1638900;"02";De azul vibrante, ela olha pra... ela tira o capacete.
1638900;1640900;"02";O Marcos não está de capacete, mas ela está.
1640900;1642900;"02";Ela tira o capacete, olha pra ti e fala...
1642900;1643900;"06";Oi, Bela.
1643900;1645400;"06";Me chamo Miliane.
1645400;1646900;"06, 07";Queria conversar com você.
1646900;1647900;"07";Você pode me acompanhar?
1647900;1652900;"07";A Bela, quando ela escutou a moto, ela já virou, assim, com o livro na mão pra tentar.
1652900;1655900;"07";Mas aí, quando ela viu o Marcos, ela ficou mais calma e tal.
1655900;1661400;"07";Ela só bota o livro, assim, perto... mas não tinha mesas e cadeiras e...
1661400;1661900;"07";E coisas assim. Mas aí, quando ela viu o Marcos, ela ficou mais calma e tal.
1661900;1663900;"07";E coisas assim. Mas aí, quando ela viu o Marcos, ela ficou mais calma e tal.
1663900;1667900;"07";E aí, ela põe... joga, assim, o livro vazio e só vai!
1667900;1668900;"07";Bem quietinha, sabe?
1668900;1670900;"07";Meio desconfiada, ela não fala nada.
1670900;1671660;"02, 07";Ela só vai.
1671660;1675660;"02";A moto tem do lado uma carretilhazinha ali, um carrinho, né?
1675660;1683660;"02";Que antes não estava ali, mas tá prontinho pra te receber e, vocês três, partem da biblioteca.
1683660;1688600;"02";Ana Lúcia, quando tu chega fora do oceano, e vê aquela lancha,
1688600;1690600;"02";tem uma menina de cabelo longo e azul.
1690600;1691700;"02";Ela está segurando a lanterna...
1691700;1694020;"02";E sentado assim, meio assustado
1694020;1695700;"02";Na parte de trás da lancha
1695700;1697460;"02";Tá o Marcos e a Bela
1697460;1698920;"06, 02";Oi, eu sou a Miliane
1698920;1700420;"08, 06";Mas você pode vir com a gente?
1700540;1702340;"08";Eu posso, e aí ela olha pros dois
1702340;1703500;"08";O que vocês estão fazendo aqui?
1703980;1707080;"10";Essa é a pergunta que eu também tô me fazendo já tem algum tempo
1707080;1708440;"10, 07";Eu não sei
1708440;1710680;"10, 07";Inclusive, como é que isso aqui virou um barco?
1710760;1711600;"10";Eu tô olhando pros lados
1711600;1713800;"10, 07";Antes era uma moto
1713800;1716340;"02, 07";Era um batinete, que era um skate
1716340;1717400;"02";Meu Deus
1717400;1719360;"02";Ela estende a mão pra Ana Lúcia
1719360;1720700;"02";Pra puxar ela do mar
1720700;1721680;"02";Você vai, Ana Lúcia?
1721860;1725580;"08, 02";No que ela te coloca sentada ali
1725580;1726740;"02";Na lancha
1726740;1729260;"02";As tuas pernas voltam a ser pernas
1729260;1732020;"08, 03, 02";Ela acelera a lancha
1732020;1735640;"02";O carro para
1735640;1736920;"02";Numa garagem
1736920;1738320;"02";Ela desliga o motor
1738320;1740680;"02";Ela sai ali
1740680;1743500;"02";A garagem e a sala ali
1743500;1744660;"02";Do lado dessa garagem
1744660;1745580;"02";Não chega a ter uma porta
1745580;1747780;"02";A garagem já acaba numa grande sala
1747780;1750560;"02";Tudo é branco, tem uma mesa com cadeiras
1750560;1751800;"02";No meio
1751800;1754940;"02";Tem alguns utensílios pelos cantos
1754940;1757800;"02";Mas tudo é totalmente branco
1757800;1760280;"02";Como se tu não prestasse muita atenção
1760280;1763220;"02";As coisas se escondiam no próprio cenário
1763220;1765040;"02";A Miri senta numa das cadeiras
1765040;1766600;"02";Aponta as outras cadeiras pra vocês
1766600;1768280;"08, 06, 02";Vocês poderiam se sentar, por favor?
1768680;1769320;"08";Claro, ok
1769320;1772820;"08";E aí a Ana Lúcia senta
1772820;1774100;"08";Não de frente
1774100;1776620;"08";As cadeiras estão em círculo?
1777140;1778580;"08";Em volta de uma mesa
1778580;1779560;"08, 02";Ah, ok
1779560;1780400;"08";Ela
1780560;1782220;"08";Ela não senta de frente pra Miri
1782220;1783020;"08";Ela senta
1783020;1784180;"08, 02";Do lado dela
1784180;1785100;"08, 02";Pode ser
1785100;1787420;"07";A Bela vai sentar bem pertinho
1787420;1788680;"07";Da Ana Lú
1788680;1789760;"07";Bem, bem pertinho
1789760;1790500;"07";Que ela tá, tipo
1790500;1791660;"07";Você vai me proteger
1791660;1793500;"02, 07";E o Marcos na cadeira que sobe
1793500;1793820;"06, 02";Então
1793820;1794980;"06";Meu pai e minha mãe
1794980;1796200;"06";Vão se separar
1796200;1797900;"06";E eu vou ter que morar com a minha mãe
1797900;1798840;"06";Na cidade de vocês
1798840;1801400;"06";Como ela não entende de informática
1801400;1803580;"06";Ela me pediu pra olhar uns apartamentos pra gente
1803580;1805180;"06";E eu tô olhando apartamentos
1805180;1805780;"06";E pensando
1805780;1807360;"06";Na escola que eu vou
1807360;1808560;"06";E eu pesquisei na internet
1808560;1809700;"06";Sobre a escola de vocês
1809700;1810400;"06";E descobri
1810400;1811400;"06";Por uma postagem
1811400;1812740;"06";Que vocês ganharam um prêmio
1812740;1814220;"06";De feira de ciências lá esse ano
1814220;1815820;"06";Então vocês são alunos de lá
1815820;1817200;"06";E estão da minha idade
1817200;1817860;"06";Eu pensei
1817860;1819320;"06";Poxa, elas não sabiam o que me dizia da escola
1819320;1820920;"06";Se a escola é boa ou não
1820920;1823400;"06";Então eu construí o sonho de vocês quatro
1823400;1824080;"06";E tô aqui agora
1824080;1826060;"06";Não podia ter mandado um e-mail?
1826340;1827660;"06";Uma mensagem?
1827920;1828240;"10, 06";Instagram?
1828780;1830640;"06";Não tenho contato de vocês lá na postagem
1830640;1832620;"06";Mas talvez o Instagram funcionasse, né?
1833100;1833840;"06";É, é
1833840;1835620;"06";Mas eu tô muito empolgada
1835620;1837420;"06";Minha mãe tá me incomodando
1837420;1838900;"06";Pra encontrar um apartamento logo
1838900;1839400;"06";Vocês...
1839400;1840400;"06";Vocês gostam?
1840400;1841240;"06";Gostam da escola de vocês?
1841760;1842940;"10";A gente ganhou um prêmio
1842940;1845300;"10";E tá num hotel fazenda muito divertido
1845300;1846840;"10";Pelo menos, tá?
1847020;1847220;"06";Tá
1847220;1849180;"06";Mas e pros alunos normais, assim?
1849260;1850540;"06";A gente não fala com eles
1850540;1853720;"09";É o ar
1853720;1854680;"09";É o ar
1854680;1857940;"09";O Marcos com certeza não fala
1857940;1858700;"09";Porque ele é quieto
1858700;1860080;"09";Ele só fala com os amigos dele
1860080;1863660;"08, 00";Os amigos da Bel são de livros, então...
1863660;1865420;"08";Tem várias atividades
1865420;1867120;"08";Fora das aulas
1867120;1868740;"08";Que você pode...
1868740;1870280;"08";Conhecer bastante gente legal
1870400;1872200;"08, 07";Tem bastante livro na biblioteca
1872200;1874080;"07";Você pode pegar de graça
1874080;1875640;"07";É só devolver a tempo
1875640;1877440;"10, 07";Tem ótimos livros de animais
1877440;1878640;"10";Recomendo
1878640;1880440;"10, 06";Eu vi que seu lance é bicho, né?
1880920;1882960;"06";Desculpa ter invadido seu sonho assim, por sinal
1882960;1884960;"06";Mas já vi coisa muito pior
1884960;1885580;"06";Não se preocupe
1885580;1886020;"06, 09";Ok
1886020;1888660;"09";Eu não tava preocupado até agora
1888660;1890380;"06, 09";Como é que você faz isso?
1890440;1892500;"06";Você costura os sonhos?
1892980;1893220;"06";Então
1893220;1895240;"06";Eu tô numa profissão nova
1895240;1897840;"06";Ainda não tem nome muito bem definido
1897840;1900240;"06";Eu sou uma influenciadora de sonhos
1900400;1902160;"06";Dream Influencer
1902160;1904940;"06";Sabe quando você acorda e tá com uma vontade maluca
1904940;1905900;"06";De tomar um refrigerante?
1906660;1907660;"06";Provavelmente fui eu
1907660;1910740;"06";Acho que é por isso que eu tenho esse lugar em branco aqui pra mim
1910740;1912680;"06";Talvez a moral da história seja
1912680;1914820;"06";Que quando você transforma seu sonho
1914820;1915380;"06";Em um trabalho
1915380;1917600;"06";Você perca seu próprio sonho?
1918540;1919020;"06";Sei lá
1919020;1921740;"06";Mas o importante é que agora eu tô conhecendo vocês
1921740;1923520;"06";Vou chegar na escola com amigos
1923520;1924540;"08, 06";Espera
1924540;1927920;"08";Sim, mas se você tem a nossa idade
1927920;1930200;"08";Por que você trabalha?
1930400;1931060;"08";Com sonhos?
1931340;1932740;"06";Já ouviu falar em Maísa?
1932820;1933880;"06";Maria Joaquina
1933880;1936000;"06";Qual o nome daquela menina mesmo?
1936800;1937680;"06";Valerice Manoela
1937680;1940020;"06";Ah é, aquela lá que foi presa esses tempos
1940020;1941740;"06";Que é filha de dois ex-BBBs
1941740;1943460;"06";Ela começou a beber, ganhando milhões
1943460;1946680;"06";Por que eu não posso começar com 16 e trabalhar também?
1946920;1948520;"06";Ok, ok, você tem um ponto
1948520;1951160;"06";Minha mãe não aceitou meu emprego
1951160;1951960;"06";Ninguém entende
1951960;1954160;"06";Ah, ela vive no mundo dos sonhos
1954160;1956900;"06";Poxa, as marcas me pagam pra falar delas nos sonhos
1956900;1957700;"06";Funciona
1957700;1959500;"10, 06";É, ok
1959500;1959740;"10";Ok
1959740;1962020;"10";Mas como é que você entrou nesse ramo?
1962180;1963520;"06";É, complicado explicar
1963520;1965300;"06";Mas foi por um sonho
1965300;1967800;"06";Chegaram assim no meu sonho e eu conheci o serviço
1967800;1969340;"06";Daqui a pouco eu tenho que acordar
1969340;1971280;"06";Minha mãe vai chegar muito cedo
1971280;1972920;"06";E a gente tem que ir preparar algumas coisas
1972920;1975300;"06";Posso fazer uma pergunta mais específica?
1975820;1976300;"06";Pode
1976300;1977400;"06";Pode
1977400;1978380;"10, 06";Manda ver
1978380;1979860;"10, 06";O que aconteceu com o amigo de vocês?
1980060;1982920;"06";Quer dizer, ele não vai conseguir acordar daquele sonho, vai?
1983160;1985080;"10, 06";É um assunto delicado
1985080;1987180;"10, 06";A gente podia ir lá e fazer ele acordar
1987180;1987880;"06";Se vocês quiserem
1987880;1988860;"10, 06";Isso é possível?
1989740;1991220;"10";Essa baixa, ele se levanta
1991220;1991820;"10";Isso é possível?
1992080;1992380;"10, 06";Sim
1992380;1994640;"06";Tem uma coisa na cabeça dele impedindo ele de acordar
1994640;1996600;"06";É só chegar lá e tirar essa coisa
1996600;1998720;"06";E daí ele acorda
1998720;1999840;"10";Eu olho pras meninas
1999840;2003020;"10";Com aquele olhar esperançoso, arregalando
2003020;2004160;"10, 06";Mas é perigoso?
2004340;2006280;"06";Bem, comigo de guia, não
2006280;2013020;"10, 06";Bom, ela trouxe a gente aqui em diversos veículos imaginários malucos
2013020;2013880;"10";Em segurança
2013880;2014860;"10";Mas malucos
2014860;2016640;"10, 06";Não vai ser perigoso pra ele, não, né?
2016700;2017060;"06";Não
2017060;2019220;"06";Talvez se ele não acordar, seja perigoso
2019740;2021120;"06";Mas acordar nunca é perigoso
2021120;2022920;"06, 02";Ok, eu topo
2022920;2023920;"06";Então, então vamos
2023920;2025060;"10, 06, 02";Eu já tô de pé
2025060;2028460;"02";Ela levanta, assim, abre uma porta
2028460;2029820;"02";Termina aqui
2029820;2032960;"02";A porta dá pra uma praia, assim, de areia bem branquinha
2032960;2034000;"06, 02";Então vamos lá
2034000;2035240;"06";Então vamos embora
2035240;2037940;"06, 02";Vocês três saem ali pra aquela praia
2037940;2038520;"02";Sim
2038520;2041980;"06, 02";Ela fecha a porta atrás dela
2041980;2045680;"02";Só tem agora uma pequena ilha onde vocês estão
2045680;2048260;"02";Tem um barquinho de madeira ali
2048260;2049120;"02";Empurrado
2049740;2051720;"02";Mas ela ri pro barquinho
2051720;2054840;"02";Ela olha pra Ana Lúcia
2054840;2056760;"06, 02";Eu prefiro a minha lancha
2056760;2058540;"06";Espero que não se sinta ofendida
2058540;2059000;"06";Bem
2059000;2061320;"06";Assim, a coisa mais importante que vocês têm que saber
2061320;2062460;"06";Sobre o mundo dos sonhos
2062460;2063900;"06";Espera
2063900;2065680;"06";Alguém me chamou
2065680;2067380;"06";Puts, minha mãe
2067380;2069460;"06, 02";Ela desaparece
2069460;2071200;"06, 02";Ai, não
2071200;2073000;"06";Oi?
2073480;2074760;"08, 06";Outra coisa mais importante
2074760;2076400;"10";Volta aqui, o Miley
2076400;2077740;"10";Miley, Miley
2077740;2078580;"08, 10";Eu não sei mais
2078580;2081480;"08, 10";A gente vai ficar preso aqui agora
2081480;2083020;"08, 02";Eu olho pra trás, a porta sumiu?
2083160;2083540;"02";Sumiu
2083540;2086100;"02";Tem só uma pequena ilha de areia branca e o barquinho
2086100;2086860;"02";Ai, caramba
2086860;2089620;"08, 02";Eu acho que a gente tem que pegar o barquinho
2089620;2091600;"08";É, Guaxa, eu reconheço o barquinho
2091600;2093120;"08, 02";Tu reconhece o barquinho?
2093660;2095560;"08";Não, a gente não pode pegar esse barco
2095560;2097500;"08";Mas é a única coisa que dá pra fazer
2097500;2099240;"08";Não, mas aí a gente vai sair com ele
2099240;2101360;"08";E aí o céu vai escurecer
2101360;2102580;"08";Vai começar uma tempestade
2102580;2103640;"08";O barquinho vai virar
2103640;2104900;"08";E a gente vai se afogar
2104900;2106280;"08";Não, melhor não
2106280;2108000;"08, 10";Mas tá lindo o céu
2108000;2108560;"08, 10";E a gente vai sair com ele
2108560;2109700;"10";A gente tem que sair dessa ilha
2109700;2111960;"10";Se a gente ficar nessa ilha, como é que a gente vai...
2111960;2113600;"10";Se bem que eu não sei nem pra onde é
2113600;2115760;"10";Que fica o sonho do Fabrício
2115760;2116920;"08, 10";Eu tô olhando assim
2116920;2118420;"08, 10";Dá pra ver alguma coisa no horizonte?
2119280;2120660;"10, 02";Dois dados, Ana Lucinha
2120660;2123160;"08";Eu tirei seis e cinco
2123160;2124360;"02";São dois acertos
2124360;2127620;"02";Olha assim, por um momento tu acha que tudo em volta
2127620;2129200;"02";É escuro, né?
2129260;2131560;"02";Além das estrelas lá no céu e uma lua
2131560;2133920;"02";Mas aí tu nota assim, no horizonte
2133920;2136440;"02";De frente, reto, pra onde o barquinho tá apontado
2136440;2138540;"02";Tu vê uma luz, assim, piscando
2138560;2140280;"02";Foram dois acertos?
2140400;2141980;"02";Piscando não, é como se ela rodasse
2141980;2144540;"02";Como se fosse um farol pra guiar vocês
2144540;2146660;"08, 02";Gente, tá
2146660;2149480;"08";Talvez tenha uma ilha lá na frente
2149480;2150600;"08";Aí ela aponta, assim
2150600;2152280;"08";Parece que tem um farol
2152280;2154000;"08, 10";Bom, então a gente precisa ir até lá
2154000;2155960;"10";Mas pra isso precisamos do barquinho
2155960;2157340;"08, 10";Ou dá pra ir nadando
2157340;2158620;"10";Ou você que prefere ir nadando
2158620;2159680;"08, 10";Talvez eu cons...
2159680;2160900;"08";Não, é muito longe
2160900;2163100;"08, 10";Mesmo com treinamento
2163100;2165180;"08";Não daria como a gente ir nadando pra lá
2165180;2167320;"08, 10";Pois é, a Bela já morreu com um pouco de trilha
2167320;2168380;"10";Quem dirá nadando
2168380;2169500;"10";Com todo respeito, Bela
2169500;2172300;"10, 07";Não, até que no mar é mais fácil, né?
2172440;2173740;"07";A gente fica mais leve
2173740;2175180;"07";Mas eu não confio, não
2175180;2177320;"10, 07";Se bem que você, Analu, nada muito bem, né?
2177640;2178260;"10";Qualquer coisa
2178260;2182200;"10, 07";Gente, tem um barquinho aqui
2182200;2183920;"07";É besteira ir nadando
2183920;2185200;"10, 07";Eu digo qualquer coisa
2185200;2186440;"10";A gente pode contar com ela
2186440;2187360;"10";Ela nada muito bem
2187360;2188820;"08, 10, 07";Ah, pra gente não se afogar?
2189020;2189640;"08";É verdade?
2189860;2191260;"08";Então, esse é o problema
2191260;2193240;"08, 10";A gente tá no sonho
2193240;2196400;"08, 10";Eu sempre tenho um sonho muito parecido com isso aqui
2196400;2197700;"08";Um barquinho
2197700;2198200;"08";Num...
2198380;2198820;"08";Um mar
2198820;2200580;"08";Eu sempre me afogo no final
2200580;2201880;"08, 07";Ai, que horrível
2201880;2203680;"07";Mas é um sonho
2203680;2205980;"07";Então, tá na nossa mente
2205980;2208080;"07";E a gente fica pensando
2208080;2210160;"07";Talvez não aconteça
2210160;2212000;"07";Vamos ficar pensando positivo
2212000;2212980;"07";Que não vai acontecer
2212980;2215100;"07";Vamos ficar pensando em céu limpo
2215100;2216660;"07";Mar calmo
2216660;2218040;"07";Barco inteiro
2218040;2220680;"07";E aí eu acho que pode funcionar
2220680;2222260;"10, 07";Principalmente você, Analu
2222260;2224780;"10";Já que talvez esse aqui seja o seu sonho
2224780;2226860;"10";Você deve conseguir controlar ele, não?
2227140;2227620;"08";Tá, é
2227620;2228360;"08";Acho que talvez é o melhor
2228380;2230680;"08";Eu nunca estive tão acordada
2230680;2232340;"08";Assim, dentro do sonho
2232340;2234100;"08";E talvez com vocês aqui
2234100;2235380;"08";Talvez funcione
2235380;2237100;"08, 02";O barquinho tem dois remos, né?
2237480;2239040;"02";E tem espaço pra dois remadores
2239040;2241340;"02";E a parte de trás tem uma
2241340;2243600;"02";Uma parte pra condução, né?
2243880;2246000;"02";Então um de vocês vai guiar este barco
2246000;2248720;"02";E dois de vocês vão remar
2248720;2249720;"10, 02";Eu remo
2249720;2251000;"10";Como outra pessoa
2251000;2252100;"08, 10";Eu posso remar também
2252100;2253240;"08";Vamos guiar
2253240;2257260;"08, 02";A Bela senta na parte do fundo do barco
2257260;2258040;"02";Primeiro os três
2258040;2260700;"02";Se ajudam pra botar esse barco na água, né?
2260760;2262640;"02";Não tem mais arrastado pra areia ali
2262640;2264600;"02";Ele não tem uma âncora em cima
2264600;2267080;"02";Então ele tava só no banco de areia
2267080;2268620;"02";Pra o mar não levar, né?
2268760;2270420;"02";Depois a Bela senta na parte de trás
2270420;2272180;"02";Segura assim o...
2272180;2273740;"02";Não sei se o nome é leme também
2273740;2276980;"02";Mas é a parte pra controlar aquela quilha de trás do barquinho
2276980;2278560;"02";Pra guiar ele
2278560;2279980;"02";Parece ser simples, né?
2280020;2280600;"02";Só ir reto
2280600;2285060;"02";E enquanto o Marcos e a Ana Lúcia estão remando
2285060;2287680;"02";Um de vocês tá dando um dado pro outro
2288040;2289660;"02";Três dados, um de vocês
2289660;2290740;"02";É força
2290740;2294940;"08, 02";Eu tirei quatro, três e três
2294940;2296280;"08, 02";Perfeito
2296280;2298400;"02";O Marcos e a Ana Lúcia estão, assim
2298400;2301540;"02";Remando perfeitamente em sincronia
2301540;2303300;"02";Com bastante força ali
2303300;2305340;"02";O barco tá indo bem rápido
2305340;2308200;"02";Bela, vou te pedir pra rolar três dados também
2308200;2310980;"02";Porque o barco tá tão firme, tão retinho
2310980;2312320;"02";Tá bem fácil de guiar
2312320;2313880;"02";Seu atributo ou mais
2313880;2316660;"07, 02";Cinco, cinco, três
2316660;2317720;"02";Dois acertos
2317720;2319240;"02";E um acerto crítico, assim
2319240;2320960;"02";É perfeito
2320960;2324160;"02";Vocês estão guiando esse barco
2324160;2325220;"02";Em linha reta
2325220;2327560;"02";Em direção àquela luz
2327560;2328900;"02";No horizonte, né?
2329160;2331220;"02";No meio do caminho, o céu fecha
2331220;2334700;"02";Começa a chover bastante, né?
2334980;2336000;"02";Ana Lúcia, dois dados
2336000;2337120;"02";Atributou mais
2337120;2340260;"08, 02";Eu tirei cinco e quatro
2340260;2340860;"02";Perfeito
2340860;2343500;"02";Tu não te abala ali, talvez pelos teus amigos
2343500;2345200;"02";Ali pelas palavras que tu ouviu antes
2345200;2347300;"02";Mas, embora esteja muito parecido
2347720;2349080;"02";Com o teu pesadelo
2349080;2351620;"02";Continua mantendo firme ali
2351620;2353780;"02";Junto com os teus colegas
2353780;2355280;"02";Remando, né?
2355640;2356520;"02";Em linha reta
2356520;2358640;"02";Em direção àquele farol
2358640;2361840;"02";A chuva molha vocês todos, né?
2361920;2362980;"02";É horrível ali
2362980;2364120;"02";Ela é pesada, ó
2364120;2365880;"02";Como se fosse uma tempestade mesmo
2365880;2368240;"02";Vocês mal conseguem ver ali
2368240;2369600;"02";A frente, né?
2369880;2371020;"02";Bela, dois dados
2371020;2373000;"07, 02";Cinquenta e três
2373000;2373600;"02";Perfeito
2373600;2375400;"02";O barco tá bem rápido
2375400;2377540;"02";Deslocando na água ali
2377540;2377700;"02";E aí, ó
2377720;2379360;"02";Os dois tão de costas, né?
2379440;2380800;"02";Pro ponto pra onde eles tão indo
2380800;2382380;"02";Eles tão remando ali
2382380;2384140;"02";Quem tá olhando pra frente é você
2384140;2387360;"02";Tu nota que já tá bem próximo do farol
2387360;2389920;"02";Já dá pra ver uma estrutura de pedra bem grande
2389920;2391700;"02";Com a luz rodando lá em cima
2391700;2393820;"02";E tu vê as pedras em volta
2393820;2394980;"02";Desse farol
2394980;2398320;"02";Tem ali um pequeno cais que avança pro mar
2398320;2400200;"02";Consegue guiar o barco até ali
2400200;2401640;"02";E não jogar o barquinho
2401640;2403340;"02";Contra as pedras, né?
2403740;2406000;"02";Ao contrário do que eu imaginei com essa chuva de críticas
2406000;2407680;"02";O barquinho chegou inteiro
2407680;2409840;"07, 02";Lá na ilhazinha com o farol
2409840;2410960;"02";Muito bom
2410960;2413220;"07, 02";Porra, viu? Eu falei
2413220;2416180;"07";Era só pensar positivo que a gente conseguia
2416180;2417620;"10, 07";Pois é, Ana Loura
2417620;2418720;"10, 07";Muito bem também, Bela
2418720;2420340;"10, 07";Tô limpo os óculos
2420340;2422600;"10";Tirando as gotículas de água
2422600;2424540;"10";Ainda bem que foi a Bela que guiou o barco
2424540;2425640;"10";Se fosse eu, não ia dar certo
2425640;2427620;"10, 07";Acho que você foi ótimo no remo
2427620;2428460;"10, 07";Pois é, né?
2428940;2430820;"10";Acho que o perigo ajuda às vezes
2430820;2433340;"10, 02";A tempestade começa a ter raios ali
2433340;2434960;"02";Tá cada vez mais forte
2434960;2436720;"02";Um vento forte também
2436720;2437500;"02";Tá...
2437500;2439440;"02";Tá soprando ali sobre vocês
2439440;2440080;"02";Vocês vão fazer o quê?
2440180;2442340;"07";Acho que a gente precisa procurar abrigo
2442340;2445580;"07";Senão a gente vai ser pego pela tempestade
2445580;2447820;"10";Guaxa, essa parte onde vem a luz
2447820;2448900;"10";É tipo um farol mesmo?
2449440;2450640;"10, 07";É um farol, assim
2450640;2451380;"10";É um farol
2451380;2453260;"10";A gente pode se abrigar ali no farol, então
2453260;2454820;"10, 07";Então vamos, corre, corre, corre
2454820;2457120;"10, 07";Só cuidado que o pé tá molhado pra não escorregar
2457120;2458000;"10, 07";É areia
2458000;2460020;"02, 07";O farol ali não tem a porta, né?
2460080;2462780;"02";Ele é todo feito de pedra, né?
2462780;2464740;"02";Ele não é muito grande ali
2464740;2466740;"02";Não é maior do que uma sala
2467500;2468180;"02";Talvez
2468180;2470720;"02";Vocês entram no farol lá dentro
2470720;2471900;"02";Tá seco, né?
2471900;2476520;"02";O som da chuva é abafado pelas pedras ali
2476520;2477660;"02";Não tem uma escada
2477660;2479920;"02";Pelo menos não onde vocês estão ali
2479920;2482020;"02";Mas tem outros caminhos ali
2482020;2483020;"02";Tem outras portas
2483020;2484740;"02";Também, assim, não tem a porta
2484740;2486040;"02";Tem um batente da porta, né?
2486080;2488980;"02";Tem a passagem pra outras áreas de pedra ali também
2488980;2491040;"02";Mas dá pra ver o que tem além?
2491180;2493360;"02";Salas vazias, assim, feitas de pedra
2493360;2495700;"02";Mas com outras passagens, assim
2495700;2497300;"02";O lugar, estranhamente
2497300;2498760;"02";É bem maior por dentro
2498760;2501720;"08";Gente, se a gente passou por uma porta
2501720;2502980;"08";Pra chegar na praia
2502980;2505480;"08";Será que a gente consegue usar
2505480;2506800;"08";Um desses
2506800;2508760;"08";Dessas passagens
2508760;2510900;"08";Pra chegar em outro lugar?
2511500;2512180;"10";Provavelmente
2512180;2515080;"08, 10, 07";Não sei exatamente como funciona, né?
2515480;2518180;"10";Mas, tipo, qual dessas passagens
2518180;2519540;"10";Deve ser a passagem certa?
2520000;2520940;"10";Que vai levar pro Fabrício
2520940;2522580;"10, 07";Não sei
2522580;2524580;"07";Se a gente pensar, tipo
2524580;2526660;"07";Ai, eu quero ver essa porta
2526660;2528320;"07";Nos leve ao Fabrício
2528320;2529180;"07";Será que funciona?
2529320;2530800;"08, 10, 07";Com o seu pensamento positivo
2530800;2532860;"10, 07";Trouxe a gente aqui pro farol
2532860;2534740;"08, 10, 07";Se a Miriam estivesse aqui
2534740;2538160;"08, 10, 07";Então a gente pode manter o pensamento
2538160;2539940;"10";A ideia é bela
2539940;2542460;"10";Aparentemente você é a melhor pessoa pra pensar
2542460;2544180;"10, 07";Então vamos, vamos todos juntos
2544180;2546260;"07";Vamos abrir aqui essa porta
2546260;2548380;"07";Aí o Chico perde uma porta
2548380;2551420;"02, 07";Vocês três, então, com o pensamento positivo
2551420;2553200;"02";Cruzam uma porta
2553200;2555640;"02";A sala que vocês entram
2555640;2556640;"02";É uma sala de pedra
2556660;2558780;"02";Assim, com muitas outras opções de porta
2558780;2560520;"02";Se olharem pra trás
2560520;2562880;"02";O lugar que vocês saíram
2562880;2563700;"02";Aquela entrada
2563700;2565920;"02";Ela não existe mais, é uma outra sala
2565920;2567160;"02";Com muitas outras portas
2567160;2569780;"02";Nenhuma delas leva pra chuva ali
2569780;2571040;"02";O que vocês vão fazer?
2571640;2574720;"07";Tem algum som saindo das portas?
2574960;2575560;"02";Dois dados
2575560;2578100;"07, 02";Seis e seis
2578100;2580240;"02";Tu começa a andar ali
2580240;2581800;"02";A tentar ouvir, né?
2582660;2584520;"02";Tu nota que
2584520;2585980;"02";Algumas salas, assim
2585980;2586520;"02";Mais altas
2586660;2587160;"02";À frente
2587160;2590640;"02";Tem algumas tochas nas paredes
2590640;2592420;"02";São salas maiores
2592420;2594100;"02";Chega a ver algumas salas com
2594100;2596420;"02";Tecido, um tecido grosso
2596420;2597560;"02";Pendurado na parede
2597560;2599880;"02";Não como uma cortina, mas como um enfeite
2599880;2601900;"02";De uma parede de pedra
2601900;2604240;"02";Te dá um gelado, assim, quando tu nota
2604240;2606140;"02";Que não é um farol, é um castelo
2606140;2607500;"07, 02";Eu travo
2607500;2608860;"07";Eu travo totalmente
2608860;2610660;"07";Eu fico sempre paralelada
2610660;2611940;"07";Bela, tá tudo bem?
2612440;2613620;"07";A gente tem que sair daqui
2613620;2615980;"07";Muito, muito rápido
2615980;2617360;"07";Tipo, muito rápido
2617360;2618720;"07";Vai chegar
2618720;2620180;"08, 07";A gente vai morrer
2620180;2622380;"08, 03, 07";Não, a gente tem que sair daqui, mas
2622380;2623280;"08";Quem?
2623780;2625140;"08";Ele vai chegar
2625140;2626720;"08, 07";É um monstro
2626720;2630480;"07";Não era o bicho, eu não sei o que ele é
2630480;2632140;"07";Eu sei que ele é gigantesco
2632140;2633460;"07";A gente tem que correr
2633460;2636220;"10, 07";Tá, mas você tem uma noção
2636220;2638240;"10";De pra onde a gente tem que correr?
2638960;2640660;"07";Eu não sei, normalmente eu só corro
2640660;2642660;"07";Corro, corro, corro até acordar
2642660;2644580;"10";Isso não vai ser funcionar
2644580;2645820;"02";Bela, eu te tiro dois acertos
2645980;2648480;"02";Tu olha pra uma das portas ali
2648480;2650260;"02";Lá no fundo, na escuridão
2650260;2652720;"02";Dois grandes olhos vermelhos, assim
2652720;2653820;"02";Te encaram
2653820;2655420;"07, 02";Ali, ali
2655420;2657000;"07";Corre, corre
2657000;2658720;"07";E eu corro por outro lado
2658720;2659660;"02, 07";Os outros?
2659880;2660700;"02";Bela, pera aí
2660700;2660980;"02";Bela
2661540;2663020;"08, 02";Eu corro atrás dela
2663020;2664420;"02";Dois dados cada um
2664420;2666500;"02";Bela, tirou quatro?
2666900;2667680;"07";É, cinco e três
2667680;2668860;"02, 07";Três no acerto crítico
2668860;2670340;"02";Embora o cinco seja uma falha
2670340;2671780;"02";Tem um acerto crítico
2671780;2673880;"02";Realmente, quando em perigo
2673880;2674880;"02";A Bela é um atleta
2674880;2675400;"02";É um atleta?
2675980;2678340;"02";A Ana Lúcia?
2678580;2680060;"08";Eu tirei seis e três
2680060;2681120;"08, 02";Um acerto simples
2681120;2682380;"02";O Marcos?
2682760;2684140;"02";Eu tirei quatro e dois
2684140;2685920;"02";Um acerto simples também
2685920;2688060;"02";Ana Lúcia e Marcos
2688060;2689580;"02";Por alguns momentos
2689580;2691440;"02";Sentem uma afungada, assim
2691440;2693420;"02";Na altura do
2693420;2695840;"02";Do pescoço
2695840;2699240;"02";Um som de mordida, né?
2699640;2700320;"02";Fechando
2700320;2702300;"02";Mas é só isso
2702300;2704940;"02";É só o som e a afungada
2704940;2705920;"02";Vocês não chegam a sentir isso?
2705920;2707100;"02";Isso é o cansado ali
2707100;2708120;"02";Pra Bela
2708120;2709500;"02";Ela tá correndo
2709500;2710480;"02";De um lado pro outro
2710480;2712420;"02";Passando por várias portas
2712420;2713100;"02";E vocês vão
2713100;2714820;"02";Seguindo ali, né?
2715160;2716140;"02";Quando finalmente
2716140;2717740;"02";A Bela abre uma porta
2717740;2721720;"02";Acaba num gramado, assim
2721720;2723060;"02";Vê animais
2723060;2724520;"02";De um lado pro outro
2724520;2726920;"02";Uma casinha de campo
2726920;2727780;"02";Mais à frente
2727780;2729220;"07, 02";Nossa, eu
2729220;2730600;"07";Muito aliviada
2730600;2732200;"07";Me jogo no gramado, assim, ó
2732200;2733120;"07";Esvaída
2733120;2734820;"02, 07";Sim, o Marcos
2734820;2735780;"02";Ele reconhece
2735780;2736820;"02";O local
2736820;2738340;"02";Vocês três
2738340;2740500;"02";Saem daquela estrutura
2740500;2741920;"02";De pedra, né?
2741980;2743540;"02";Deixa eu rolar aqui um dadinho
2743540;2744680;"02";Um pro Marcos
2744680;2746140;"02";Dois pra Ana Lúcia
2746140;2747720;"02";Marcos
2747720;2749060;"02";Marcos, dois dados
2749060;2751320;"02";Cinco e quatro
2751320;2752560;"10, 02";A Bela sai
2752560;2754400;"02";Sente aquele gramado ali
2754400;2755880;"02";Ela se afasta um pouco da porta
2755880;2757680;"02";A segunda a sair pela porta
2757680;2758980;"02";É a Ana Lúcia
2758980;2761380;"02";O terceiro a sair pela porta
2761380;2764000;"02";Seria o Marcos, né?
2764580;2765100;"02";O...
2765100;2765540;"02";Tu sente
2765540;2767100;"02";Uma mordida, assim
2767100;2768580;"02";Na parte de trás
2768580;2769740;"02";Da tua camiseta
2769740;2771480;"02";E te puxa de volta
2771480;2772860;"02";Pra dentro da estrutura
2772860;2774120;"08, 02";A gente
2774120;2775160;"08, 02";Eu puxo
2775160;2776620;"08, 02";Eu tento puxar ele
2776620;2777500;"08, 02";Um dado
2777500;2779500;"08, 02";Eu tirei um
2779500;2780680;"08, 02";Tu segura a mão dele
2780680;2781780;"02";Puxa com força, assim
2781780;2783440;"02";Rasgando a parte de trás
2783440;2784920;"02";Da camisa, né?
2785220;2785920;"02";Pro momento
2785920;2786780;"02";O Marcos
2786780;2787280;"02";Está aqui
2787280;2788560;"02";Estrangulado ali
2788560;2789620;"02";Com a força do
2789620;2790620;"02";Do animal
2790620;2792660;"02";Viu uma boca gigantesca
2792660;2793580;"02";Cheia de dente, assim
2793580;2794620;"02";Puxar a parte de trás
2794620;2795520;"02";Da camisa
2795540;2796020;"02";Do mar
2796020;2797960;"02";Vocês dois caem pra trás
2797960;2799080;"02";Ali quando finalmente
2799080;2800780;"02";Rompe o tecido, né?
2801000;2801960;"02";Mas vocês estão bem
2801960;2803600;"07, 02";Eu me jogo em cima deles
2803600;2804260;"07";Assim, ó
2804260;2805440;"07";Eu também sei
2805440;2806580;"07";Que a gente ia morrer
2806580;2807620;"07";Eu falei
2807620;2808880;"07";Que era só pra correr
2808880;2809860;"09, 07";Peraí
2809860;2810680;"09";Que eu não tô respirando direito
2810680;2813400;"08, 09";Vocês estão bem?
2815240;2816120;"10";Agora eu tô
2816120;2816960;"10";Ei
2816960;2819160;"10";Eu conheço esse lugar
2819160;2820160;"10";Ah, minha casinha
2820160;2821380;"10";Vamos ali pra casinha
2821380;2822140;"10";Pelo menos ali
2822140;2823860;"10";A gente pode recuperar o fôlego
2823860;2824980;"10";Tem água lá dentro
2824980;2825380;"10";Dá pra...
2825540;2826480;"10";Tem até uma roupa
2826480;2827600;"10";Vou trocar essa camisa
2827600;2828760;"10";Que agora tá toda rasgada
2828760;2830300;"08, 10";Ah, bela casinha
2830300;2831400;"08, 10";É bonitinha, né?
2831640;2832420;"10";Feita de madeira
2832420;2833560;"10";Tu abre a porta, Marcos?
2833880;2835320;"10";Eu fui caminhando em direção
2835320;2836420;"10";E fui falando isso
2836420;2837180;"10";Caminhando em direção
2837180;2837880;"10";E abri a porta
2837880;2838860;"10";Ó, abri a porta
2838860;2840380;"10, 02";Tu nota, assim
2840380;2842460;"02";O cheiro doce
2842460;2843760;"02";Invadindo ali
2843760;2845300;"02";O nariz de vocês
2845300;2846700;"02";O lugar lá dentro
2846700;2847360;"02";Não é a casa
2847360;2848280;"02";É um lugar
2848280;2849640;"02";Bem amplo
2849640;2850560;"02";Tão vazio
2850560;2851860;"02";Quanto que vocês viram
2851860;2852480;"02";Da...
2852480;2853560;"02";Da miliane, né?
2853560;2854040;"02";Da mili
2854040;2855200;"02";Só que no centro
2855200;2856580;"02";Desse espaço
2856580;2857180;"02";Em branco
2857180;2858980;"02";Tem uma pessoa em pé
2858980;2861020;"02";Coberta de abelhas
2861020;2861440;"02";Sabe?
2861860;2862780;"02";De forma que
2862780;2863760;"02";Não dá pra ver
2863760;2865260;"02";Nada dessa pessoa
2865260;2866340;"02";Ela tem
2866340;2867380;"02";Abelhas
2867380;2868440;"02";Milhares de abelhas
2868440;2869380;"02";Pousadas nela
2869380;2870700;"02";Tem os braços abertos
2870700;2871080;"02";Assim
2871080;2872460;"02";E essas abelhas
2872460;2872780;"02";Estão
2872780;2874820;"02";Andando pelo corpo dela
2874820;2875900;"02";Enquanto algumas abelhas
2875900;2877060;"02";Voam em volta ali
2877060;2878180;"10";Não dá pra reparar
2878180;2879360;"10";Nada do corpo da pessoa?
2879780;2880400;"10";Que identifique?
2880620;2881000;"10";Não
2881000;2882740;"10";As abelhas estão cobrindo muito
2882740;2884560;"10";Isso não estava aqui
2884560;2885180;"08, 10";Sim, sim
2885200;2886240;"08";Será que a gente chegou?
2886880;2887880;"10";É possível
2887880;2888760;"10";Mas...
2888760;2890000;"10";Será que é tão conectado assim
2890000;2890940;"10";Os sonhos da gente?
2891100;2893020;"07";Foi bem fácil pra...
2893020;2893580;"07";A menina
2893580;2894960;"07";Pegar a gente
2894960;2896540;"07";Pelo menos do meio
2896540;2897780;"07";Pro Dan, a Lu
2897780;2899420;"07";Foi bem rapidinho
2899420;2901160;"07";Eu nem vi, na verdade
2901160;2902740;"07";A gente só apareceu lá
2902740;2904380;"10";Se for pensar por esse jeito
2904380;2905620;"10";Eu pego a minha blusa
2905620;2906920;"10";Que já tá rasgada, eu acho
2906920;2908060;"10";Vou começar
2908060;2909560;"10";Balançar ela
2909560;2910880;"10";Tipo, fazendo uma hélice
2910880;2912140;"10";Olha, de repente
2912140;2913940;"10";O lance da maquete
2913940;2914740;"10";Vai funcionar aqui
2914740;2914760;"10";E eu vou fazer uma hélice
2914760;2914800;"10";E eu vou fazer uma hélice
2914800;2914900;"10";E eu vou fazer uma hélice
2914900;2914980;"10";E eu vou fazer uma hélice
2914980;2916240;"10";Se balançar bem forte
2916240;2917580;"10";Pra criar um vento forte
2917580;2918360;"10";De repente a gente consegue
2918360;2919860;"10, 07";Abrir uma passagem
2919860;2920620;"10";A gente tá num sonho
2920620;2921460;"10";Vale a pena tentar
2921460;2922100;"10, 07";Boa
2922100;2924460;"07";Aí eu pego o meu laço
2924460;2925240;"07";Desfaço
2925240;2926420;"07";E tento fazer o mesmo
2926420;2926920;"02";Ok
2926920;2928460;"02";E na Lúcia?
2929000;2929560;"08";Ela...
2929560;2930460;"08";Por enquanto ela vai ver
2930460;2932000;"08";Se a tática deles funciona
2932000;2932820;"08, 02";Beleza
2932820;2934240;"02";Bela ou Marcos
2934240;2935120;"02";Rola três dados
2935120;2936360;"02";Atributou menos
2936360;2938900;"10, 02";Eu tirei cinco
2938900;2940000;"10";Um e um
2940000;2941120;"10, 02";Dois acertos
2941120;2944020;"02";Vocês começam a girar ali
2944020;2944680;"02";E começam a virar ali
2944680;2946040;"02";Começa a aventar mais
2946040;2947240;"02";Do que deveria ser normal
2947240;2949000;"02";Mas como a conclusão de vocês
2949000;2949740;"02";Estava certa
2949740;2952420;"02";Esse é o mundo dos sonhos
2952420;2956420;"02";As abelhas começam a dissipar
2956420;2959080;"02";Tentando ir pra cima
2959080;2960140;"02";De vocês dois
2960140;2961280;"02";Mas acabam batendo ali
2961280;2962920;"02";Quando vocês estão girando
2962920;2964820;"02";E na Lúcia vai fazer o que?
2965080;2968320;"08";Eu quero tentar começar a passar
2968320;2970300;"08";Por esse...
2970300;2970540;"08";Não sei
2970540;2971940;"08";Eles já conseguiram abrir
2971940;2973220;"08";Uma espécie de um caminho?
2973540;2973780;"02";Sim
2973780;2974220;"08, 02";Tá
2974220;2975600;"08";Ela vai tentar começar a passar
2975600;2977540;"08";Pra chegar até a pessoa
2977540;2978160;"08, 02";Dois dados
2978160;2981000;"08, 02";Eu tirei quatro e um
2981000;2981460;"08, 02";Perfeito
2981460;2982680;"02";Um acerto crítico, né?
2983360;2984640;"02";As abelhas estão cada vez
2984640;2985880;"02";Saindo mais ali
2985880;2986620;"02";Nota que as abelhas
2986620;2987680;"02";Estavam até erguendo
2987680;2989280;"02";A pessoa que ela estava
2989280;2990280;"02";Em volta
2990280;2992060;"02";Fazendo ela parecer maior
2992060;2993640;"02";Porque quando finalmente
2993640;2994780;"02";A pessoa se revela
2994780;2995560;"02";E tu abraça
2995560;2997400;"02";É a irmã
2997400;2998520;"02";Do Marcos
2998520;2999620;"02";Luísa?
3000260;3000480;"11";Oh
3000480;3002020;"11";As abelhas
3002020;3003380;"11";Me trouxeram pra cá
3003380;3004200;"11";Levaram fome
3004220;3004840;"11";Fabrício
3004840;3006340;"10, 11";Eu vou correndo até ela
3006340;3007420;"10";Mas...
3007420;3008260;"10";Como assim?
3008520;3009400;"10";Levaram Fabrício?
3009680;3010460;"10";Como é que você veio parar aqui?
3011020;3011640;"10";Ela some
3011640;3012540;"08, 10";Oxi
3012540;3012880;"08";Não
3012880;3015260;"08";Ela fazia parte do seu sonho?
3015440;3017140;"10";Fazia parte do meu pesadelo
3017140;3017720;"10";Mas...
3017720;3019100;"10";Não do meu sonho
3019100;3019500;"10";Mas...
3019500;3021060;"10";Ela não deveria estar aqui também
3021060;3022300;"10";Isso é estranho
3022300;3024120;"10";Dá pra ver pra onde as abelhas foram?
3024240;3025560;"10";Ou elas simplesmente sumiram?
3025700;3026140;"10";Sumiram
3026140;3027640;"10";Tá um espaço vazio ali
3027640;3029680;"08, 10";Dá pra ver a porta aberta lá atrás
3029680;3031340;"08";Talvez a gente tenha que voltar
3031340;3033540;"08, 10";Você não tem outro caminho?
3033940;3034200;"08";É
3034220;3035400;"08";Parece que tem
3035400;3036540;"08";Não sei muito
3036540;3038700;"10";A gente vai passar então pela porta agora
3038700;3039820;"08, 10";Antes da gente sair
3039820;3041600;"08";Numa tentativa desesperada
3041600;3042460;"08";A Ana Lúcia grita
3042460;3043140;"08";Milly
3043140;3044280;"08";O que a gente faz agora?
3044820;3045220;"08, 02";Nada
3045220;3047120;"02";Nada no sentido de nenhuma resposta
3047120;3048880;"10, 02";E não escute uma voz dizendo nada
3048880;3051780;"08, 10, 03";Eu vou assobiar a guaxa
3051780;3054540;"10";Pra chamar o meu vira-lata caramelo
3054540;3056760;"10, 09";Ele não vem
3056760;3057280;"10";Droga
3057280;3058560;"07";Foram boas tentativas
3058560;3059900;"07";Foram boas tentativas
3059900;3061040;"07";Então vamos?
3061320;3061800;"07";Vamos
3061800;3063940;"02, 07";Vocês voltam por aquela porta?
3064220;3067620;"02";O Marcos nota que os animais não estão ali
3067620;3070040;"02";Que o ambiente lembra muito mais
3070040;3072460;"02";Assim, a vegetação e tal
3072460;3074860;"02";Realmente das vezes que ele teve pesadelo
3074860;3075600;"02";E não do sonho
3075600;3076580;"10, 02";Eita
3076580;3078180;"10, 02";Ai meu Deus
3078180;3080300;"10, 07, 02";Ai, começou o seu pesadelo agora?
3080800;3082940;"10";A guaxa, eu tô escutando alguma coisa?
3083360;3083920;"10";Ainda não
3083920;3086500;"10";É, a gente tá no meu pesadelo agora
3086500;3088000;"10";Se a Luísa tava aqui dentro, eu tentava
3088000;3089160;"10";Mas ela sumiu
3089160;3090420;"10";Ai, de novo não
3090420;3093060;"10";Eu começo a andar assim a esmo pra frente
3093060;3094020;"10";Eu não correndo, mas
3094020;3096240;"10";Tipo, tentando me situar
3096240;3097740;"10";Esse lugar é
3097740;3101200;"10";Tem alguma marca de pegada da minha família
3101200;3102220;"10";Que tá passando por ali?
3102440;3102640;"10";Tem
3102640;3104420;"10";Eu vou começar a seguir esses rastros
3104420;3107300;"10";Gente, eu acho que esse é o caminho
3107300;3108580;"10";A gente tem que seguir esses rastros
3108580;3109580;"10";Eu acho
3109580;3112360;"10";Se eu tiver certo, a gente vai encontrar
3112360;3113400;"10";Ai meu Senhor
3113400;3115540;"10";Eu começo a andar mais rápido
3115540;3116740;"10";E começo a correr
3116740;3117920;"10";As duas tão seguindo?
3118080;3118440;"07";Sim
3118440;3121580;"10, 02, 07";Depois de um tempo ali, correndo, né?
3121960;3123500;"02";Vai ficando cada vez mais ofegante
3124020;3126940;"02";Escuta um barulho assim
3126940;3127880;"02";De água, né?
3127920;3129300;"02";Como se eu estivesse se debatendo
3129300;3131140;"02";Não, não, não
3131140;3131920;"02";Realmente é
3131920;3133620;"10, 02";Vocês tão ouvindo isso, meninas?
3134240;3134620;"10, 07";Amo?
3134960;3136000;"02";Sim, sim, tô ouvindo
3136000;3139620;"10, 02";Geralmente é a minha irmã
3139620;3142080;"10";Ela desaparece no meu pesadelo
3142080;3144080;"10";Eu começo a ouvir esses barulhos
3144080;3146100;"10";Que parecem vir do lago
3146100;3147680;"10";Mas eu nunca consigo chegar lá
3147680;3149580;"08, 10";Imagina que você tá conseguindo ir
3149580;3150800;"08";A gente corre com você
3150800;3151960;"08, 10";Mas eu nunca consigo
3151960;3153220;"10";Como é que eu faço isso?
3153220;3153860;"10, 09";Eu não consigo chegar lá
3153860;3153980;"10";Eu não consigo chegar lá
3153980;3154000;"10";Eu não consigo chegar lá
3154000;3154980;"10";É mais fácil falar do que fazer
3154980;3158720;"10, 09, 07";Ah, mas a Analo não se afogou
3158720;3160120;"07";Eu não fui pega
3160120;3161540;"07";A gente vai conseguir
3161540;3163240;"07";A gente tá conseguindo
3163240;3164580;"07";A gente tá junto
3164580;3167800;"07";Aí eu engarro assim na mãozinha dos dois
3167800;3169140;"07";E a gente vai em frente
3169140;3170120;"02";Marcos Gordado
3170120;3172480;"02";Tirei um e um
3172480;3175220;"02";Se tu começa a correr ali
3175220;3177400;"02";Mas tu não tá acreditando tanto, né?
3177620;3179340;"02";Vocês chegam até o lago
3179340;3181840;"02";Que já não tem mais barulho de nada
3181840;3182720;"02";Se debatendo
3182720;3183880;"02";Ele tá liso
3183880;3183960;"02";Ele tá liso
3183960;3184700;"10, 02";Bom
3184700;3187240;"10";É a primeira vez que eu chego no lago
3187240;3188580;"10";Luísa
3188580;3190280;"08, 10";A gente consegue ver
3190280;3192420;"08";Alguma coisa assim estranha
3192420;3194320;"08";Ou alguma movimentação
3194320;3196900;"08";Ou escutar a movimentação pela floresta
3196900;3197840;"08, 02";Dois dados
3197840;3200620;"08, 02";Eu tirei cinco e um
3200620;3202060;"08, 02";Não consegue dizer exatamente o que
3202060;3205120;"02";Mas tu vê algo afundando no lago
3205120;3206740;"08, 02";Tu vê alguma coisa
3206740;3208880;"08, 02";Talvez uma mão estendida pra cima
3208880;3210900;"02";Mas afundando cada vez mais
3210900;3212140;"08";Ela pula no lago
3212140;3213100;"08, 02";Dois dados
3213100;3216040;"08, 02";Eu tirei quatro e dois
3216040;3217760;"08, 02";Começa a nadar ali
3217760;3218220;"02";A água
3218220;3219820;"02";Mesmo sendo um lago
3219820;3222540;"02";Ela começa a te puxar
3222540;3225420;"02";Sente como se formassem ondas ali
3225420;3227040;"02";Tá chovendo bastante
3227040;3229140;"02";Tá uma tempestade
3229140;3230960;"02";Dá aquela mesma sensação
3230960;3233660;"02";De quando tu tá no teu pesadelo
3233660;3234960;"02";Bela, dois dados
3234960;3237040;"07, 02";Em que dois?
3238640;3239380;"02";No meio do mato
3239380;3240620;"02";Pula aquela criatura
3240620;3242140;"02";Ela é gigantesca
3242140;3244820;"02";Ela pula em cima de ti ali
3244820;3246820;"02";Ela não consegue te morder
3246820;3248720;"02";Nem te derrubar
3248720;3250360;"02";Mas ela tá muito perto ali
3250360;3253780;"07, 02";Eu grito e tento correr
3253780;3255060;"02, 07";Marca os dois dados
3255060;3257220;"02";Seis e um
3257220;3259400;"02";Um acerto simples
3259400;3262500;"02";Tu tá desesperado ali com as coisas que estão acontecendo
3262500;3264640;"02";Tá com medo da água ali
3264640;3266740;"02";Ou talvez o que vai ser encontrado
3266740;3267320;"02";Lá no fundo
3267320;3268920;"02";É muito tempo, muito tempo se passou
3268920;3271500;"02";Tu viu a tua amiga caída ali
3271500;3271980;"02";O bicho
3271980;3273240;"02";Pra cima dela
3273240;3274020;"02";Ela começando a correr
3274020;3274660;"02";O que que tu vai fazer?
3274660;3278280;"10, 02";Já que a Ana Lu já pulou no lago
3278280;3280100;"10";Eu vou tentar ajudar a Bela
3280100;3280880;"10";Fazendo o que?
3281440;3283780;"10";Vou chegar dando um soco na criatura
3283780;3284680;"10";Dois dados
3284680;3285600;"10";Eu penso
3285600;3287780;"10";Mentalmente eu falo
3287780;3289160;"10";Pensa que é a árvore
3289160;3290400;"10";Pensa que é a árvore
3290400;3293060;"10, 09";Atirei cinco e quatro
3293060;3295560;"09, 02";A criatura te morde assim
3295560;3296880;"02";Uma dor
3296880;3298260;"02";Pior que a da abelha
3298260;3301160;"02";Uma dor terrível ali no teu braço
3301160;3301860;"02";O mesmo braço
3301860;3303260;"02";Da abelha, inclusive
3303260;3304940;"02";Ela morde com muita força
3304940;3306640;"02";Te chacoalha de um lado pro outro
3306640;3309360;"02";Ela te joga em cima da Bela
3309360;3311960;"02";Os dois estão caídos ali
3311960;3313160;"02";Enquanto a criatura corre
3313160;3315340;"02";Pra terminar o que começou
3315340;3317340;"02";Mas a Ana Lúcia tirou um acerto simples
3317340;3318400;"02";Um acerto crítico
3318400;3322020;"02";As pernas dela voltam a se grudarem
3322020;3324380;"02";Formando uma cauda longa
3324380;3325160;"02";De peixe
3325160;3326800;"02";De sereia
3326800;3328960;"02";Ela nada cada vez mais rápido
3328960;3330960;"02";Ela alcança a mão do Fabrício
3331860;3333520;"02";No fundo do lago
3333520;3334680;"02";Que tu vai fazer, Ana Lúcia
3334680;3336660;"08, 02";Se eu não agarrei ele
3336660;3337900;"08";Eu quero nadar pra cima
3337900;3339740;"08";Igual eu fiz com o barco
3339740;3341160;"08";Quando estava o barco
3341160;3343440;"02";Tu começa a nadar pra cima ali
3343440;3346480;"02";E tira o Fabrício da água
3346480;3354320;"02";Vocês acordam
3354320;3355400;"07, 02";Quando eu acordo
3355400;3356480;"07";Eu acordo assim assustada
3356480;3358940;"07";Quando você acorda e levanta
3358940;3360000;"07";Eu olho pro lado
3360000;3361000;"07";Pra ver se a Ana Lúcia
3361000;3362260;"07";Tá do meu lado
3362260;3362860;"08, 02, 07";Tá
3362860;3364880;"08, 02";É, a Ana Lúcia acordou
3364880;3366060;"08";Procurando a Bela também
3366060;3367220;"08, 02";E o Marcos
3367220;3368420;"02";Que não pode procurar ninguém
3368420;3370300;"09, 02";É, o Marcos
3370300;3371740;"09";Acorda ofegante
3371740;3373780;"09";Igual acorda com todos os pesadelos dele
3373780;3375220;"09";Olha pra cama vazia
3375220;3376580;"10, 09";Eu tenho que ir pra enfermaria
3376580;3378680;"10";Ele nem veste uma roupa
3378680;3379780;"10";Ele vai de pijama mesmo
3379780;3380860;"10";Procurar a enfermaria
3380860;3381960;"10";As meninas
3381960;3384040;"10, 07";Eu saí da cama correndo
3384040;3385460;"07";Abraço assim a Ana Lúcia
3385460;3386200;"07";Bem fofa
3386200;3386920;"07";E falou
3386920;3387740;"07";O que foi aquilo?
3387820;3388640;"07";Aquilo foi real
3388640;3390000;"07";O que tá acontecendo?
3390280;3390980;"07";Isso aí você tá bem?
3391000;3392820;"08";A gente tem que ver o Fabrício
3392820;3393580;"08";Vamos, vamos
3393580;3396540;"08";Aí ela só põe uma blusa assim
3396540;3397780;"08";Por cima do pijama mesmo
3397780;3399280;"08";E vai saindo
3399280;3400840;"08, 02";Vocês três se encontram
3400840;3403280;"02";Andando de madrugada ali no hotel
3403280;3406300;"02";Não é proibido andar de madrugada no hotel, né?
3406500;3409460;"02";Vocês acabam se encontrando ali perto da enfermaria
3409460;3412140;"02";Tá a coordenadora fumando assim do lado de fora
3412140;3412960;"02";Ela olha pra vocês
3412960;3414380;"05, 02";O que estão fazendo aqui?
3414680;3415300;"02";O Fabrício
3415300;3416920;"02";O Fabrício, como é que ele tá?
3417260;3419140;"02";O Fabrício sai da enfermaria
3419140;3420980;"10, 04, 02";Vocês não deviam ensinar
3421000;3421620;"10";Você tá dormindo?
3421640;3423080;"10";Eu corro pra ele
3423080;3424420;"10, 05, 07";Dou um abraço sem falar nada
3424420;3425280;"10, 05, 07";É, eu também vou
3425280;3426060;"05";Dá um abração
3426060;3426660;"05";Eu também
3426660;3428120;"05";Um abração sem grupo
3428120;3429380;"10";A coordenadora fala
3429380;3431240;"10, 05";O enfermeiro não entendia nada
3431240;3433900;"05";Deu uma injeção errada, mas...
3433900;3434980;"05";Eu sei isso que aconteceu
3434980;3436040;"05";O Fabrício tá bem
3436040;3437600;"10, 05";Pera, então...
3437600;3439440;"10";Ele não é alérgico a grelhas?
3439560;3440740;"05";Ah, ele é alérgico sim
3440740;3442580;"05";Quer dizer, é o que achamos
3442580;3444420;"05";Ele nunca tinha sentido picado antes
3444420;3446940;"05";Ele vai ter que ir num alergologista
3446940;3448580;"05";Pra saber quais as energias dele
3448580;3450200;"05";Eu já liguei pra diretora
3450200;3450980;"05";A gente vai se perguntar
3451000;3452900;"05";Preparar pra outras situações como essas
3452900;3453940;"05";Mas ainda bem
3453940;3454820;"05";Foi só um susto
3454820;3457100;"05";Ele tem energia como muita gente
3457100;3458420;"05";E quando bem cuidado
3458420;3459540;"05";Não tem muito problema
3459540;3460680;"05, 02";E esse quando bem cuidado
3460680;3462040;"02";Ela dá uma encanada no enfermeiro
3462040;3462880;"02";Assim que...
3462880;3464720;"02";Que abaixa a cabeça assim e sai
3464720;3465860;"07, 02";Eu...
3465860;3468000;"07";Pego assim a carinha dele
3468000;3469540;"07";E traz minhas mãos e falo
3469540;3472300;"07";Ai, a gente achou que a gente ia morrer, amigo
3472300;3473880;"07";E você tá bem
3473880;3476580;"04, 07";Por causa daquele filme antigo
3476580;3478000;"04, 03";Meu Primeiro Amor
3478000;3478820;"04, 03";É...
3478820;3479820;"03";É um trauma
3479820;3480980;"03";Não faz bem
3481000;3483640;"04, 02, 03";Ele dá um sorriso
3483640;3484940;"04, 02";Eu vou tentar
3484940;3487700;"04, 02";Vocês acabam não dormindo ali
3487700;3489120;"02";O resto daquela noite, né?
3489480;3491860;"02";Pelo saguão tem, como eu falei, tem fundi
3491860;3492860;"02";Tem chocolate quente
3492860;3494700;"02";Vocês conseguem comer alguma coisa
3494700;3497020;"02";O Fabrício continuou com uma roupa também
3497020;3499320;"02";Que deram pra ele ali na enfermaria
3499320;3500560;"02";Ele não se preocupa em trocar
3500560;3502820;"02";Pra acompanhar o pijama de vocês
3502820;3505380;"00, 02";O resto da semana é maravilhosa
3505380;3507580;"02";Vocês continuam juntos, nadam bastante
3507580;3510160;"02";Nada de estranho mais acontece
3510160;3510860;"02";O Fabrício...
3511000;3512260;"02";O Fabrício evita trilhas, né?
3512660;3514320;"02";Embora o pessoal do hotel
3514320;3517740;"02";No dia seguinte passou lá com um negócio de fumaça
3517740;3519040;"02";Todas as trilhas
3519040;3521600;"02";Pra tentar expulsar qualquer abelha
3521600;3523140;"02";Que tenha por ali
3523140;3525540;"02";Mas as férias acabam
3525540;3527140;"02";Na volta, as aulas
3527140;3528960;"02";Vocês sentam após o sinal
3528960;3531760;"02";Se preparam pra mais um dia de aula
3531760;3534040;"02";Quando a coordenadora
3534040;3535140;"02";Vem até a porta
3535140;3537640;"02";Da sala, pede licença pro professor
3537640;3539360;"05, 02";Com licença, professora
3539360;3540880;"05";Turma?
3541000;3543000;"05";Eu quero apresentar pra vocês
3543000;3544180;"05";A nova estudante
3544180;3546400;"05, 02";Ela aponta pra porta
3546400;3547820;"02";E entra uma menina
3547820;3550720;"02";De cabelos lisos, longos
3550720;3551800;"02";No azul vibrante
3551800;3554700;"06, 02";Oi gente, eu ouvi dizer coisas muito boas nessa escola
3571000;3589880;"02, 07";E eu falo pra vocês tudo o que aconteceu
3589880;3591000;"02";Nesta aventura
3591000;3593000;"02";Recentemente eu vi o filme do...
3593720;3594960;"02";Homem dos Sonhos?
3595440;3597220;"02";É um dos filmes novos
3597220;3598380;"02";Do Nicolas Cage, né?
3598380;3600320;"02";Em que basicamente a premissa
3600320;3600880;"02";Ele é um professor industrializado
3601000;3601560;"02";Universitário
3601560;3604860;"02";E ele aparece no sonho de todas as pessoas do mundo
3604860;3605840;"02";Ou de quase todas
3605840;3606900;"02";Ao mesmo tempo
3606900;3608540;"02";E achei muito bacana
3608540;3611100;"02";Então eu queria brincar com essa ideia dos sonhos
3611100;3613280;"02";O filme brinca com outras coisas também
3613280;3615260;"02";Recomendo que vocês deem uma assistida lá
3615260;3617400;"02";Mas essa ideia de sonhos
3617400;3618900;"02";De influenciar as pessoas pelos sonhos
3618900;3620360;"02";Ficou na minha cabeça
3620360;3622920;"02";Eu escrevo muita aventura sobre escola, sobre adolescente
3622920;3625980;"02";Porque, poxa, eu trabalho a minha vida toda em escola
3625980;3627640;"02";Então acaba sendo um ambiente
3627640;3628940;"02";Que me influencia bastante
3628940;3630880;"02";E acho que ficou legal a aventura de hoje
3631000;3633340;"02";E, já que vocês querem alistar os traumas
3633340;3635100;"02";Que o Guaxa tem e traz para os episódios
3635100;3637540;"02";Sou alérgico a abelhas também
3637540;3640160;"02";Esse episódio teve a revisão do Caio Lourenço
3640160;3641940;"02";Agradeço muito ao Caio
3641940;3642580;"02";Maravilhoso
3642580;3644560;"02";Vai participar mais vezes aqui com a gente
3644560;3645860;"02";TV de São Rafael, Zorzal
3645860;3647180;"02";Personalização, fala com o Zorzal
3647180;3648780;"02";Zorzal tá com um livro maravilhoso
3648780;3650400;"02";Chamado Fraternal
3650400;3651300;"02";Lá na Amazon
3651300;3652480;"02";Procura o livro do Zorzal
3652480;3654200;"02";Recomendo demais
3654200;3656200;"02";Convido você a nos seguir nas redes sociais
3656200;3656960;"02";Arroba Salaboxedim
3656960;3658280;"02";Arroba RP Guaxa
3658280;3660320;"02";Tanto no Instagram quanto no Blue Sky
3660320;3660840;"02";Pessoal, segue o Zorzal no Instagram
3660840;3661760;"02";Segue lá, gente, no Blue Sky
3661760;3663980;"02";Que ela chegará, pelo menos, a mil seguidores ainda
3663980;3665320;"02";Esse mês, talvez
3665320;3666140;"02";Será que dá tempo?
3666400;3667020;"02";Então, segue lá
3667020;3668840;"02";Eu sei que vocês conseguem
3668840;3670720;"02";Seja nosso padrinho também
3670720;3672180;"02";Vai lá em apoia.se
3672180;3673320;"02";Barra RP Guaxa
3673320;3674360;"02";O RP Guaxa só existe
3674360;3675780;"02";Porque vocês existem
3675780;3677540;"02";Porque vocês apoiam esse projeto
3677540;3678460;"02";Financeiramente
3678460;3680280;"02";Para pagar todos os custos que ele envolve
3680280;3682040;"02";Se eu tivesse que eu mesmo editar
3682040;3683100;"02";E, sei lá
3683100;3684800;"02";O RP Guaxa, além de um hobby
3684800;3685520;"02";Fosse um hobby
3685520;3686860;"02";Que saísse do meu bolso
3686860;3688580;"02";Atualmente, eu não conseguiria bancá-lo
3688580;3689720;"02";Então, ele só existe realmente
3689720;3690780;"02";Porque vocês existem
3690780;3692080;"02";Se você gosta do RP Guaxa
3692080;3693500;"02";Vai lá e ajuda
3693500;3695600;"02";Ajuda para ele continuar existindo
3695600;3696420;"02";É óbvio
3696420;3697440;"02";Que a partir de 10 reais
3697440;3698900;"02";Você recebe algumas vantagens
3698900;3700660;"02";Como fazer parte do nosso grupo do Telegram
3700660;3702600;"02";Gravar as regras
3702600;3703960;"02";Que a gente escutou no início do episódio
3703960;3705940;"02";Gravar voz de personagem
3705940;3706720;"02";De NPC
3706720;3708600;"02";Como a gente vai ver daqui a pouco
3708600;3710200;"02";Então, venha fazer parte
3710200;3712160;"02";Desta incrível família
3712160;3713240;"02";Que é a Guaxa Milha
3713240;3714960;"02";Deixe seus comentários lá no post
3714960;3715880;"02";No portal Deviante
3715880;3717120;"02";Deviante.com.br
3717120;3718060;"02";Barra Podcasts
3718060;3719300;"02";Barra RP Guaxa
3719300;3720440;"02";Você clica nesse episódio
3720780;3722080;"02";Deixe seu comentário
3722080;3723540;"02";Eu vou ler ele ao vivo no Discord
3723540;3724840;"02";Para os padrinhos, né?
3725020;3725700;"02";É exclusivo
3725700;3728500;"02";Mas depois ele sai editado na forma de podcast
3728500;3730580;"02";Muita gente não escuta o Guaxa Verso
3730580;3731340;"02";E, assim
3731340;3732840;"02";Por mais que você não queira escutar
3732840;3734260;"02";As nossas leituras e comentários
3734260;3736220;"02";Sempre saem uns assuntos bem bacanas
3736220;3737780;"02";A gente sempre faz umas brincadeiras
3737780;3739580;"02";E no final do episódio
3739580;3740460;"02";Dos Guaxa Verso
3740460;3741700;"02";Tem os erros de gravação
3741700;3743240;"02";Normalmente são hilários
3743240;3744800;"02";Então, se você nunca ouviu o Guaxa Verso
3744800;3745620;"02";E não quer ouvir
3745620;3746860;"02";Pelo menos baixa lá
3746860;3747860;"02";E escuta o final
3747860;3749120;"02";Escuta os erros de gravação
3749120;3749980;"02";Tenho certeza
3749980;3750760;"02";Que você vai gostar
3750780;3751420;"02";Que você vai amar
3751420;3752100;"02";Então
3752100;3753320;"02";É isto
3753320;3755120;"02";Como eu falei
3755120;3755800;"02";Quem é padrinho
3755800;3756800;"02";Grava a voz
3756800;3757640;"02";De NPC
3757640;3758320;"02";E
3758320;3759200;"02";Neste episódio
3759200;3760680;"02";Não foi diferente
3760680;3762140;"02";O Caio Lourencio
3762140;3763480;"02";Gravou o Fabrício
3763480;3764680;"02";A coordenadora
3764680;3765220;"02";Foi feita pela
3765220;3766600;"02";Sara Barbosa
3766600;3767700;"02";A Luísa
3767700;3768460;"02";A menininha
3768460;3769060;"02";Lá irmã
3769060;3770060;"02";Do personagem jogador
3770060;3770800;"02";Foi feita pela
3770800;3771380;"02";Minha filha
3771380;3772760;"02";Maria Luiz
3772760;3773920;"02";A Malu Guaxinim
3773920;3774920;"02";E a Mili
3774920;3775760;"02";Foi feita pela
3775760;3776620;"02";Amanda
3776620;3777740;"02";Rola em 6
3777740;3778440;"02";Rola em 20
3778440;3778980;"02";Se tudo é errado
3778980;3779440;"02";Rola no chão
3779440;3780500;"02";Que apaga o fogo
3780500;3781420;"02";E diverte
3781420;3782060;"02";Beijo no coração
3782060;3782900;"02";De vocês gente
3782900;3786640;"01, 02";Muitos são os números
3786640;3788080;"01";Que regem o multiverso
3788080;3790420;"01";Sete realidades paralelas
3790420;3791660;"01";Que já foram três
3791660;3793340;"01";Quatro linhas sagradas
3793340;3794840;"01";Uma linha vazia
3794840;3796640;"01";E duas preenchidas
3796640;3797420;"01";De escuridão
3797420;3799920;"01";Um guaxinim representando um
3799920;3802440;"01";Três meninas segurando um seis
3802440;3804000;"01";E uma infinidade
3804000;3805980;"01";De possibilidades entre eles
3805980;3807160;"01";E você
3807160;3809120;"01";Qual o seu número?
3810500;3813260;"unknown";Qual o seu número?
