0;10140;"10";Jovem é jovem
10140;12040;"10";Já dizia o grande Chico Anísio
12040;14000;"10";É um de seus bordões mais famosos
14000;16960;"10";Seja na cidade grande, seja no interior do Brasil
16960;18720;"10";O jovem só muda de endereço
18720;19900;"10";Ou quase isso
19900;22560;"10";O fato é que o jovem na cidade grande
22560;24820;"10";Possui mais distrações que o jovem no interior
24820;26220;"10";Que o jovem na capital
26220;28020;"10";Costuma fazer muito mais bobagem
28020;29580;"10";Que o jovem das cidadezinhas
29580;31160;"10";Mas uma coisa é certa
31160;33900;"10";O jovem no interior, quando faz uma bobagem
33900;36460;"10";Meu amigo, ela costuma ser grande
36460;38160;"10";Episódio de hoje
38160;40640;"10";Mistério em Jumozinha do Norte
40640;42620;"10";Com os padrinhos
42620;43800;"10";Felipe Xavier
43800;45460;"10";Lá do Arquivos da Patrulha
45460;47820;"10";Com a Fabi, que é uma das responsáveis
47820;50100;"10";Por aquele trabalho incrível que acontece no Instagram
50100;50860;"10";Do Arpegox
50860;52640;"10";E pelo Ricardo Nespoli
52640;54760;"10";Lá do podcast História Capixaba
54760;56920;"10";Que é sobre a História Capixaba
56920;58380;"10";Uma Ilha e um Clube
58380;59380;"10";Sobre o Vitória
59380;61400;"10";Que é um time de futebol Capixaba
61400;62880;"10";E Barba do Rick
62880;64780;"10";Que é sobre Star Trek
64780;66740;"10";The Next Generation
66740;69660;"10";Que por incrível que pareça não se passa no Espírito Santo
69660;72520;"08";O Realidades Paralelas do Guaxinim
72520;74360;"08";Usa o sistema Guaxinim e Gambiás
74360;76980;"08";Nele, cada jogador possui apenas um único atributo
76980;78000;"08";Que vai de 2 a 5
78000;80880;"08";Quanto maior o atributo, mais atlético é o personagem
80880;83420;"08";E quanto menor, mais inteligente e carismático
83420;85540;"08";Sempre que o jogador faz algo com uma chance de errar
85540;87640;"08";Joga dois dados e precisa tirar seu atributo
87640;89380;"08";Ou menos para ataques e ações físicas
89380;90900;"08";Ou seu atributo ou mais
90900;92540;"08";Para ações intelectuais e sociais
92540;95140;"08";Se a jogada for fácil ou tiver algum auxílio
95140;96240;"08";Joga um dado a mais
96240;98760;"08";Se a jogada for difícil, rola-se um dado a menos
98760;100360;"08";Eu sou o Arthur Cornejo
100360;101980;"08";E sou o padrinho do Arpegoxa
101980;105200;"08";Porque, bom, isso é um mistério que só o tempo dirá
105200;107340;"08, 10";Não deixe de seguir nas redes sociais
107340;108240;"10";Arroba o Marcelo Guaxinim
108240;109400;"10";Arroba a Arpegoxa
109400;111240;"10";Tanto no Twitter quanto no Instagram
111240;113800;"10";E se você é aquele que estava esperando
113800;115760;"10";Uma aventura animada pra essa semana
115760;117780;"10";Eu prometo que é a próxima
117780;119140;"10";A daqui a 15 dias
119380;122440;"10";Ela é incrível, é animada, é colorida, é alegre
122440;123300;"10";Tem as meninas
123300;125720;"10";Mas o episódio de hoje, embora comece
125720;127160;"10";Estranhamente good vibes
127160;129420;"10";À medida que esse mistério desenrolar
129420;132260;"10";Talvez ela adquira um tom um pouco mais sério
132260;134740;"10";Nada como os últimos episódios
134740;135480;"10";Antes desse
135480;137000;"10";Mas estou te avisando
137000;139320;"10";Agora sim, boa aventura
139320;142140;"09, 10";Sete realidades paralelas
142140;144520;"09";Uma infinidade de possibilidades
144520;145760;"09";Três jogadores
145760;147100;"09";E um guaxinim
147100;148500;"09";Soltem as amarras
148500;149360;"09";Segurem o leme
149380;150620;"09";E sem as velas
150620;152160;"09";Ignorem o farol
152160;153700;"09";O nosso destino
153700;156000;"09";A próxima aventura
156000;160500;"09";Cinco
160500;163560;"09";Quatro
163560;166400;"01, 07, 09";Três
166400;169100;"11, 09";Dois
169100;174140;"11, 07, 09";RPG
174140;176500;"07";Realidades paralelas do guaxinim
176500;179260;"11, 07";Sua aventura de bolso na forma de podcast
179380;182180;"11, 07";Uma jornada completa a cada episódio
182180;197380;"07, 10";Pedro Carvalho é vereador
197380;199340;"10";E provavelmente próximo prefeito
199340;202080;"10";Da pacata Jumosinha do Norte
202080;204780;"10";Uma pequena cidade do interior do Mato Grosso do Sul
204780;207320;"10";Conhecida como a Pipoca do Campo
207320;209240;"10";Devido a sua grande produção de milho
209240;210860;"10";Que sustenta a cidade
210860;212960;"10";De quase quatro mil habitantes
212960;215200;"10";Pedro é um homem muito conhecido
215200;216460;"10";E respeitado na cidade
216460;217760;"10";Por ser médico
217760;220140;"10";Por ser dono da maior fazenda da região
220140;221880;"10";E por ser muito bonito
221880;223300;"10";Ele é o pai de Gael
223300;224780;"10";Um rapaz de dezoito anos
224780;227100;"10";Fruto de seu segundo casamento
227100;228720;"10";Um rapaz bonito como o pai
228720;230440;"10";Tão mulherengo quanto
230440;233000;"10";Embora não tenha puxado a aptidão para os estudos
233000;235680;"10";Pedro até tentou mandar o filho estudar na capital
235680;237720;"10";Mas seu baixo rendimento escolar
237720;239080;"10";Fez o pai o trazer de volta
239080;242060;"10";Atualmente ele está no segundo ano do ensino médio
242060;243240;"10";Na escola estadual
243240;245480;"10";Professor Golebiowski Belo
245480;248400;"10";E namora contra a vontade de sua família
248400;251540;"10";A bela Ana Clara Ribeiro
251540;253560;"10";Uma garota que gosta muito de maquiagem
253560;254780;"10";E roupas escuras
254780;256140;"10";Na tarde de ontem
256140;258400;"10";Gael deveria ter comparecido
258400;259480;"10";A sessão da câmara
259480;262460;"10";Onde seu pai lançaria sua candidatura
262460;263900;"10";Mas ele não compareceu
263900;266200;"10";Ele não voltou hoje pela manhã
266200;268660;"10";E agora toda a polícia da cidade
269080;269560;"10";Está no caso
269560;272540;"10";Sim, todos os três policiais
272540;273080;"10";Que são
273080;275860;"10";Felipe, fala sobre seu personagem, aparência e atributo
275860;276620;"10";Muito bem
276620;279840;"13, 10";Dessa vez eu vou interpretar o Leandro
279840;282680;"13";Leandro tem atributo 5
282680;283760;"13";Leandro é mineiro
283760;285600;"13";Olhos castanhos escuros
285600;287740;"13";Ele tem um cabelo raspado, ele é forte
287740;289560;"13";Ele tem 25 anos
289560;291520;"13";Ele é recém formado
291520;293920;"13";Então ele é um policial novato
293920;296060;"13";Ele conseguiu uma vaga
296060;297620;"13";Na Jumosinha do Norte
297620;298920;"13";Graças a um comandante conhecido
299080;300480;"13";Que ele tem em Belo Horizonte
300480;302880;"13";Ele se mudou graças ao ambiente tranquilo
302880;303900;"13";E pacato do interior
303900;305940;"13";Mas toda a cidade já sabe
305940;308080;"13";Que o real motivo se deve a Vitória
308080;309220;"13";Sua namorada
309220;311840;"13";Eles se conheceram num carnaval em Belo Horizonte
311840;313800;"13";E desde esse dia mantiveram contato
313800;315740;"13";Logo então ele pediu transferência
315740;317980;"13";Para a Jumosinha do Norte, que é onde ela mora
317980;320660;"13";Leandro, apesar de vir de uma cidade grande
320660;322540;"13";Tem pouca experiência com policial
322540;323900;"13";E pra somar
323900;325700;"13";Sempre se atrapalha com a cultura local
325700;327780;"13";O que torna suas interações sociais
327780;328700;"13";Mais difíceis
329080;330300;"13";A Vitória trabalha em que?
330660;332160;"13";A Vitória trabalha em que?
332660;334640;"13";Bom, pra poder viajar ela deve ganhar um dinheirinho
334640;336240;"13";Ela pode ser funcionária pública
336240;337760;"13, 10";Funcionária pública é bem ampla
337760;339780;"13, 10";Ela trabalha, sei lá, na prefeitura
339780;342680;"13, 10";Ela trabalha como, sei lá, secretária
342680;345560;"13";Atendente no posto de saúde
345560;345940;"13";Sei lá
345940;348640;"13, 10";Belo, fala sobre seu personagem, aparência e atributo
348640;349080;"04";Olá
349080;353160;"04";Eu vou jogar hoje com a Antônia
353160;354540;"04";Mais conhecida como
354540;355540;"04";Dona Toinha
355540;358160;"04";Ela é uma senhora de 50 anos
358160;359040;"04";Ela é brasileira
359080;360080;"04";Um pouco branca
360080;361080;"04";Um pouco forte
361080;362080;"04";Usa óculos
362080;363080;"04";E tem um castelo
363080;364080;"04";O cabelo
364080;365080;"04";Tem um cabelo castanho claro
365080;366080;"04";Porque ela aprende num coque, né?
366080;367080;"04";Quando ela tá trabalhando
367080;368080;"04";Dona Toinha, apesar de já morar mais de 10 anos
368080;369080;"04";Em Jumosinha do Norte
369080;370080;"04";Nasceu no Nordeste
370080;371080;"04";Mas se mudou pra lá depois de passar no concurso
371080;372080;"04";Ela mora com seu marido
372080;373080;"04";Seu Plácido
373080;374080;"04";Que é dentista
374080;375080;"04";E a sua filha mais nova
375080;376080;"04";Que está no ensino médio
376080;377080;"04";Seus dois rapazes mais velhos
377080;378080;"04";Estão cursando faculdade
378080;379080;"04";Em Campo Grande, né?
379080;380080;"04";Capital
380080;381080;"04";Nato Branco, né?
381080;382080;"04";É, né?
382080;383080;"04";É, né?
383080;384080;"04";É, né?
384080;385080;"04";É, né?
385080;386080;"04";É, né?
386080;387080;"04";É, né?
389080;390080;"04";Estou turtle
390440;391480;"04";Como é uma cidade pequena
391480;392660;"04";E tem poucos policiais
392660;394840;"04";Conhece a vida de quase todo mundo
394840;396380;"04";Ali, pelas redondezas
396380;398040;"04";Algumas pessoas até brincam
398040;400180;"04";E chamam ela de Delegada Toinha
400180;401980;"04";Mas normalmente é Dona Toinha mesmo
401980;403580;"04";Ela gosta de ser policial
403580;404620;"04";Nessa cidade, da Ipacata
404620;406360;"04";E fica pensando naquilo que irá fazer
406360;408200;"04";Pra se ocupar quando se aposentar
408200;410000;"04, 10";E o atributo dela é 3
410660;412440;"06, 10";E por último o Ricardo
412440;413080;"06";Então
413080;415060;"06";Eu vou interpretar o Agostinho
415060;416460;"06";O Agostinho é um cara alto
416460;417460;"06";Bem branco
417460;418460;"06";Magro
418460;422480;"06";Cabelo bem curto e preto e cultiva um bigode sempre muito bem aparado.
422960;426200;"06";Não é um gênio e nem um brucutu, seu atributo é 3.
426420;428420;"06";O Agostinho é cria de Jumozinha do Norte.
428820;433580;"06";Nasceu e se criou na cidade e por ele é onde vai continuar a vida e seguir a carreira.
434000;435940;"06";Entrou na polícia local com um nítido objetivo.
436560;440700;"06";Ficar conhecido para o quanto antes entrar na carreira política, assim como seu pai.
441300;446700;"06";Augusto, seu pai, foi vereador e presidente da Câmara da cidade por alguns bons anos.
446700;451160;"06";Morreu de forma inesperada no ano anterior, mas tinha toda a carreira do filho planejada.
451720;455560;"06";Seria conhecido como um homem sério e trabalhador na área da segurança pública.
456000;461960;"06";Se candidataria a vereador quando tivesse 34 anos, no mesmo ano em que seu pai se tornaria prefeito.
462400;465240;"06";Mesmo sem o pai, Agostinho pretende manter sua parte do plano.
476700;483760;"10";A delegacia possui um ventilador que faz mais barulho do que vento.
484220;489980;"10";O Pedro prometeu que se eleito, colocaria um ar-condicionado ali e aumentaria o efetivo da cidade,
489980;493060;"10";que atualmente conta com 11 policiais.
493440;498860;"10";Seis estão afastados para exercerem cargos públicos e dois estão de folga no dia de hoje.
499360;500980;"10";Por isso, sobrou só para vocês três.
501640;502840;"10";Vocês estão na delegacia.
503400;506280;"10";Ao chegarem ali, tem uma anotação.
506700;507520;"10";Ficou ninguém à noite.
508560;511480;"10";Normalmente se fecha a delegacia de madrugada.
511580;514460;"10";Tem um telefone, por causa de uma emergência, para ligar para onde vocês.
514460;521120;"10";Mas tem um recado ali de que o Pedro está desesperado atrás do filho Gael
521120;524940;"10";e que é para vocês três darem um jeito de encontrar o guri.
525360;528340;"11, 00, 10";Fora isso, não tem nenhum caso em aberto.
529020;531380;"10";A cidade costuma ser bem tranquila e pacífica.
532040;536200;"10";As duas celas que compõem ali a delegacia estão vazias.
536700;537500;"13";Qual o dia da semana?
537720;539420;"10";É uma quinta-feira.
539760;541340;"13";Ah, Agostinho? Dona Toinha?
541720;543220;"04";Oi, meu filho. Diga.
543540;545640;"13, 04";Ué, então...
545640;547340;"13";Parece que a gente tem um movimento hoje, hein?
547700;553240;"13";Será que o filho do prefeito resolveu ir para o mato e, sei lá, foi acampar e se perdeu?
553740;558080;"13, 06";Esse menino não é muito sério, não. Ele sempre se mete numa dessas. Vocês não acham?
558600;563320;"04";Uma pergunta. A gente já entrou ou esse libretto estava na porta?
563640;566400;"04, 10";Estava dentro da delegacia, né? Vocês estão dentro da delegacia ali.
566700;570700;"04, 10";Ou fazendo um café, ou só sentado ali em volta, o que vocês acharem melhor?
570720;577100;"04, 10";Bom, tá aí eu falo. Peraí, meus filhos. Eu vou fazer um café aqui, que é o trabalho que rende mais quando a gente faz um cafezinho, sabe?
577400;578440;"04";E eu vou lá fazer um café.
579620;580980;"13";O café da Toinha é bom.
581600;583960;"13";Pode deixar que eu espero. Eu puxo uma cadeira assim.
584440;587260;"13";Tiro... Eu tenho um celular, imagina o negócio.
587680;587900;"13, 10";Tem.
588300;590920;"13";Eu mando uma mensagem para a Vitória.
591440;592900;"13";Tem um áudio.
593460;596680;"13";Vitória, você viu o Gael hoje na rua, ontem?
596700;597200;"13";Tem.
598600;600560;"10";Ela responde por texto.
601100;602300;"10";Não, não vi não. Por quê?
603040;605580;"13";Ele devia aparecer na cerimônia de candidatura ao prefeito Pai.
606020;607080;"13";Não apareceu.
607520;611480;"13";Aí recebeu um bilhete que ir, dizendo que o menino sumiu, que a gente tem que procurar.
611760;615120;"13";Mas se você não viu, deve estar tudo bem. Sei lá, deve ter ido para o meio do mato.
615460;616940;"13";Não se preocupe com isso, não. Beijo.
618160;620860;"10";Ela manda a figurinha de dois morceguinhos.
621260;623000;"10";Será que ele não está com a mortícia?
623240;626520;"13";Como eu sou novo na cidade, eu olho para aquele nome, mortícia.
626700;630380;"13";Eu boto umas quatro interrogações seguidas e mando para ela.
631680;637160;"13";Aí eu viro assim, ô Agostinho, Antônia, vocês já ouviram falar de uma tal de mortícia?
637620;639080;"06";A gente já ouviu falar de uma tal de mortícia.
639100;640100;"06";Da familiar, né?
640360;641080;"13, 06";Ah, tá.
643440;647200;"06, 04";Ô Leandro, lá que você é bobo, rapaz. Mortícia é do filme.
647700;652160;"04";Meninos, meninos, prestem atenção, ela está tirando onda, coitada da menina.
652160;656160;"06, 04";Só porque a menina fica andando de preto, eles ficam chamando ela de mortícia.
656700;659520;"04";A menina lá que namora com ele é a Ana.
660140;666180;"13";Eu mando só aquele emojinho de beijo e desligo o telefone, tipo, desativo até o telefone e boto no bolso.
666900;668360;"13, 04";Ah, eu mereço, eu mereço.
668380;669720;"13, 04";Eu entrego um café para cada um.
669760;670340;"13, 04";Eu tomo.
670860;674180;"04";É, mas foi boa, foi, essa sua ideia foi boa, foi boa.
674600;679700;"04";Eu acho que eu vou perguntar para a minha filha, ela estuda lá no mesmo colégio que ele, ela pode ter visto alguma coisa, sabe?
679960;681040;"04";O nome da minha filha é Lúcia.
681380;682240;"04";Lúcia é minha filha.
682240;686600;"04";Acabei de chegar aqui, ó, na Delegacy, tem um recadinho.
686700;687480;"04";Do seu peito.
687680;688900;"04";E está atrás do Gael.
689260;689940;"04";Você viu ele?
690420;692780;"04";Veja aí, pergunte no colégio, viu?
693080;694280;"04";Depois você me responde.
694640;696980;"10";Ok, ela vai responder daqui a pouco, não vai ser agora.
697560;698360;"10";O que mais você está fazendo?
698600;702820;"06";Leandro, eu acho que a gente devia conversar com o Pedro, né?
702920;706980;"06";Acho que ele deve ter algumas ideias do que, da onde a gente pode começar.
707360;708780;"13";É, é o jeito.
709320;711460;"13";Dona, dona Toinha, vamos?
711460;713880;"13, 04";Sim, vamos, vamos para aí.
714500;716460;"04";Deixa eu deixar essas xícaras lá na...
716700;721600;"04";Ih, é porque se a gente deixar por aqui, quando a gente voltar, meu filho, vai estar cheio de formiga.
722020;723360;"13, 04";Eu vou botar ali na fila, viu?
723420;724120;"13, 04";Tá bom, tá bom.
724360;726340;"13";Eu vou com o motorista.
726640;732760;"10";É, atualmente, só uma viatura está funcionando, a outra está no mecânico faz uns dois anos.
732940;733740;"13, 06";Mas é muito longe?
734060;737020;"10";É, assim, é tudo meio...
737020;738540;"10";Ah, a escola, vocês estão indo para onde?
738800;740980;"13";Para a casa do Pedro, se não me engano.
740980;745340;"13, 10";É longe porque ele mora mais em área de fazenda, né?
745400;746580;"10";Tem que andar um pouco.
746860;756120;"04";E eu volto e falo, ele deixou algum recado nesse papel, ele está em casa mesmo, ele está na prefeitura, não sei acreditar.
756500;758300;"13, 04";Ah, então tem o telefone dele?
758600;759640;"13, 04";Deve ter o telefone dele.
759660;762900;"13, 04";Se a gente encontrar ele na casa dele, a gente conversa com ele.
763300;766580;"13";Se a gente não encontrar ele na casa dele, é a casa do Gael também.
766980;768080;"13";Vai que lá tem alguma pista.
768400;770440;"13, 04";É, hoje não é dia de sessão, ele deve estar em casa mesmo.
770440;772620;"13, 06, 04";Ah, gostei, você sabe, né, quando é dia de sessão, né?
772900;774660;"04";Tu quer ser político, né?
774980;775620;"04";Que nem ele.
775820;776660;"06";Ah, com certeza.
776700;778420;"06";Segunda, terça e quarta de manhã.
778760;781840;"04";Ah, eu gosto de ver assim, eu gosto de ver um político que quer trabalhar, sabe?
782360;784500;"04";Porque assim, a maior parte dos políticos sabe como é.
784700;785740;"06";Ah, eu não, dona Tânia.
785820;788680;"06";Você sabe como que vai ser quando eu entrar naquela câmara.
789080;790380;"04";Eu quero só ver, meu menino.
790800;791940;"04";Então a gente tenta no carro, viu?
792100;793360;"04";Vamos lá para a casa do Pedro.
793420;794920;"13";Deu partida, fiz o acelerador.
795300;795580;"13";Bora.
806700;807700;"unknown";Vamos lá.
812060;819640;"10";No caminho, já que a dona Toinha não tá no volante, né, o celular dela recebe notificação,
819640;822140;"10";né, recebe mensagem da Lúcia, da filha, né?
822140;823140;"10";Tem um áudio.
823140;824140;"04";Ok.
824140;825140;"04";Aí eu...
825140;826140;"04";Olha, peraí, menino.
826140;827140;"04";É...
827140;828140;"04";Eita, peraí.
828140;829140;"04";Esse botão.
829140;830140;"04";Aqui, ó.
830140;831140;"04";Aí eu aperto o botão.
831140;832140;"01, 04";A minha filha mandou um áudio.
832140;833140;"01";Ô, mãe.
833140;834140;"01";A professora não veio hoje.
834140;835140;"01";Ela tá no Madalena.
835140;836140;"01";Mas eu dei uma perguntada.
836140;837140;"01";Por aqui.
837140;838140;"01";E o Gael não veio pra aula, não.
838140;839140;"01";Nem ele, nem a namorada dele.
839140;840140;"01";Foi...
840140;841140;"01";Ela colocou no viva-voz?
841140;842140;"01";Importante saber.
842140;843140;"01";Sim, sim.
843140;844140;"13";Botei no viva-voz.
844140;845140;"13";Eu tô dirigindo.
845140;846140;"13";Eu só dou aquela olhada sem retrovisor.
846140;847140;"04";Pra ele não entender mais nada.
847140;848140;"04";Ela tem namorado ou não tem namorado, esse cara?
848140;849140;"13";Menino, peraí.
849140;850140;"13";Deixa eu responder pra minha filha.
850140;851140;"13";Eu vou lá.
851140;852140;"13";Aperto o botãozinho de gravar, né?
852140;853140;"13";Então, Lúcia.
853140;854140;"13";Tá certo?
854140;855140;"13";Obrigado.
855140;856140;"04";Viu?
856140;857140;"04";Você...
857140;858140;"04";Você volta pra casa.
858140;859140;"04";Não fique bateando por aí, não.
859140;860140;"04";Tá certo?
860140;861140;"04";Tá certo.
861140;862140;"04";Tá certo.
862140;863140;"04";Tá certo.
863140;864140;"04";Então, viu?
864140;865140;"04";Você volta pra casa.
865140;866140;"04";Não fique bateando por aí, não.
866140;867140;"04";Que o menino sumiu.
867140;869140;"04";Eu não quero que você vá sumir também.
869140;870480;"04";Então, viu?
870480;871480;"04";Você volta pra casa.
871480;873480;"04";Não fique andando por aí, não.
873480;874480;"04";Obrigado.
874480;875480;"04";Viu?
875480;876480;"04, 10";Até mais tarde.
876480;881420;"04, 10";Ela manda um coreano fazendo um coraçãozinho com os dedinhos pra ti.
881420;886140;"04";Aí eu mostro pra ele e ele fala, ele fica mandando a foto desses homens fazendo coração
886140;887140;"04";pra mim.
887140;888140;"04";Eu não entendo muito não, sabe?
888140;889140;"04";Mas eu acho que é uma coisa boa, né?
889140;890140;"04";Ter um coração aqui junto.
890140;892140;"04";Eu acho que é uma coisa boa.
892140;893140;"04";Mas sim, ó.
893140;894140;"04";Vocês viram, né?
894140;895140;"04";Ela disse que nem o Gael, nem a Ana foram.
895140;896140;"04";Foram pra aula.
896140;897140;"04";E nem a professora.
897140;898140;"04";Vocês não estão achando isso esquisito?
898140;899140;"04";Eita, professora.
899140;900140;"04";Não, mas aí...
900140;901140;"06, 04";É, não sei.
901140;902140;"06, 04";Não sei.
902140;903140;"06";Agora o que você falou...
903140;904140;"06, 04";E deu queixa da professora e da namorada, né?
904140;905140;"04";Bem, se a gente não achar nada na casa do Pedro, né?
905140;906140;"04";Do seu Pedro, a gente pode ir na casa da menina, né?
906140;907140;"04";Lá com minhas bandas as coisas não funcionam assim não, mas...
907140;908140;"13, 04";Vocês são daqui, vocês que sabem.
908140;909140;"13";Mas como é que funciona lá pras tuas bandas?
909140;910140;"13, 04";Não sei.
910140;911140;"04";Não sei.
911140;912140;"04";Não sei.
912140;913140;"04";Não sei.
913140;914140;"04";Não sei.
914140;915140;"04";Não sei.
915140;916140;"04";Não sei.
916140;917140;"13";Não sei.
923140;924420;"13, 04";Se não souber a minhaاضinha, eu não tô lendo nem disso.
924420;927100;"13";Lá você só vai se te chamarem.
927100;930120;"13";Você não precisa ir se não te chamarem.
930120;932240;"13";Até então, a gente sabe que o Pedro sumiu.
932240;935980;"13";Mas a gente não sabe onde é que tá a professora, ou o motivo dela.
935980;938100;"13, 04";Muito menos a namorada do Pedro.
938100;942180;"04";A gente vai na casa da namorada do Pedro por q a gente sabe que os dois sumiram, os dois
942180;943200;"04";são namorados.
943200;945260;"04";É como essa juventude hoje, né?
945260;947480;"04";A gente fala pra eles tomarem cuidado.
947480;948880;"04";Mas os meninos saem tudo.
948880;952560;"04";A gente não sabe nem se levam a camisinha da melhor.
952560;953120;"04";A gente não sabe.
953140;954560;"04";É complicado
954560;955800;"04";Eu que tenho menina
955800;958220;"04";Eu falo tanto com a minha filha
958220;959740;"04";Eu falo tanto com ela
959740;961180;"04";Pra gente explicar direitinho
961180;962580;"04";Pra não acontecer essas coisas
962580;964240;"04";Então a gente tem que cuidar da menina também
964240;966480;"04";Se a gente não souber nada lá na casa do seu Pedro
966480;967860;"04";A gente vai na casa da Ana
967860;970140;"04";Porque aquele interior tem que ser desse jeito
970140;971200;"04";Tem que cuidar um do outro
971200;972160;"06, 04";É isso aí, eu concordo
972160;973880;"06";Acho que a gente tem que ir na casa da Ana
973880;976820;"06";Até antes se bobear
976820;980020;"06, 10";Vocês vão até a fazenda do Pedro
980020;981460;"10";A porteira está aberta
981460;984060;"10";Vocês passam por algum...
984060;985800;"10";À frente tem mais um jardim
985800;988280;"10";A parte do milho é mais atrás da casa
988280;990620;"10";Mas é uma casa grande e bonita
990620;992360;"10";Tem alguns funcionários
992360;993300;"10";De um lado pro outro
993300;995120;"10";Mas sentado na varanda
995120;996940;"10";Em cadeira de balanço
996940;999280;"10";Está o Pedro e um outro senhor
999280;1001120;"10";Eles estão ali
1001120;1003800;"10";Bebendo alguma coisa e conversando
1003800;1005880;"10";O Pedro quando vê vocês
1005880;1007800;"10";Ele faz sinal e levanta
1007800;1008980;"10";Faz uma menção
1008980;1010420;"10";Como se pedisse desculpa
1010420;1012780;"10";Pro outro senhor que está ali com ele
1012780;1014280;"10";E ele vai até a viatura
1014280;1016980;"10";Acharam meu filho?
1017360;1018360;"04";Guaxi, antes de responder
1018360;1020440;"04";Eu sei quem é o outro senhor que está conversando com ele
1020440;1021540;"04, 10";Rola dois dados
1021540;1024080;"04";Tirei cinco e quatro
1024080;1025960;"04, 10";Tu já viu na televisão
1025960;1028320;"10";Aquele é líder do
1028320;1030700;"10";Maior partido da região
1030700;1033140;"10";Que é o mesmo partido do governador
1033140;1035740;"10";Não é o mesmo partido do vereador ali
1035740;1036900;"10";Então provavelmente
1036900;1039180;"10";Eles estão negociando uma filiação
1039180;1039960;"10";Em outro partido
1040420;1042780;"06, 10";Eu vou na frente
1042780;1044100;"06";Já me sentindo em casa
1044100;1046260;"06";Com tudo que é político
1046260;1048140;"06";E não senhor Pedro
1048140;1051180;"06";Isso é a prioridade máxima
1051180;1052580;"06";E a gente está aqui
1052580;1053600;"06";Para saber do senhor
1053600;1054560;"06";Alguma informação
1054560;1057300;"06";Onde ele foi visto pela última vez
1057300;1060160;"06";Se você tem alguma ideia
1060160;1061180;"05, 06";Do que pode ter acontecido
1061180;1062980;"05";Eu falei para os policiais
1062980;1064680;"05";Que estavam no posto a noite
1064680;1068080;"05";Mas ontem o Gael não foi para a aula pela manhã
1068080;1070080;"05";Eu achei que ele estava fazendo
1070080;1072300;"05";As bobagens dele durante a tarde
1072300;1074260;"05";Mas ele me prometeu
1074260;1076600;"05";Que ia aparecer na cama de vereadores
1076600;1077660;"05";Para a cerimônia
1077660;1078820;"05";Mas não apareceu
1078820;1082100;"05";Cheguei em casa pronto para brigar com ele
1082100;1083700;"05";Só que não estava
1083700;1086120;"05";Como meu filho é um menino homem
1086120;1088760;"05";Ele podia até estar nas aventuras dele
1088760;1090260;"05";Por via das dúvidas
1090260;1091320;"05";Avisei a delegacia
1091320;1094140;"05";Mas pela manhã descobri que ele não foi para a aula
1094140;1096380;"05";Agora estou ficando preocupado
1096380;1098540;"05, 13";Lá do fundo
1098540;1099440;"13";Estou sendo assim
1099440;1101220;"13";Com quem quer incomodar
1101220;1102980;"13";Mas também não quer incomodar
1102980;1105060;"13";Sou Pedro, bom dia
1105060;1110120;"13";Você disse que ele tem uma namorada
1110120;1112200;"13";Você sabe me dizer quem é
1112200;1113540;"13";Onde ela mora
1113540;1115080;"13, 05";Ela é uma menina esquisita
1115080;1116920;"05";Mora na cidade mesmo
1116920;1118840;"05";Mas dela trabalha com roupa
1118840;1119900;"05";Ele rindo
1119900;1122860;"05, 13";Com roupa, costura
1122860;1124220;"13";Eu olho para a doutorinha
1124220;1125740;"13";Nesse exato momento
1125740;1127640;"13";Costura
1127640;1128320;"04";Eu falo assim
1128320;1129320;"04";Seu Pedro
1129440;1131940;"04";Qual o problema da moça trabalhar com costura?
1132360;1134300;"04";A minha mãe sempre trabalhou com costura
1134300;1136460;"04";Ela pagou meus estudos trabalhando com roupa
1136460;1137980;"05";Não, não, não
1137980;1139640;"05";É que eu lembrei de uma piada
1139640;1140960;"05, 04";Trabalhar com roupa
1140960;1142700;"04";Eu não sei que piada é essa, seu Pedro
1142700;1144860;"05, 04";É que todos nós trabalhamos com roupa
1144860;1147680;"05, 11";A menos que você trabalhe na casa do Luiz Vermelha, né?
1153940;1155360;"04";Agora eu entendi a piada
1155360;1158740;"13, 04";Ô dona Antoinha, Agostinho
1158740;1159420;"13";Eu não sei você
1159440;1161400;"13";Mas me parece uma porpista
1161400;1163040;"13";O garoto não esteve aqui
1163040;1164300;"13";Já faz pelo menos um
1164300;1166700;"13";Um dois dias, se eu entendi bem
1166700;1168960;"13";Foi para aula, não voltou, não dormiu
1168960;1170420;"13";Não está aqui hoje
1170420;1172220;"13";Agora a gente sabe
1172220;1174520;"13";Que tem uma loja de costura
1174520;1176540;"13";Que a mãe dessa menina trabalha
1176540;1177740;"13";Que está no centro da cidade
1177740;1179380;"13";Acho que a gente pode ir para lá
1179380;1181520;"13, 06";É, acho que a gente tem que conversar com essa menina
1181520;1182180;"06";Seu Pedro
1182180;1185400;"06";Realmente, se essa menina estiver levando seu filho
1185400;1186500;"06";Para o lado errado
1186500;1188000;"06";Pode ter certeza que a gente vai
1188000;1189420;"06";Resolver a situação
1189440;1193580;"06";De toda forma, muito bonita a cerimônia do senhor ontem à noite
1193580;1195700;"06";Gostei muito de ter ido
1195700;1197080;"06";Estava tudo muito bom
1197080;1199520;"06";E a gente tem certeza que o senhor vai ser o ótimo prefeito
1199520;1200760;"06, 04";Para a cidade no próximo ano
1200760;1201440;"06, 04";Eu falo assim
1201440;1205000;"04";Agostinho, por que você acha que é a menina que está levando o menino para o lado errado?
1205120;1206860;"04";Pode ser o menino levando a menina para o lado errado
1206860;1208600;"06, 04";Ah, dona Antoinha
1208600;1210660;"06";Mas você já viu as roupas que ela usa
1210660;1213620;"06, 04";As maquiagens que ela usa
1213620;1214180;"06, 04";Olha só
1214180;1215540;"06, 04";Olha só
1215540;1218000;"06, 04";Deixa de preconceitar
1218000;1220360;"04";Minha filha fica mandando fotinho de coreano
1220360;1221520;"04";De coração para mim
1221520;1223980;"04";Se você começar a falar mal da minha filha
1223980;1226220;"04";Porque ela fica mandando fotinho de coração
1226220;1227580;"04";De coreano para mim
1227580;1229520;"04";Você me aguarde
1229520;1230780;"04";Não faça isso não
1230780;1233560;"13, 04, 10";Eu faço um sinal de despedir
1233560;1235580;"13";Do Pedro e do homem
1235580;1237980;"13, 05, 04, 10";O Pedro olha para a dona Antoinha
1238720;1240420;"05";Mas é coreano do norte
1240420;1241280;"05, 04";Ou do sul?
1241300;1243880;"05, 04";Eu sei, ela que me disse que era coreano
1243880;1245980;"04";Para mim é tudo igual
1245980;1247840;"04";Eu não tenho muita noção disso
1247840;1250460;"04";Se é japonês, se é coreano
1250460;1253140;"04";Como é outro chinês
1253140;1254760;"04";Eu não sei muito bem
1254760;1257480;"05, 06, 04";Coreano do norte é comunista
1257480;1258620;"06";Cuidado com isso
1258620;1260060;"06";E a China também
1260060;1262540;"06, 04";Mas eu sei que a filha da dona Antoinha não mexe com essas coisas
1262540;1263660;"06, 04";Aí eu falo assim
1263660;1266260;"04";Você tem o telefone do seu filho?
1267060;1268500;"04";Porque se eu não tenho o telefone dele
1268500;1270580;"04";A gente fica tentando ligar
1270580;1272420;"04, 10";Ele anota o número
1272420;1274400;"10";E o cartãozinho em branco
1274400;1275160;"10";Que ele tinha no bolso
1275160;1277460;"10";Você está dando fora de área desde ontem
1277840;1279220;"04, 10";Certo, certo
1279220;1280340;"04";Mas de qualquer jeito
1280340;1282340;"04";É bom a gente ter o número do rapaz
1282340;1285140;"04";Tá bom, a gente vai achar alguém para o senhor
1285140;1287020;"05, 04";O que eu mais temo numa hora dessa
1287020;1289820;"05, 04";É só uma menina embuchada para atrapalhar a minha candidatura
1289820;1291080;"05, 04";Eu olho assim de viés
1291080;1293680;"04";Certo, certo
1293680;1294780;"04";Tá, tá, tá
1294780;1296120;"04";Eu vou andando para o carro
1296120;1298780;"13";Eu já estava meio ali na porta
1298780;1299880;"13";Aí na hora que vocês chegam perto
1299880;1301160;"13";Espera aí
1301160;1302260;"13";Essa é nova para mim
1302260;1305540;"13";O menino está dando fora de área faz dois dias
1305540;1306380;"13";Hum
1306380;1308980;"13";O negócio está começando a ficar sério
1308980;1312020;"13";Aí eu entro e bato a chave
1312020;1315600;"13, 10";Não que o seu lar costuma dar área em muitos locais na região, né?
1316160;1317880;"10";Mas ok, pode se preocupar
1317880;1320240;"13";Partiu loja de costura que eu não sei aonde
1320240;1321140;"13";Dona Antoinha
1321140;1323860;"13";Agostinho, vocês falam para onde é que é aí?
1324080;1325760;"10";A dona Antoinha deve conhecer o lugar
1325760;1327220;"10";A dona Antoinha deve conhecer a menina, né?
1327260;1328320;"04, 10";Sim, é
1328320;1330740;"04";É no centro, meu filho
1330740;1332300;"04";Veste e reveste
1332300;1333380;"13, 04";É o nome da loja
1333380;1335920;"13, 04, 10";Fica do lado da sorveteria do seu Paulo
1336380;1337140;"13, 04";Pode ir lá
1337140;1337920;"13";A sorveteria é muito boa
1337920;1339460;"13";Já fui lá com a Vitória
1339460;1342020;"13";Aí ligo o carro e estou indo
1342020;1346260;"13, 10";Beleza
1346260;1348280;"10";Tu sai ali pela fazenda
1348280;1350880;"10";Volta para a pequena cidade
1350880;1353160;"10";Tem um espaço ali para você estacionar
1353160;1354420;"10";É a viadura da polícia, né?
1354460;1356840;"10";Vocês podem estacionar em quase qualquer lugar
1356840;1359540;"10";Porque as únicas pessoas capazes de mutar vocês
1359540;1360900;"10";São vocês mesmos
1360900;1363460;"10";E a loja de costura
1363460;1365480;"10";Está aberta, né?
1365480;1366260;"10";Não tem...
1366260;1367300;"10";Não tem ninguém ali
1367300;1370040;"10";Pessoas de fora entrando
1370040;1371940;"10";Próximo da rua, né?
1372380;1373620;"04, 10";Mas a portinha está aberta
1373620;1377080;"04, 10";Guaxa, você tem o nome da mãe ou a gente vai...
1377080;1377840;"10";Gardênia
1377840;1379760;"04, 10";A gente está se dando na Gardênia
1379760;1381800;"03, 04";A Gardênia está certa aí?
1382000;1382700;"03, 10";Ela levanta...
1382700;1383760;"03, 10";Ai, meu Deus, a minha menina
1383760;1385940;"03";Aconteceu alguma coisa com a minha menina
1385940;1387660;"03";O que aconteceu?
1388700;1390280;"03";Ai, não, não, não, não me conta
1390280;1392500;"03";Deixa eu sentar aqui primeiro que eu sou cardíaca
1392500;1394880;"03, 10";Ela senta assim
1394880;1395700;"03, 10";O que aconteceu?
1395700;1396800;"03";Cadê a minha menina?
1397140;1399100;"03";Então, a gente veio perguntar isso para a senhora
1399100;1400260;"03";Sabe, não sabe, não?
1400380;1401900;"03";A minha menina não voltou ontem
1401900;1403520;"03, 06";Mas onde ela foi ontem, dona Gardênia?
1403560;1405160;"03, 06";Ela está com aquele menino do vereador
1405160;1407460;"03";Aquele menino não é gente boa, não
1407460;1408920;"03, 04";Eu olho assim para o Leandro
1408920;1409980;"04";Ele diz para você
1409980;1412020;"04";Que o povo quer botar a culpa nas meninas
1412020;1414440;"04";Mas é o menino normalmente que faz essas coisas
1414440;1415840;"04";Eu só para o Leandro eu falei
1415840;1420740;"13, 04";De novo, aquela tossida lá no fundo
1420740;1423120;"13";Dona Gardênia
1423120;1424820;"13";A sua filha, ela costuma...
1424820;1425540;"13";Costuma...
1425540;1428480;"13";Frequentar algum lugar que ela gosta?
1429420;1429840;"13";Não sei
1429840;1431400;"13";Às vezes uma cachoeira
1431400;1434200;"03";Não, minha filha não gosta nem de pegar sol
1434200;1435760;"03";Ela vive branca
1435760;1438220;"03";E passa mais pó ainda para ficar mais branca
1438220;1440100;"03";Sempre foi direita
1440100;1441960;"03";Sempre veio para casa
1441960;1444200;"03";Mas aí começou a namorar esse menino
1444980;1447080;"03";E está se perdendo
1447080;1448980;"03, 06";Ô gente, vamos parar com essa fuchicagem
1448980;1450320;"06";Com o filho do prefeito
1450320;1451520;"06";Gael, o menino direito
1451520;1453480;"06";Vamos tentar entender o que aconteceu
1453480;1455280;"06";E vamos procurar eles, né?
1455540;1456600;"04";Eu chego assim perto
1456600;1458140;"04";Eu chego perto da Dona Gardênia
1458140;1459840;"04";Pego na mão dela assim
1459840;1460980;"04";Calma, Dona Gardênia
1460980;1462040;"04";Eu sou mãe também
1462040;1463340;"04";Eu entendo a sua preocupação
1463340;1464600;"04";A gente vai dar um jeito nisso
1464600;1465440;"04";Não se preocupe
1465440;1467100;"04";O que os meninos não querem saber é o seguinte
1467100;1469020;"04";Ela tem alguma amiguinha?
1469020;1470780;"04";Que a gente possa falar com a amiguinha?
1470780;1472540;"04";Ela não contou para a senhora quando ela foi
1472540;1474920;"04, 10";Mas ela pode ter contado para a amiga dela, né?
1474920;1477820;"04, 10";Rola dois dados
1477820;1479320;"04, 10";Tirei dois e cinco
1479320;1480620;"10";Um acerto simples
1480620;1482260;"10";Uma amiga não
1482260;1484020;"10";Mas ela fica assim...
1484020;1485380;"10";É... Vermelha... Ruba?
1485380;1486860;"10";Pulporizada?
1486860;1490100;"10";Ela fica meio incomodada assim apertando a barra da saia?
1490100;1492220;"03, 10";Não, não tem amiga não
1492220;1494120;"03, 04";E um amigo então?
1494120;1495140;"04";Ela tem um amigo?
1495140;1496480;"03, 04";Tem o Gael, né?
1496480;1497700;"03, 04";Que agora eles estão por aí
1497700;1499500;"04";Não, meu amor
1499500;1502080;"04";Olha só, a gente está querendo lhe ajudar
1502080;1503860;"04";E se ela não falou para você onde ela vai?
1503860;1505720;"04";Ela deve ter falado com uma amiguinha
1505720;1508100;"04";Um amiguinho, um colega
1508100;1509300;"04";Alguém desse jeito
1509300;1511520;"04";Você tem que tentar ajudar a gente, né?
1511520;1513480;"03, 04";Como é que a gente vai conseguir salvar ela desse menino?
1513480;1514280;"03, 04";Eu falo mais baixo
1514280;1515140;"03, 04";Desse menino?
1515380;1517240;"03, 04";Você tem que ajudar, meu amor
1517240;1520920;"03";Quando ela começou a andar com esse menino
1520920;1523620;"03";Achei que ela fosse usar roupas mais normais
1523620;1524500;"03";Como a gente
1524500;1526200;"03";Mais cor, sabe?
1526700;1529440;"03";E principalmente que ia parar de andar com aquela outra menina
1529440;1530240;"03";A Angriele
1530240;1533000;"03";Porque elas eram amigas
1533000;1533580;"03";Entende?
1534000;1535960;"10";Ela fica assim, vermelha
1535960;1537980;"10";Meio sem saber como continuar
1537980;1540440;"06, 10";Eu falo no ouvido a dona Tonha
1540440;1541780;"06";O dona Tonha já entende tudo
1541780;1543800;"06";Vamos embora que a gente tem que conversar com essa tal de Angriele
1543800;1545360;"06";Que essa história está muito mal contada
1545380;1546960;"06, 04";Aí eu falo assim
1546960;1547680;"04";Peraí
1547680;1551240;"04";Você já tem a história da Angriele
1551240;1553360;"04";Ou eu invento que a Angriele é filha de alguém?
1553760;1556080;"04, 10";A Angriele
1556080;1557020;"10";Ela
1557020;1559400;"04, 10";Não, porque eu posso inventar
1559400;1561840;"04, 10";Não, não, o pai dela tem fazenda
1561840;1562740;"10";Tem uma fazenda pequena
1562740;1564900;"04, 10";Tá, peraí
1564900;1565820;"04";A Angriele
1565820;1569320;"04";A Angriele é aquela que o pai dela
1569320;1571100;"04";Tem uma fazendinha aqui perto, né?
1572200;1573240;"04";Eu acho que a minha filha
1573240;1574540;"04";Já deve ter falado dela
1574540;1575340;"10";Tá
1575380;1576760;"04, 10";Rola dois dados
1576760;1579380;"04, 10";Eu tirei cinco e um
1579380;1581820;"04, 10";A mãe da Angriele é professora da tua filha
1581820;1584540;"04";Ah, meu Deus, meu Deus, meu Deus
1584540;1586360;"04";Meu Deus, eu lembrei
1586360;1588440;"04";Eu lembrei, a mãe dela é
1588440;1590260;"04";A mãe dela é professora da minha filha
1590260;1591440;"04";Mãe, peraí
1591440;1593860;"04";A menina não disse que a professora não foi hoje
1593860;1595500;"04";A menina falou, não foi?
1595780;1598500;"04";A Lu só falou que a professora não foi hoje
1598500;1599820;"04";Eita
1599820;1601440;"04";Tá bom, dona Gardênia
1601440;1603000;"04";A gente vai avisando a senhora, viu?
1603580;1605300;"04";Eu tô começando a ficar preocupada, um monte de gente
1605380;1606340;"13, 04";Dona Gardênia
1606340;1608420;"13";Você tem alguma foto da sua filha
1608420;1609640;"13";Que a gente possa ver
1609640;1611540;"13, 06";Só pra gente poder ter registro
1611540;1613920;"06";Ô, Leandro, aqui todo mundo conhece a filha dela
1613920;1615400;"06";Não precisa de foto não, Leandro
1615400;1616300;"06";A gente sabe quem é
1616300;1618240;"06, 10";A mulher olha pra um, olha pro outro
1618240;1621080;"04, 10";Não tá tudo bem, dona Gardênia
1621080;1623560;"04";Não se preocupe não, que eu sei muito bem como é a sua filha
1623560;1625340;"04";Eu vou falar pra ele como ela é, viu?
1625780;1628320;"04";Ele é novo na cidade, daqui a pouco ele conhece todo mundo
1628320;1630220;"04";Ele namora a Vitória
1630220;1632360;"04";Você sabe, né? A Vitória trabalha ali no posto de saúde
1632360;1633940;"04";Menina boa, menina boa
1633940;1635200;"04";Ele é bom também, sabe?
1635380;1637420;"04, 10";Vão fazer uns filhos muito bonitos, dois juntos
1637420;1640540;"04, 10";Ela já com aprovação pro Leandro, assim, balançando a cabeça
1640540;1642580;"10";Eu fico com um bom risado
1642580;1644360;"04";Então a gente vai saindo, né?
1644460;1646420;"04";Já conseguimos o que a gente queria na loja
1646420;1647560;"06, 04";Aí no caminho, falando
1647560;1649740;"06";Ô, Leandro, onde já se viu? Pedir foto
1649740;1651780;"06";É só ver aquela menina que parece uma vampira
1651780;1652980;"06";Parece uma gótica
1652980;1655860;"06";Vendo aqueles filmes lá, aquele Madrugada
1655860;1657120;"06";Alvorecer, sei lá
1657120;1659780;"13, 06";Todo mundo sabe quem é ela aqui na cidade
1659780;1660880;"13, 06";É o procedimento, Agostinho
1660880;1663300;"13, 04";Eu dou um tapinha assim no ombro do Agostinho
1663300;1665080;"04";Agostinho, vê meu filho, vê
1665080;1666860;"13, 04";Ué, procedimento
1666860;1669060;"13";A gente tem que registrar tudo
1669060;1671920;"13";Depois aí complica pra resolver as coisas
1671920;1673320;"13, 06";Mas tá bom
1673320;1675660;"06";É, aqui em Jumózinha
1675660;1676560;"06";A gente não precisa
1676560;1679380;"06";Levar tão a sério os procedimentos
1679380;1680860;"13, 06";O que importa é a gente resolver o caso
1680860;1682720;"13, 06";Eu entro no carro, bato a chave
1682720;1685500;"13";Pra onde que a gente vai mesmo agora?
1685960;1687660;"04";A gente vai pra cá
1687660;1689720;"04";Eu acho, né? Que a gente tem que ir pra casa
1689720;1690800;"04";Da Andriele
1690800;1692680;"06";A mãe dela é a Madalena, é isso, né?
1693200;1694620;"04";Eu nem lembro mais, é Madalena
1695080;1697400;"06, 04, 10";É Madalena o nome da mãe
1697400;1699340;"06, 04, 10";O Gacha falou, mas eu já
1699340;1700260;"13, 04";Tá ruim de memória
1700260;1702140;"13, 04";Ele perguntou se é Madalena
1702140;1704760;"13, 04";Aí eles indicam o caminho e eu vou dirigir
1704760;1707200;"13, 04";Não foi da Natoninha, foi a jogadora
1707200;1709180;"04";O Natoninha lembra de tudo
1709180;1711600;"04, 10";Vocês
1711600;1713740;"10";Dirigem até
1713740;1716440;"10";Pra um outro lado, são fazendas menores
1716440;1718640;"10";São mais espaçadas
1718640;1719280;"10";Inclusive
1719280;1722320;"10";E chegam até a fazenda dos pais
1722320;1723440;"10";Da Andriele
1723440;1724840;"10";No caso o pai é fazendeiro
1725080;1728580;"10";E a mãe, ela trabalha como professora na escola
1728580;1731200;"10";A porteira tá fechada
1731200;1733240;"04";Agostinho, vai lá abrir a porteira, por favor
1733240;1735320;"13, 04";O Leandro tá assustado
1735320;1736240;"13";Ele fica
1736240;1737820;"13";Ele arregala o olho
1737820;1739320;"13";É o que, dona Natoninha?
1739540;1741960;"04";Meu filho, a gente é polícia, a gente tem que descobrir
1741960;1743960;"04";E o povo sumiu, tem que abrir a porteira
1743960;1745200;"04";Você quer que a gente entre como?
1745360;1749080;"02, 04";Gente, vocês precisam de atestado pra entrar na propriedade dos outros
1749080;1751440;"04";Meu filho, a gente não vai pegar nada lá não
1751440;1752960;"04";A gente só vai conversar com o povo
1752960;1753560;"04";Eu concordo
1753560;1754960;"06";Isso, já tô saindo do carro
1754960;1756240;"13, 06";A gente tá indo lá em direção a porteira
1756240;1758240;"13";Coloca as duas mãos na cabeça assim
1758240;1760240;"13";E bata a cabeça no volante, sabe?
1760240;1762240;"13, 02";Mas sem tocar a buzina
1762240;1764240;"13, 06, 02";Como é que eu fui me enfiar?
1764240;1766240;"06";Bem, tô abrindo a porteira
1766240;1766740;"06";Beleza
1766740;1768740;"06, 10";E fazendo gestos assim pra eles entrarem de carro
1768740;1770740;"06, 10";Enquanto eu vou indo a pé na frente
1770740;1772740;"12, 02, 10";Vai Leandro, vai
1772740;1773740;"12";Eu não vou
1773740;1775740;"10, 12";A contra é gosto, mas eu vou
1775740;1777740;"10";Agostinho, rola dois dados
1777740;1779740;"12";Eu tirei um e seis
1779740;1781740;"10, 12";Tirou um e seis
1781740;1783740;"10";Um acerto simples, né?
1783740;1784800;"10";Tu não sabe do que, porque tanto...
1784800;1786800;"11, 10";Vai pra um lado e seis pro outro
1786800;1788800;"10";Mas...
1788800;1790800;"10";A medida que tu anda em direção a casa
1790800;1792800;"10";Tu sente assim um...
1792800;1794800;"10";Uma incomodação
1794800;1796800;"10";A casa, assim, tu...
1796800;1798800;"10";Ela tá simples, janelas não tão fechadas
1798800;1800800;"10";E tal, não tem...
1800800;1802800;"10";É de dia, não tem nenhuma luz acesa
1802800;1804800;"10";É, não tem ninguém nas janelas
1804800;1806800;"10";Mas tu te sente observado
1806800;1808800;"10";Enquanto tu vai em direção a casa
1808800;1810800;"06";Coloco a mão assim no coldre
1810800;1812800;"06";Mas sem pegar a arma
1812800;1814800;"06";Só encostando
1814800;1816800;"06";Olho pra trás pro carro
1816800;1818800;"06";Vejo se eu entendo alguma coisa e continuo andando
1818800;1820800;"06, 10";Os outros dois param o carro
1820800;1822800;"10";Mais próximo da casa
1822800;1824800;"10";Vocês sentem um aperto no coração
1824800;1826800;"10";Assim, uma...
1826800;1828800;"10";Uma sensação de que algo ali
1828800;1830800;"10";Não está certo
1830800;1832800;"10";Mas...
1832800;1834800;"13, 10";Vocês não fazem ideia do que é
1834800;1836800;"13";Eu tenho uma suspeita muito forte
1836800;1838800;"13";É um processo vindo pra cima de mim
1840800;1842800;"04";Eu boto a mão assim no peito
1842800;1844800;"04";Leandro...
1844800;1846800;"04";Devia ter...
1846800;1848800;"13, 04";Você tá bem Dona Toinha?
1848800;1850800;"04";Ai...
1850800;1852800;"04";Eu não sei, ó...
1852800;1854800;"04";Devia ter...
1854800;1856800;"04";Como é que esse negócio tá fechado essa hora?
1856800;1858800;"13, 04";Será que aconteceu alguma coisa?
1858800;1860800;"13, 04";Eu tô achando que a gente devia sair daqui
1860800;1862800;"13";E voltar com...
1862800;1864800;"13, 04";Com o mandado, gente
1864800;1866800;"04";Com o menino que mandado o que?
1866800;1868800;"04";A gente é a polícia aqui, meu filho
1868800;1870800;"04";Se acontecer alguma coisa a gente tem que ver o que aconteceu
1870800;1872800;"04";Ai meu Deus...
1872800;1874800;"04";Madalena não é uma professora tão boa
1874800;1876800;"04";Pra minha filha
1876800;1878800;"04";Ai vamos lá, vamos lá, eu vou sair do carro
1878800;1880800;"13";Ai eu...
1880800;1882800;"13";Eu vendo assim, devia ter gente, né?
1882800;1884800;"13";Eu vou daquelas três bujadas
1886800;1888800;"10";Vários pássaros
1888800;1890800;"10";Assim voam
1890800;1892800;"10";Do milho ali
1892800;1894800;"10";Daquela...
1894800;1896800;"10";Revoada, né?
1896800;1898800;"10";Acaba fazendo bastante barulho ali
1898800;1900800;"13, 10";Fora isso nada demais
1900800;1902800;"13";Desculpa Dona Toinha, eu devia ter avisado
1902800;1904800;"13";Eu não tô querendo entrar aí
1904800;1906800;"13";Sem ter um atestado
1906800;1908800;"13";Então eu tô fazendo de tudo pra, sei lá
1908800;1910800;"13";Se tiver alguém dentro da casa, pelo menos pra vir atender a gente
1910800;1912800;"13, 06";Ô Leandro
1912800;1914800;"06";Se a gente for esperar algum juiz
1914800;1916800;"06";A gente demora mais de uma semana pra receber qualquer coisa
1916800;1918800;"06";A gente tá aqui
1918800;1920800;"06";Sendo os policiais da cidade
1920800;1922800;"06";Em nome de uma investigação
1922800;1924800;"06";Do filho do futuro prefeito
1924800;1926800;"06";Pode ficar tranquilo
1926800;1928800;"06";Você vai apertar nessas buzinas e só vai assustar as pessoas
1928800;1930800;"06";Quase matou Dona Toinha do coração
1930800;1932800;"06";Espera um pouquinho, rapaz
1932800;1934800;"06";Vamos entrando aqui e vamos ver o que que
1934800;1936800;"13, 06";O que que acontece
1936800;1938800;"13";Eu saio do carro
1938800;1940800;"13";Mas eu tô relutante em entrar na casa
1940800;1942800;"13";Eu vou dar uma volta assim no quintal, sabe
1942800;1944800;"13";Onde tá aberto
1944800;1946800;"13";Ver o que tiver aberto
1946800;1948800;"13";Vou olhar a janela
1948800;1950800;"13";Paiol
1950800;1952800;"13";Sei lá, uma casa de ferramentas
1952800;1954800;"13";Se tiver buraco pra olhar lá
1954800;1956800;"13, 04";Mas eu vou evitar de entrar
1956800;1958800;"04";É, já que eles tão olhando aí pela casa
1958800;1960800;"04";Eu vou olhar assim por alto ali pela plantação
1960800;1962800;"04, 10";Chama a atenção de vocês
1962800;1964800;"10";Um dos dois
1964800;1966800;"10";Rola um dado aí pra mim
1966800;1968800;"10";Pro grupo
1968800;1970800;"04, 10";Se for pra prestar atenção
1970800;1972800;"11, 04, 10";Eu ou ele?
1972800;1974800;"10";Não, ou a Toinha ou o Leandro
1974800;1976800;"04, 10";Deixa eu rolar
1976800;1978800;"04";Porque se for pra prestar atenção
1978800;1980800;"04";Eita
1980800;1982800;"04";Ninguém percebeu
1982800;1984800;"04, 10";Foi nada
1984800;1986800;"04, 10";Tirou um
1986800;1988800;"06, 04, 10";Aquela sensação ruim
1988800;1990800;"10";Passou assim
1990800;1992800;"06, 10";É só uma casa
1992800;1994800;"06, 10";De ninguém
1994800;1996800;"06, 10";É como se não tivesse ninguém na casa
1996800;1998800;"06, 10";Eu vou tentar abrir a porta
1998800;2000800;"10";Ótimo, a porta não está trancada
2000800;2002800;"10";Tu abre a porta
2002800;2004800;"10";Te dá assim uma tontura
2004800;2006800;"10";Por um momento
2006800;2008800;"10";E dentro da casa
2008800;2010800;"10";Ela parece maior
2010800;2012800;"10";E ela não parece como tu viu
2012800;2014800;"10";Pela janela antes
2014800;2016800;"10";Tem um tapete vermelho
2016800;2018800;"10";Tem um lustre bonito
2018800;2020800;"10";Escadas
2020800;2022800;"10";Na parede
2022800;2024800;"10";Isso te dá uma embrulhada no estômago
2024800;2026800;"06, 10";Ao mesmo tempo que te assusta
2026800;2028800;"06";É, eu ponho a cabeça assim pra fora
2028800;2030800;"06";E grito pro Leandro e pra dona Toinha
2030800;2032800;"06";Tem uma coisa muito errada aqui
2032800;2034800;"06, 10";Vocês tem que vir aqui agora
2034800;2036800;"10";Tá, vamos lá, se tu botou a cabeça pra fora
2036800;2038800;"06, 10";Significa que tu abriu a porta entrando na casa, certo?
2038800;2040800;"06, 10";Isso, isso
2040800;2042800;"10";Lá fora é noite assim
2042800;2044800;"10";Tu viu o céu estrelado
2044800;2046800;"10";Não tem o carro de vocês nem os teus amigos
2046800;2048800;"10";Dona Toinha e Leandro
2048800;2050800;"10";A porta se abriu
2050800;2052800;"10";Agora ela tá só um pouquinho entreaberta
2052800;2054800;"10";E vocês sabem que um amigo de vocês entrou
2054800;2056800;"13";Ai meu Deus do céu
2056800;2058800;"13";Pronto, agora o cara tá lá dentro
2058800;2060800;"13";Pronto, ai, isso vai dar ruim demais
2060800;2062800;"13";Ô Agostinho
2062800;2064800;"13";Vambora, não tem nada aqui não
2064800;2066800;"13, 04";Agostinho?
2066800;2068800;"04";Ele já foi entrando na casa
2068800;2070800;"04";Eu ia olhar ao redor primeiro, né, mas
2070800;2072800;"04";Agostinho, meu filho, havia alguma coisa aí?
2072800;2074800;"04, 10";Não há resposta
2074800;2076800;"04";Eu vou me dirigir na porta, né
2076800;2078800;"04, 10";Ele não responde, não é isso?
2078800;2080800;"04, 10";Ele não tá ouvindo vocês
2080800;2082800;"13, 04";Leandro, ele não tá respondendo?
2082800;2084800;"13";Eu sei, eu sei
2084800;2086800;"13";Eu não entendo vocês
2086800;2088800;"13";Não dá pra entrar sem a presença de alguém
2088800;2090800;"13";Ou de um mandato, gente, isso é errado
2090800;2092800;"04";Eu vi, mas as pessoas estão sumidas
2092800;2094800;"04";Se a gente recebe um
2094800;2096800;"04";Um aviso de que tem
2096800;2098800;"04";Alguém sumida, a gente tem que ir na casa da pessoa
2098800;2100800;"04";A gente nunca vai conseguir autorização
2100800;2102800;"04";Pra entrar na casa de uma pessoa sumida
2102800;2104800;"02, 04";Nunca vi isso
2104800;2106800;"02, 04";Espera a pessoa voltar, não tá aqui gente, tem ninguém na casa
2106800;2108800;"04";Eu vou lá pra porta, ele não tá respondendo
2108800;2110800;"13, 04";Ele deve ter visto alguma coisa lá dentro
2110800;2112800;"13";Ai meu Deus, lá vai a outra também
2112800;2114800;"13";Lembrando Guaxa, o Leandro tá
2114800;2116800;"13";Relutante em entrar por medo
2116800;2118800;"13";Da falta de um mandato
2118800;2120800;"13";Ele só tá vendo a Dona Tonha aí
2120800;2122800;"13, 10";Ele tá suando frio
2122800;2124800;"04, 10";Dona Tonha abriu a porta, né?
2124800;2126800;"10";Abriu a porta
2126800;2128800;"10";A casa realmente, como eu descrevi
2128800;2130800;"10";Ela parece bem maior
2130800;2132800;"10";E luxuosa por dentro
2132800;2134800;"10";E realmente assim
2134800;2136800;"10";Tu sente aquele cafezinho que tu tomou
2136800;2138800;"10";Quase voltar na tua garganta
2138800;2140800;"10";Te dá uma tontura
2140800;2142800;"10";Um embrulho
2142800;2144800;"10";A tua cabeça parece não aceitar muito aquele lugar
2144800;2146800;"10";Mas tu tá do lado de fora
2146800;2148800;"04";Eu vi o Agostinho lá dentro?
2148800;2150800;"10";Não, tá vendo ele
2150800;2152800;"04";Eu falei
2152800;2154800;"11, 04";O Leandro
2154800;2156800;"04";Eu não sei o que tá acontecendo meu filho
2156800;2158800;"04";Eu já tinha vindo aqui na casa da Dona Madalene
2158800;2160800;"04";Não era desse jeito
2160800;2162800;"04";Olha só como tá lá dentro
2162800;2164800;"04";Ai meu Deus do céu, eu tô passando mal
2164800;2166800;"04";Ai eu me escoro assim do lado, sabe?
2166800;2168800;"04";Ai meu filho
2168800;2170800;"13, 04";Se ela faz menção que vai cair
2170800;2172800;"13";Eu vou correr tentar acudir ela ali
2172800;2174800;"13, 10";Ao acudir ela tu
2174800;2176800;"10";De relance vê aquela casa
2176800;2178800;"10";Também te embrulha o estômago
2178800;2180800;"14";Ok
2180800;2182800;"14";Eu acho que
2182800;2184800;"14";Tem muito objeto de valor aqui
2184800;2186800;"14";Meu Deus
2186800;2188800;"14";Isso vai dar muito ruim pra gente
2188800;2190800;"14";Olha, eu acho melhor a gente voltar
2190800;2192800;"13, 14";Agostinho!
2192800;2194800;"13";Eu tiro o telefone
2194800;2196800;"13";Arrastar a Dona Tonha pra trás
2196800;2198800;"13, 04";Por instinto
2198800;2200800;"13, 04, 10";Eu olhei lá dentro meu filho
2200800;2202800;"04";Eu não consegui ver o Agostinho não
2202800;2204800;"04";Agostinho meu filho
2204800;2206800;"04, 10";Agostinho
2206800;2208800;"13, 10";Tá, vocês estão se afastando da porta, certo?
2208800;2210800;"13";Eu tô afastando dela
2210800;2212800;"13";Porque eu tô me sentindo mal
2212800;2214800;"13, 10";E ela tava quase caindo
2214800;2216800;"10";Então vamos ver o Agostinho um pouquinho
2216800;2218800;"06, 10";Agostinho, lá fora como eu falei
2218800;2220800;"06";Saiu estrelado
2220800;2222800;"06";Não, eu tento sair assim da porta
2222800;2224800;"06";Procuro meus companheiros
2224800;2226800;"06";Já que eu não vou achar
2226800;2228800;"06";Eu volto pra porta
2228800;2230800;"06";Que porcaria é essa? O que tá acontecendo?
2230800;2232800;"06";Entro na porta
2232800;2234800;"06, 10";E tento ver se eu acho alguma coisa
2234800;2236800;"10";Te chama atenção lá fora
2236800;2238800;"10";Não tem mais a estrada que vocês chegaram
2238800;2240800;"06, 10";Em volta de toda a casa é milho plantado
2240800;2242800;"06, 10";E dentro?
2242800;2244800;"10";É uma casa luxuosa
2244800;2246800;"06, 10";Parece ter vários cômodos
2246800;2248800;"10";Meu, grito se tem alguém aí
2248800;2250800;"10";Tu escuta batidas fortes na parede
2250800;2252800;"10";No andar de cima
2252800;2254800;"10";Eu vejo uma adolescente
2254800;2256800;"06";Socorro, socorro
2256800;2258800;"06, 10";Eu tô presa aqui
2258800;2260800;"10";Andriele, Ana, são vocês?
2260800;2262800;"10";Lá fora os outros dois
2262800;2264800;"10";Vocês estão se afastando
2264800;2266800;"10";Vocês veem quadros caindo lá dentro
2266800;2268800;"10";Barulho de batidas contra a parede
2268800;2270800;"10";E a mesma voz de adolescente
2270800;2272800;"04, 10";Socorro, socorro
2272800;2274800;"04";Eu tô presa aqui
2274800;2276800;"04";Nossa senhora
2276800;2278800;"04, 10";Eu sei quem é a voz então
2278800;2280800;"04, 10";É da Ana Clara
2280800;2282800;"04";Leandro, Leandro, Leandro
2282800;2284800;"04";Você viu? A menina gritou
2284800;2286800;"13, 04";Agora a gente pode entrar
2286800;2288800;"13";Alguém tá correndo riso de vida
2288800;2290800;"13";Eu pego o rádio da polícia ali
2290800;2292800;"13";Que tá no colete
2292800;2294800;"13";Sei lá, não sei se tem como a gente
2294800;2296800;"13";Chamar ajuda
2296800;2298800;"13";Nós somos os únicos três em serviço
2298800;2300800;"13";Eu conheço na fazenda da Madalena
2300800;2302800;"13";E tô indo direto pra porta
2302800;2304800;"13, 10";Sem pensar
2304800;2306800;"10";Falou no rádio e então entrou na casa
2306800;2308800;"04, 10";A dona Antônia entrou também?
2308800;2310800;"04";Eu fui atrás dele
2310800;2312800;"04, 10";Quando vocês entram
2312800;2314800;"10";A iluminação lá dentro
2314800;2316800;"10";Ela muda
2316800;2318800;"10";Não porque a iluminação lá dentro realmente mude
2318800;2320800;"10";Mas aqui entrava pelas janelas
2320800;2322800;"10";Agora é de noite assim
2322800;2324800;"10";De céu estrelado
2324800;2326800;"10";Vocês veem, vocês veem o Agostinho
2326800;2328800;"10";Subindo a escada, ele foi atrás do barulho
2328800;2330800;"10";Certo Agostinho? Isso
2330800;2332800;"10";Vocês veem ele já no topo da escada assim subindo
2332800;2334800;"10";Pra ir em direção
2334800;2336800;"10";Onde ele ouviu o grito
2336800;2338800;"06, 10";Ei Agostinho, eu tava te chamando, porque que você não atendeu?
2338800;2340800;"06";Tem uma garota em perigo aqui cara
2340800;2342800;"06, 04";Só me segue, só me segue
2342800;2344800;"04";Aí eu pego assim na blusa do Agostinho, Agostinho, Agostinho
2344800;2346800;"04";Lá fora tá escuro Agostinho
2346800;2348800;"04";Não tava a noite quando a gente entrou aqui dentro dessa casa
2348800;2350800;"13, 04";Olho pra trás
2350800;2352800;"13";Vejo que ela falou que é verdade
2352800;2354800;"13";Aí eu lembro que tem uma pessoa
2354800;2356800;"13";Em perigo, ignorei que tá de escuro
2356800;2358800;"13";E
2358800;2360800;"13, 04";Fui atrás da escada
2360800;2362800;"04";Considerando que eu não quero ficar sozinha
2364800;2366800;"04, 10";Dona Antônia, dona Antônia vai atrás dele
2366800;2368800;"10";Vocês acabam no segundo andar
2368800;2370800;"10";Que seria atrás da parede
2370800;2372800;"10";Que caíram os quadros
2372800;2374800;"10";Tem uma porta
2374800;2376800;"10";Uma porta branca assim, parece uma porta de quarto
2376800;2378800;"06, 10";Bem, vou tentar abrir, acho que tava na frente
2378800;2380800;"06, 10";Tu abre assim
2380800;2382800;"10";É um quarto com uma cama daquelas
2382800;2384800;"10";Grandes
2384800;2386800;"10";Com aquele dorcel alto, né
2386800;2388800;"10";É
2388800;2390800;"10";O quarto inteiro é branco assim
2390800;2392800;"10";Tudo, a roupa de cama
2392800;2394800;"10";Os detalhes dos móveis
2394800;2396800;"10";Ele tá tudo muito branco
2396800;2398800;"10";Exceto na penteadeira
2398800;2400800;"10";Que já foi branca
2400800;2402800;"10";Ela tem
2402800;2404800;"10";Manchas assim, vermelhas
2404800;2406800;"10";Tanto escorrendo pelas
2406800;2408800;"10";Pelas gavetas, quanto no
2408800;2410800;"10";Espelho, em cima
2410800;2412800;"10";Dessa
2412800;2414800;"10";Dessa penteadeira, tem uma
2414800;2416800;"10";Uma espécie de pote
2416800;2418800;"10";De barro, com um
2418800;2420800;"10";Líquido vermelho, assim, viscoso
2420800;2422800;"10";E que vocês, por serem
2422800;2424800;"10";Policiais, assim, qualquer um que tenha um
2424800;2426800;"10";Nome de conhecimento, sabe que
2426800;2428800;"06, 10";É sangue
2428800;2430800;"06, 10";Puta merda, de quem que é esse sangue, gente?
2430800;2432800;"10";E não tem ninguém ali pra gritar pro socorro
2432800;2434800;"13, 10";Ou bater na parede
2434800;2436800;"13";Pego, sei lá
2436800;2438800;"13";Pego o celular
2438800;2440800;"13";E começo a tirar foto dessas coisas
2440800;2442800;"13";E deixar
2442800;2444800;"13";Armazenado, assim, na memória
2444800;2446800;"13";Pra
2446800;2448800;"13";Ou
2448800;2450800;"13";Se eu contar essa história
2450800;2452800;"13";Vou achar que eu tô doido
2452800;2454800;"13";E eu não tô com cabeça pra raciocinar
2454800;2456800;"13";Que eu tô vendo
2456800;2458800;"13, 10";Rola um dado
2458800;2460800;"13, 10";Eu tirei quatro
2460800;2462800;"10";Perfeito, tu bateu as tuas fotos ali
2462800;2464800;"04, 10";Eu ia dizer que eu vi ele pegando o celular
2464800;2466800;"04, 10";E eu ia pegar o celular
2466800;2468800;"04";Também, pra tentar ligar pra alguém
2468800;2470800;"04, 10";Ok
2470800;2472800;"10";A dona Tonha pegou o celular, tu vai ligar pra quem?
2472800;2474800;"04, 10";Pra alguém da polícia, ou pra minha filha
2474800;2476800;"04, 10";Pra quem tu vai ligar?
2476800;2478800;"04, 10";Tá, eu vou ligar pra alguém da polícia
2478800;2480800;"04, 10";Então, pra alguém que esteja em casa
2480800;2482800;"04, 10";Hoje, né? Sim
2482800;2484800;"10";Uma voz que tu não conhece, atende
2484800;2486800;"04, 10";Pois não
2486800;2488800;"04";Roberto?
2488800;2490800;"11, 04";Esse é o telefone do Roberto?
2490800;2492800;"11";Não
2492800;2494800;"11, 04";Mas você quer que eu seja o Roberto?
2494800;2496800;"04";Sim menino, me responda direito
2496800;2498800;"04";Eu tenho esse número aqui do Roberto já faz uns cinco anos
2498800;2500800;"04";Não é possível que de ontem pra hoje ele mudou esse número
2500800;2502800;"11, 04";O que você precisa?
2502800;2504800;"04";Eu liguei, porque
2504800;2506800;"04";Peraí, me diga primeiro onde é que tá o Roberto
2506800;2508800;"04, 10";A ligação
2508800;2510800;"10";Desliga, né?
2510800;2512800;"10";E tu recebe uma mensagem
2512800;2514800;"04, 10";De quem?
2514800;2516800;"04, 10";Roberto
2516800;2518800;"04, 10";Ok, então eu vou ler a mensagem
2518800;2520800;"10";É uma imagem
2520800;2522800;"10";Tu vê a foto
2522800;2524800;"10";É o Roberto assentado na mesa da cozinha dele
2524800;2526800;"10";Na frente dele tem um prato
2526800;2528800;"10";De cereal, né?
2528800;2530800;"10";Com bastante leite
2530800;2532800;"10";Ele segura uma colher com uma mão
2532800;2534800;"10";E com a outra ele segura a arma assim
2534800;2536800;"10";Encostando na cabeça
2536800;2538800;"04, 10";Um olhar meio distante
2538800;2540800;"04, 10";É isso que tu vê nessa foto
2540800;2542800;"06, 10";O telefone tá sem área
2542800;2544800;"06, 04";O que que tá acontecendo aí?
2544800;2546800;"04";Menino, eu tava ligando pro Roberto pra gente chamar ele aqui
2546800;2548800;"04";Pra ver se ajuda a gente
2548800;2550800;"04";E aí uma pessoa estranha atendeu o telefone dele
2550800;2552800;"04";E aí falou, o que que cê quer?
2552800;2554800;"04";O que que cê quer?
2554800;2556800;"04";Aí eu falei, pô, eu passo pro Roberto
2556800;2558800;"04";Porque esse telefone é dele
2558800;2560800;"04";E aí ele mandou uma foto, olha a foto aqui
2560800;2562800;"04";E eu tentei ligar de novo e agora tá fora de área
2562800;2564800;"04";Vocês tentam ligar pra alguém, gente
2564800;2566800;"04";Tem alguma coisa errada aqui
2566800;2568800;"13";Pera, isso tá muito estranho
2568800;2570800;"13";Como que eles iam saber que a senhora ia ligar pro Roberto?
2570800;2572800;"13, 04";Eles quem, meu filho?
2572800;2574800;"14, 04";Eu não sei quem é eles
2574800;2576800;"14";Olha, se...
2576800;2578800;"14, 04";Alguém tirou essa foto do Roberto?
2578800;2580800;"04";Sim, sim, por isso que eu liguei de novo, né?
2580800;2582800;"14, 04";Mas ninguém tá fora de área agora
2582800;2584800;"14, 06";Meu Deus, o que que tá acontecendo nessa cidade?
2584800;2586800;"06";Eu vou pegar o pote de sangue
2586800;2588800;"06, 04";Menino, encosta nisso não
2588800;2590800;"04";Vai ficar a tua digital toda aí
2590800;2592800;"04";Agostinho, o que que cê vai pegar nesse negócio?
2592800;2594800;"06, 04";Ô dona Toinha, mas não tem o que fazer não
2594800;2596800;"06";A gente não tem como esperar
2596800;2598800;"06";A perícia chegar
2598800;2600800;"06, 04";É a gente com a gente mesmo
2600800;2602800;"06, 04";Mas a questão é, cê vai pegar o pote pra quê?
2602800;2604800;"04, 10";Tu levantou o pote assim?
2604800;2606800;"10";É essa a tua ação?
2606800;2608800;"06, 10";É, ele tava em cima da penteadeira
2608800;2610800;"06";Eu tirei ele de lá
2610800;2612800;"06, 10";Tem um pedaço de papel embaixo dele
2612800;2614800;"06, 10";Vou pegar o papel
2614800;2616800;"06, 10";O papel tá escrito
2616800;2618800;"10";Gael
2618800;2620800;"10";E daí tem um tracinho
2620800;2622800;"10";Ser maior que meu pai
2622800;2624800;"10";Ana
2624800;2626800;"10";Viver dentro da maior casa da região
2626800;2628800;"10";Andriele
2628800;2630800;"10";Ter a melhor experiência gastronômica
2630800;2632800;"06, 10";Da minha vida
2632800;2634800;"06";Eu olho pro Leandro
2634800;2636800;"06";E pra dona Toinha e falo
2636800;2638800;"06";Essas crianças tão metidas com alguma coisa errada
2638800;2640800;"06";Eu sabia, eu sabia que essas roupas
2640800;2642800;"06";Essas maquiagens
2642800;2644800;"06";E aí eu entrego, sei lá
2644800;2646800;"06";Pra quem tiver mais perto, pra dona Toinha
2646800;2648800;"04";O papel
2648800;2650800;"04";Aí eu chego perto do Leandro
2650800;2652800;"04";Menino, o que é isso?
2652800;2654800;"04";Ai meu Deus
2654800;2656800;"04";Menina Ana
2656800;2658800;"04";Menina Ana
2658800;2660800;"04, 10";Vocês escutam assim
2660800;2662800;"10";Alguém batendo nas paredes
2662800;2664800;"10";Em volta
2664800;2666800;"10";Em todas as paredes em volta de vocês
2666800;2668800;"04, 10";O que é que vocês fizeram menina?
2668800;2670800;"06, 04";Onde é que você tá?
2670800;2672800;"06";Eu começo a bater de volta
2672800;2674800;"06, 04, 10";Na parede, quem tá aí?
2674800;2676800;"10";Uma gota de sangue
2676800;2678800;"10";Cai do teto, embora não exista sangue
2678800;2680800;"10";No teto
2680800;2682800;"10";E cai em cima do papel, em cima de Ana
2682800;2684800;"10";E ele escorre assim
2684800;2686800;"10";Como se riscasse da lista
2686800;2688800;"04";Meu Deus minha gente
2688800;2690800;"04";Espera aí
2690800;2692800;"04";A Ana que queria viver na maior casa da região
2692800;2694800;"04";Né?
2694800;2696800;"04";Essa casa aqui é muito grande
2696800;2698800;"04";Será que ela tá presa aqui em algum lugar?
2698800;2700800;"06, 04";Ai meu Deus
2700800;2702800;"06";Mas essa casa não é da região
2702800;2704800;"06, 04";Eu nunca vi essa casa antes
2704800;2706800;"04";Sim, mas tá localizada aqui
2706800;2708800;"13, 04";Eu vou em outros quartos, vou tentar abrir as outras portas
2708800;2710800;"13";Pra ver se encontro ela
2710800;2712800;"13";O grupo vai se dividir, é isso?
2712800;2714800;"13, 04";Não vai sozinha, pelo amor de Deus dona Toinha
2714800;2716800;"04";Menina, a gente tá ouvindo batida
2716800;2718800;"04";A porta tá...
2718800;2720800;"13, 04";Olha quanto sangue
2720800;2722800;"13, 04";Esse é o Leandro com medo de ficar sozinho depois de ver isso tudo
2722800;2724800;"04";Tipo, tem uma porta na frente da porta que a gente tá
2724800;2726800;"04, 10";Vou abrir a porta
2726800;2728800;"10";Tem outros quartos, vários quartos ali em cima
2728800;2730800;"10";O grupo tá indo junto, né?
2730800;2732800;"10";Tá, a dona Toinha que tá na frente
2732800;2734800;"10";Rola dois dados
2734800;2736800;"04";Eu tirei três, que é meu atributo
2736800;2738800;"04, 10";E quatro
2738800;2740800;"10";Tu encontra um quarto de casal
2740800;2742800;"10";Em cima da cama
2742800;2744800;"10";Os pais da...
2744800;2746800;"04, 10";Eu corro pra cima deles
2746800;2748800;"04";Dona Madalena, Dona Madalena
2748800;2750800;"04";E tem o nome do pai?
2750800;2752800;"04, 10";Pode ajudar
2752800;2754800;"04";Seu Gerson, Seu Gerson
2754800;2756800;"04, 10";Aí eu pego neles, né?
2756800;2758800;"10";Quando chega perto, tu vê que os dois tão sem o...
2758800;2760800;"10";Globo ocular
2760800;2762800;"10";Sem os olhos os dois
2762800;2764800;"04, 10";Ai meu Deus do céu
2764800;2766800;"04, 10";Estão mortos
2766800;2768800;"04";Ai meu Deus do céu
2768800;2770800;"06, 04";Meninas, meninas, eles tão mortos
2770800;2772800;"06, 04";O que tá acontecendo?
2772800;2774800;"04";Eu tô sem
2774800;2776800;"04";Eu tô ao meu redor
2776800;2778800;"04";Eu vejo alguma coisa, tipo
2778800;2780800;"04, 10";O que aconteceu ali, além deles estarem deitados, amor
2780800;2782800;"06, 10";Tu não faz ideia
2782800;2784800;"06, 10";Tem sangue na cena?
2784800;2786800;"10";Perto dos olhos deles, sim
2786800;2788800;"10";Mas não parece que houve luta por parte deles
2788800;2790800;"14, 10";Eu, eu, pera
2790800;2792800;"13, 10";Dona Toinha, me dê o papel
2792800;2794800;"13";Eu pego o papel
2794800;2796800;"13";A Andriele
2796800;2798800;"13";Na frente do nome dela
2798800;2800800;"13";Melhor experiência gastronômica de todas
2800800;2802800;"13";Isso
2802800;2804800;"13";Eu falo
2804800;2806800;"13, 06";Porrer esses corpos aqui
2806800;2808800;"06";Deixar isso aqui
2808800;2810800;"06";Eu conheço o Gerson há muito tempo
2810800;2812800;"06";Ele financiava a campanha do meu pai
2812800;2814800;"04";Que coisa horrorosa, gente
2814800;2816800;"04";Eu conheço eles faz tempo
2816800;2818800;"04";A gente tem que achar os meninos
2818800;2820800;"14, 04";Sei lá o que aconteceu com eles
2820800;2822800;"14";Tem uma criança aqui
2822800;2824800;"14";Ela tá pedindo socorro
2824800;2826800;"13";Só que, sei lá
2826800;2828800;"13";Isso não tá normal
2828800;2830800;"13";Isso não é um assassinato comum
2830800;2832800;"13";Isso aqui não é furto
2832800;2834800;"13, 06";Isso aqui não é gangue, isso aqui é outra coisa
2834800;2836800;"06";Vocês perceberam?
2836800;2838800;"06";Vocês olharam lá pra fora?
2838800;2840800;"06";Esse lugar não é o mesmo lugar que a gente tava
2840800;2842800;"06, 04";Tá de noite, que porra é essa?
2842800;2844800;"04";Eu falei pro Leandro quando a gente entrou
2844800;2846800;"04";Que esse negócio tava estranho
2846800;2848800;"04";Mas agora a gente tá vendo que tá muito mais estranho
2848800;2850800;"06, 04";O nosso rádio tá funcionando?
2850800;2852800;"06";Aí eu tento testar o rádio pra tentar falar com os outros dois mesmo
2852800;2854800;"06, 04, 10";Vai testar o rádio
2854800;2856800;"06, 04, 10";Um dos outros dois era o Roberto, né?
2856800;2858800;"06, 04";É, pra ver se, por exemplo
2858800;2860800;"06";Se a gente se separar a gente consegue continuar falando
2860800;2862800;"06, 10";Uma voz responde no rádio
2862800;2864800;"10";Pois não
2864800;2866800;"06";Quem é você?
2866800;2868800;"06";Por que você tá na frequência da polícia?
2868800;2870800;"06";O que você gostaria?
2870800;2872800;"06";Eu quero entender o que tá acontecendo
2872800;2874800;"06";Onde que a gente tá?
2874800;2876800;"06, 10";Quem tá falando?
2876800;2878800;"10";O rádio para de funcionar
2878800;2880800;"10";E tu recebe o teu celular vibra
2880800;2882800;"06, 10";Bem, eu pego e vou ver
2882800;2884800;"10";No teu celular tu recebe várias imagens
2884800;2886800;"10";Assim, de textos
2886800;2888800;"10";Em línguas que tu
2888800;2890800;"10";Tu não consegue entender
2890800;2892800;"10";Até que um dos textos faz mais sentido
2892800;2894800;"10";E basicamente
2894800;2896800;"10";Ele conta lendas de
2896800;2898800;"10";Gênios, né?
2898800;2900800;"10";De demônios
2900800;2902800;"10";Que realizam desejos
2902800;2904800;"10";Além disso tem um mapinha da
2904800;2906800;"10";Cidade marcando uma estrelinha
2906800;2908800;"10";Escrito você está aqui
2908800;2910800;"10";Na fazenda da família da Andriela
2910800;2912800;"06, 10";Bem, eu mostro pros dois
2912800;2914800;"06";Se consegue entender isso
2914800;2916800;"13, 06";Eu não sei o que tá acontecendo mais, gente
2916800;2918800;"13";O Leandro, ele olha pras mensagens
2918800;2920800;"13";De texto, olha pro rádio
2920800;2922800;"13";Olha pro Agostinho
2922800;2924800;"13";Olha pra Dona Toinha
2924800;2926800;"13";Pera aí, deixa eu ver se eu entendi
2926800;2928800;"13";Você pediu isso no rádio da polícia
2928800;2930800;"13";E eles te entregaram essas
2930800;2932800;"13";Informações no seu celular
2932800;2934800;"13";Pera aí, isso é uma resposta então?
2934800;2936800;"13, 06";A pessoa que tá
2936800;2938800;"06";Falando comigo é um gênio?
2938800;2940800;"06";Alguém que
2940800;2942800;"06";Atende desejos?
2942800;2944800;"11, 06";Porra, isso é uma palhaçada
2944800;2946800;"06";Isso é um mapa mostrando a fazenda
2946800;2948800;"06";Seu Jesse e Dona Madalena
2948800;2950800;"06";Eu sei que é aqui que a gente veio
2950800;2952800;"06";Mas esse lugar não se parece com a fazenda
2952800;2954800;"13, 06";O Leandro
2954800;2956800;"13";Ele tá com aquela cara de
2956800;2958800;"13";Nazaré
2958800;2960800;"13";Ele não consegue entender nada
2960800;2962800;"13";Ele pega o celular e entrega
2962800;2964800;"13";De novo pro Agostinho
2964800;2966800;"13";Tem alguma cadeira ali?
2966800;2968800;"13, 10";Tem uma próxima da penteadeira
2968800;2970800;"13, 10";Eu sento
2970800;2972800;"13";E encosto a cabeça
2972800;2974800;"13";Assim na parede e falo
2974800;2976800;"13";O que tá acontecendo nesse lugar?
2976800;2978800;"04";Pera aí
2978800;2980800;"04";Deixa eu ler isso aqui de novo
2980800;2982800;"04";Aí eu vou ler de novo pra ver se
2982800;2984800;"04";Se tem alguma luz
2984800;2986800;"04";Eu falo, meu senhor Jesus Cristo, por favor
2986800;2988800;"04";Ajude aqui, pelo amor de Deus
2988800;2990800;"04";Aí eu vou ler de novo, pera aí
2990800;2992800;"04";Ele tá dizendo
2992800;2994800;"04";Esses meninos se meteram em alguma coisa
2994800;2996800;"04";Né?
2996800;2998800;"04";Eles pediram
2998800;3000800;"04";Alguma coisa, né?
3000800;3002800;"04";Aí o negócio ficou escuro
3002800;3004800;"04";A casa ficou grande
3004800;3006800;"04";Ai meu Deus
3006800;3008800;"04";Isso quer dizer que
3008800;3010800;"11, 04";Esse homem, esse homem, esse homem
3010800;3012800;"11, 04";Como é que você falou?
3012800;3014800;"04";Eugênio?
3014800;3016800;"04";Ai meu Deus
3016800;3018800;"04";Será que eu fiz um pacto com ele também?
3018800;3020800;"04";Não, não, não, eu não quero ficar aqui
3020800;3022800;"06, 04";Eu não quero ficar aqui
3022800;3024800;"06, 04";Eu quero ir embora
3024800;3026800;"06, 04";Isso tem que ser outra coisa
3026800;3028800;"06";A gente não tá conseguindo entender direito
3028800;3030800;"06";Mas
3030800;3032800;"06";Então se a gente tá
3032800;3034800;"06";Essa é a maior casa da região
3034800;3036800;"06";Agora eu tô começando a entender
3036800;3038800;"06";Agora
3038800;3040800;"06";O Gael disse que ia ser maior do que o pai
3040800;3042800;"06";Bem, maior que o seu Pedro
3042800;3044800;"06";Em que sentido de maior?
3044800;3046800;"06";Eu tento olhar pra janela
3046800;3048800;"06";Ver se eu consigo ver alguma coisa
3048800;3050800;"06, 10";Lá fora
3050800;3052800;"10";Lá fora, noite estrelada, sem lua
3052800;3054800;"10";Mas assim, bastante estrela
3054800;3056800;"10";Que acaba criando um pouco de iluminação
3056800;3058800;"10";Ver milho pra todos os lados
3058800;3060800;"13, 10";Guaxa, eu tava com um papelzinho
3060800;3062800;"13";Com os nomes
3062800;3064800;"13";E com o nome dando arriscado, né?
3064800;3066800;"13";Eu olhei pro papel de novo
3066800;3068800;"13, 11";Alguma mudança?
3068800;3070800;"13, 11";Não
3070800;3072800;"13";Somente aqueles nomes que você disse
3072800;3074800;"13, 11";Mas nenhum nome apareceu
3074800;3076800;"13, 00";Tipo o meu
3076800;3078800;"13, 00, 06";Só pra garantir
3078800;3080800;"00, 06";Ou o meu
3080800;3082800;"06";Eu vou fazer o seguinte
3082800;3084800;"06";Não
3084800;3086800;"06";Isso aqui tem alguém fazendo uma palhaçada
3086800;3088800;"06";Eles não sabem com quem eles estão se metendo
3088800;3090800;"06";Eles estão se metendo com Agostinho Ferreira de Azevedo
3090800;3092800;"06";Próximo vereador dessa cidade
3092800;3094800;"06";Próximo prefeito da cidade
3094800;3096800;"06";Isso aqui não vai ficar assim
3096800;3098800;"06";Eu pego o rádio de novo
3098800;3100800;"06, 10";O rádio tá em silêncio
3100800;3102800;"04, 10";Aconteceu a mesma coisa comigo meu filho
3102800;3104800;"04";Depois que eu pedi pra ele me mostrar onde estava o Roberto
3104800;3106800;"04";Ele ficou assim, ficou mudo
3106800;3108800;"06, 04, 10";Pô Leandro, só falta você
3108800;3110800;"06";Eu?
3110800;3112800;"13, 02, 11, 06";Não, não, não
3112800;3114800;"02";Não tem nada de Leandro aqui não
3114800;3116800;"02";Eu falei pra gente não entrar aqui sem o mandado
3116800;3118800;"02";E vocês entrarem nessa casa
3118800;3120800;"02, 10";Eu não tenho nada com isso, vocês se resolvam com o demônio aí
3120800;3122800;"02, 10";Muitas batidas na parede
3122800;3124800;"02, 11, 04, 10";Eu tô presa aqui, socorro, me salve
3124800;3126800;"06, 04, 10";Mas de um lado específico?
3126800;3128800;"04, 10";Vamos pra lá
3128800;3130800;"04, 10";Vocês vão pro quarto do lado
3130800;3132800;"10";Não tem ninguém lá
3132800;3134800;"04, 10";Meu Deus, será que essa menina tá presa na parede?
3134800;3136800;"04";Não é possível isso
3136800;3138800;"04";Será que tem algum machado por aqui?
3138800;3140800;"13, 04";Talvez
3140800;3142800;"13";Lá fora com as ferramentas
3142800;3144800;"13";Talvez alguma coisa na cozinha
3144800;3146800;"13";Deve ter, sei lá, alguma coisa
3146800;3148800;"13, 06";Perto da área de serviço
3148800;3150800;"06";A parede é de
3150800;3152800;"06, 10";Recreto?
3152800;3154800;"10";É de tijolo
3154800;3156800;"04, 10";Eu pensei que talvez fosse de madeira
3156800;3158800;"04";Mas de tijolo tem que ser uma marreta
3158800;3160800;"04";Sei lá, um martelo
3160800;3162800;"04";Mas a gente tem que procurar alguma coisa
3162800;3164800;"06, 04";Eu acho que a menina tá presa na parede
3164800;3166800;"06";Bem, vamos juntar os dois planos
3166800;3168800;"06";E ir na cozinha ver se a gente acha uma faca
3168800;3170800;"06, 10";Ou um cutelo
3170800;3172800;"10";Vocês começam em direção à cozinha
3172800;3174800;"10";Dessas escadas
3174800;3176800;"04, 10";Antes de entrar na cozinha vocês já escutam um choro
3176800;3178800;"04";Então será que a menina tá na cozinha?
3178800;3180800;"14, 04";Abra a porta
3180800;3182800;"14";Vindo da onde o choro?
3182800;3184800;"14, 10";Eu abro a porta da cozinha
3184800;3186800;"04, 10";A gente tá aqui pra ajudar
3186800;3188800;"04, 10";O que que tem lá dentro?
3188800;3190800;"10";Tem uma menina assim
3190800;3192800;"10";Ela tá usando um vestido simples
3192800;3194800;"10";Ela tá abraçando assim os joelhos dela
3194800;3196800;"10";A cabeça assim
3196800;3198800;"10";Tá meio enfiada entre os joelhos
3198800;3200800;"10";E
3200800;3202800;"10";Cabelo assim longo
3202800;3204800;"10";Escuro
3204800;3206800;"10";Cobre o rosto dela
3206800;3208800;"unknown";Mas ela tá chorando bastante
3208800;3210800;"13";Ela tá no chão sentada na cadeira?
3210800;3212800;"13, 10";No chão, sentada no chão
3212800;3214800;"13, 10";No piso
3214800;3216800;"13, 10";Eu vou direto nela
3216800;3218800;"13, 10";É uma adolescente né?
3218800;3220800;"13";É uma adolescente
3220800;3222800;"13";Eu agacho
3222800;3224800;"13";Se eu tiver com um colete
3224800;3226800;"13";Ou alguma coisa assim
3226800;3228800;"13";Mais grossa como se fosse uma camisa
3228800;3230800;"13";Ela tá molhada
3230800;3232800;"13";Ela tá ferida
3232800;3234800;"13, 10";Eu consigo ver alguma coisa
3234800;3236800;"10";Rola um dado e não tira seis
3236800;3238800;"13";Ah é claro
3238800;3240800;"13, 04";Seis
3240800;3242800;"04, 10";Eu reconheço quem é?
3242800;3244800;"04, 10";Ah tá
3244800;3246800;"10";Leandro se abaixa próximo a menina
3246800;3248800;"10";Pra ver se tá tudo bem com ela
3248800;3250800;"10";Rolou um teste físico
3250800;3252800;"10";Em que ele falhou
3254800;3256800;"06, 10";Sua única missão
3256800;3258800;"09, 10";A menina rapidamente fala
3258800;3260800;"10, 09";Peguei
3260800;3262800;"10";Com um garfo ela crava no olho
3262800;3264800;"10";De Leandro
3264800;3266800;"10";E arranca numa puxada só
3270800;3272800;"13";Eu instintivamente
3272800;3274800;"13, 14";Eu tô rolando no chão de dor
3274800;3276800;"10";Ela começa a correr pra sair por uma porta dos fundos
3276800;3278800;"06, 10";Eu puxo a arma e atiro
3278800;3280800;"06, 10";Dois dados
3280800;3282800;"06, 10";Tirei quatro e seis
3282800;3284800;"10";Teu atributo é três
3284800;3286800;"10";O teu tiro acerta
3286800;3288800;"10";Uma cristaleira fazendo muito barulho
3288800;3290800;"10";Mas a menina conseguiu sair
3290800;3292800;"10";Pela porta dos fundos
3292800;3294800;"04, 10";Eu me abaixo do lado do Leandro
3294800;3296800;"04";Meu filho, meu filho
3296800;3298800;"04, 10";Ai meu Deus do céu
3298800;3300800;"04, 10";O que que tu vai fazer?
3300800;3302800;"10";Vamos lá
3302800;3304800;"04, 10";O Agostinho correu atrás da menina
3304800;3306800;"04";Eu me agachei
3306800;3308800;"04";Do lado do Leandro
3308800;3310800;"04";Pra ajudar o menino
3310800;3312800;"04";A estancar o sangue de algum jeito
3312800;3314800;"04";Pega um pano, água, bota ali
3314800;3316800;"04, 10";E a gente anda com coisa de pronto socorro?
3316800;3318800;"10";Tem no carro
3318800;3320800;"04, 10";O máximo que tu vai ter ali é um paninho de cozinha
3320800;3322800;"04";Então eu vou pegar um pano de prato
3322800;3324800;"04";Botar uma coisa no olho dele
3324800;3326800;"04";Leandro, Leandro
3326800;3328800;"04";Vamos comigo no carro
3328800;3330800;"04";Tem um kit de pronto socorro ali
3330800;3332800;"13, 04";Agostinho, onde é que você foi?
3332800;3334800;"13, 04";Enquanto eu tô indo
3334800;3336800;"13, 04";Eu tô tateando assim, eu consigo tatear a geladeira?
3336800;3338800;"13, 14";Pera, pera, pera
3338800;3340800;"13, 14";Eu abro a porta da geladeira assim
3340800;3342800;"13";Eu puxo
3342800;3344800;"13";Da parte de
3344800;3346800;"13";De forminha de gelo, tem gelo lá?
3346800;3348800;"13, 10";Tem gelo
3348800;3350800;"13, 04";Ah, eu puxei a forminha, agora vamos embora
3350800;3352800;"04";Bota aqui nesse pano, bota aqui nesse pano
3352800;3354800;"04";Ah, que inferno
3354800;3356800;"02, 04";Ah
3356800;3358800;"10";Que dor
3358800;3360800;"10";Estou saindo lá pela porta da frente
3360800;3362800;"10";Para descobrir que o carro não tá mais lá
3362800;3364800;"10";Puta
3364800;3366800;"10";Agostinho, assim tu sai pela porta
3366800;3368800;"10";Bastante milho pra todo lado
3368800;3370800;"10";Mas tu vê uma luz assim
3370800;3372800;"06, 10";Lá no meio do milharal
3372800;3374800;"06";Eu vou na direção da luz, tô pensando muito
3374800;3376800;"06";Eu vou com a arma na mão
3376800;3378800;"06, 10";Gritando, volta, volta aqui
3378800;3380800;"06, 10";Dois dados
3380800;3382800;"06, 10";Eu tirei dois e quatro
3382800;3384800;"10";Tu corre pelo milharal
3384800;3386800;"10";À medida que tu vai suando ali
3386800;3388800;"10";A folha do milho
3388800;3390800;"10";Ela acaba fazendo cortes
3390800;3392800;"10";Assim no teu corpo
3392800;3394800;"10";É
3394800;3396800;"10";Como se fosse uma folha de papel, né
3396800;3398800;"10";Mas são folhas do milho
3398800;3400800;"10";Isso acontece de verdade, gente, cuidado
3400800;3402800;"10";É, correndo ali tu vai sentindo assim
3402800;3404800;"10";Os arranhões incomodarem cada vez mais
3404800;3406800;"10";Principalmente no
3406800;3408800;"10";No rosto
3408800;3410800;"10";E tu tá indo atrás da menina
3410800;3412800;"10";Os outros dois, Tonha e Leandro
3412800;3414800;"10";Chegam na frente da casa
3414800;3416800;"10";Não há mais a estrada que levou vocês até ali
3416800;3418800;"10";Não há mais carro
3418800;3420800;"04, 10";Apenas milho
3420800;3422800;"04";Ai, meu Deus, Leandro, Leandro, não tem um carro
3422800;3424800;"04";Como é que o velho vai fazer isso aí no seu olho
3424800;3426800;"04";Eles devem ter um
3426800;3428800;"04";Um kit de planta socorro nessa casa
3428800;3430800;"04";Vamos botar lá pra dentro
3430800;3432800;"02, 04";Logo o tio saiu correndo, meu filho
3432800;3434800;"02, 04";Ele é doido
3434800;3436800;"02";Na cozinha, na cozinha tem sal
3436800;3438800;"02";Deve ter álcool
3438800;3440800;"02";No banheiro, sei lá
3440800;3442800;"02";Mas na cozinha, na cozinha tem sal
3442800;3444800;"02";Tem vinagre, qualquer coisa
3444800;3446800;"02, 04";Ahhhh
3446800;3448800;"04";Eu ajudo ele a botar lá pra dentro
3448800;3450800;"04";Vou tentar fazer um primeiro socorro
3450800;3452800;"04, 10";Com o que eu achar ali
3452800;3454800;"04";Como ele falou, vinagre, sal, álcool
3454800;3456800;"04";Eles devem ter um kit ali
3456800;3458800;"04, 10";Com plantagem
3458800;3460800;"04";Rola dois dados
3460800;3462800;"04";Ai, meu Deus, eu tirei um e dois
3464800;3466800;"06, 10";Jogou tudo no olho errado
3468800;3470800;"04, 10";Leandro, rola um dado
3470800;3472800;"04";Ai, vai desmaiar daqui a pouco
3474800;3476800;"13, 10";Tirei quatro, eu acho
3476800;3478800;"10";Quase desmaia ali
3478800;3480800;"10";Com a perda de sangue
3480800;3482800;"10";E com o tratamento da dona Tonha
3482800;3484800;"04, 10";Eu tô muito nervosa
3484800;3486800;"10";Ela aperta demais a ferida
3486800;3488800;"10";Acaba saindo mais sangue do que deveria
3488800;3490800;"10";E tu sente muita dor
3490800;3492800;"10";O outro olho tá lacrimejando bastante
3492800;3494800;"10";E tu mal consegue enxergar ali
3494800;3496800;"10";E no máximo
3496800;3498800;"10";Tu tens um pano e gelo ali
3498800;3500800;"10";Mas
3500800;3502800;"10";Se tu não for logo pra um hospital
3502800;3504800;"10";Tu deve acabar morrendo
3504800;3506800;"04, 10";Ai, desculpa, eu tô muito nervosa
3506800;3508800;"14, 04, 10";Eu não sei se eu tô conseguindo fazer as coisas direito
3508800;3510800;"14, 04";Calma, calma, calma
3510800;3512800;"14";Agora, gente, você precisa encontrar
3512800;3514800;"14";O Agostinho
3514800;3516800;"14, 04";Cadê ele?
3516800;3518800;"04";Ele saiu correndo atrás da menina
3518800;3520800;"04";Da Andriele, no meio do mato
3520800;3522800;"04";Nesse escuro, não tem lógica não
3522800;3524800;"04";Esse Agostinho doido
3524800;3526800;"04, 10";Eu vou na porta e ele tá, Agostinho
3526800;3528800;"10";Porra, o teu celular ele vibra
3528800;3530800;"10";Leandro
3530800;3532800;"13, 04, 10";Lógico
3532800;3534800;"13";No fundo do olho que ainda tá
3534800;3536800;"13";Enxergando quando a lágrima deixa
3536800;3538800;"13";Eu vejo
3538800;3540800;"13, 10";Quem tá chamando
3540800;3542800;"10";É uma mensagem de número desconhecido
3542800;3544800;"13, 10";Perguntando, precisa de um carro?
3544800;3546800;"13, 10";Agora, deixa eu rolar um dado
3546800;3548800;"10";Faz o que tu quiser
3548800;3550800;"13, 04, 10";Cinco
3550800;3552800;"13, 04";Vai, Leandro
3552800;3554800;"13";Nesse exato momento eu lembro de um sorriso
3554800;3556800;"13";Eu quero sair daqui
3556800;3558800;"13, 10";Eu escrevo o número
3558800;3560800;"10";Beleza
3560800;3562800;"06, 10";Agostinho, um dado
3562800;3564800;"06, 10";Dois
3564800;3566800;"10";A menina ela pula
3566800;3568800;"10";Pra cima de ti com aquele garfo
3568800;3570800;"10";Não tem mais o olho
3570800;3572800;"10";Espetado na ponta
3572800;3574800;"10";Ela parece mastigar alguma coisa
3574800;3576800;"10";E ela tentou perfurar o teu olho
3576800;3578800;"10";E não conseguiu
3578800;3580800;"10";Tu tá ali segurando a mão dela
3580800;3582800;"06, 10";Bem, uma mão tá
3582800;3584800;"06";Segurando a mão e a outra tá vazia
3584800;3586800;"06, 10";Tá livre? Tu é que sabe
3586800;3588800;"06";Bem, eu tava com uma arma na mão
3588800;3590800;"06, 10";Eu quero dar uma coronhada nela
3590800;3592800;"10";Beleza, tu acerta ela
3592800;3594800;"10";Ela cai ali
3594800;3596800;"06, 10";Desmaiou, aparentemente
3596800;3598800;"06, 10";Aparentemente
3598800;3600800;"06";Eu tento pegar o garfo da mão dela e jogar longe
3600800;3602800;"06, 10";Pego ela no colo e tento voltar
3602800;3604800;"10";Beleza, Tonha
3604800;3606800;"04, 10";Tu escuta uma buzininha lá fora
3606800;3608800;"04";Ok, eu olho pra trás
3608800;3610800;"04, 10";O Leandro tá ali?
3610800;3612800;"10";O Leandro tá ali sentado, sim
3612800;3614800;"04, 10";Ele acabou de mandar uma mensagem no celular
3614800;3616800;"04";Leandro, você ouviu, tem alguém lá fora
3616800;3618800;"13";Você tá de brincadeira que isso funcionou
3618800;3620800;"13";Eu levanto
3620800;3622800;"13";Com dificuldade e olho assim
3622800;3624800;"13, 04";O que que eu vejo
3624800;3626800;"13, 04, 10";Eu vou lá ajudar ele, né
3626800;3628800;"13, 10";Vem cá, Leandro
3628800;3630800;"04, 10";Obrigado
3630800;3632800;"04, 10";A gente olha lá pra fora, o que que a gente vê
3632800;3634800;"10";A estrada tá lá de novo
3634800;3636800;"10";Tem uma caminhonete importada
3636800;3638800;"10";Grande
3638800;3640800;"10";Estacionada onde antes tava o carro de vocês
3640800;3642800;"04, 10";Tem alguém no carro?
3642800;3644800;"04";Não
3644800;3646800;"04";Agostinho
3646800;3648800;"04";Por que a gente não entra no carro e buzina
3648800;3650800;"13, 04";Ele deve ouvir, né?
3650800;3652800;"13";Eu vou pro carro
3652800;3654800;"13";Mas dessa vez pro
3654800;3656800;"13, 04";Banco de trás ali
3656800;3658800;"04";E eu vou no do passageiro
3658800;3660800;"04";Do passageiro não, do motorista
3660800;3662800;"04, 10";Eu dou uma buzinada
3664800;3666800;"10";Assim que vocês fecham a porta
3666800;3668800;"10";Do carro, é dia lá fora
3672800;3674800;"02, 12";Meu Deus do céu
3674800;3676800;"11, 00, 12";Eu fiquei preso
3676800;3678800;"12";Eu tentei
3678800;3680800;"12";Eu juro que eu tentei
3682800;3684800;"04";A gente pode não ter fechado a porta, talvez, né
3684800;3686800;"04, 12";Só botou assim a coisa pra dentro
3686800;3688800;"02, 04, 12";Já foi
3688800;3690800;"02, 04";Menino, menino, menino
3690800;3692800;"02";Tá desmaiando de novo
3692800;3694800;"02";Eu preciso pro hospital
3694800;3696800;"02";A senhora pode entrar na casa de novo, eu acho
3696800;3698800;"02";Eu não sei o que que eu faço
3698800;3700800;"13, 02";O Agostinho não tava mais na casa, mas também tá de noite
3700800;3702800;"13, 02";Aliás, meu telefone, eu tenho que falar com Vitória
3702800;3704800;"13";Vitória, eu preciso que você venha pra fazenda
3704800;3706800;"13";Fazer a Madalena agora
3706800;3708800;"13";Eu não tô bem
3708800;3710800;"10";Beleza
3710800;3712800;"10";Alguns dias se passam
3712800;3714800;"10";Polícia da capital
3714800;3716800;"10";Chegou na região
3716800;3718800;"10";A acusação
3718800;3720800;"10";Contra o Leandro
3720800;3722800;"10";É sobre o roubo da camionete
3722800;3724800;"10";Do Nestor
3724800;3726800;"10";Que é o chefe do partido político
3726800;3728800;"10";Que tava na região
3728800;3730800;"10";Não importa que história maluca tu tenha contado
3730800;3732800;"10";Há testemunhas e gravações
3732800;3734800;"10";De você roubando aquele carro
3734800;3736800;"10";Que você chegou com ele na cidade
3736800;3738800;"10";Tem seu sangue no carro, inclusive
3738800;3740800;"10";A acusação da Tonha
3740800;3742800;"10";Em relação ao...
3742800;3744800;"04, 10";Era Roberto o nome do policial, né?
3744800;3746800;"10";Sim
3746800;3748800;"10";Tem várias mensagens tuas falando coisas horríveis pro Roberto
3748800;3750800;"10";Que agora não está mais entre nós
3750800;3752800;"10";E as tuas acusações
3752800;3754800;"10";Embora na cidade
3754800;3756800;"10";Ninguém olhe mais pra ti
3756800;3758800;"10";Tu não deve ficar presa há muito tempo
3758800;3760800;"04, 10";Meu Deus
3760800;3762800;"04, 10";E o Agostinho sumiu
3762800;3764800;"04";O Agostinho sumiu
3764800;3766800;"10";E ninguém tentou mais entrar na casa?
3766800;3768800;"10";Ele foi até a casa normal
3768800;3770800;"10";Outros parentes acabaram
3770800;3772800;"10";Vendendo aquela casa
3772800;3774800;"10";Um homem
3774800;3776800;"10";Que a comprou inclusive
3776800;3778800;"10";Ele
3778800;3780800;"10";Quando ele tava limpando o milharal
3780800;3782800;"10";Ele tava
3782800;3784800;"10";Refletindo sobre todas as pessoas
3784800;3786800;"10";Que desapareceram naquele terreno
3786800;3788800;"10";Se sei lá se ele tinha feito a coisa certa
3788800;3790800;"00, 10";É rapaz
3790800;3792800;"00";As pessoas somem em tanto lugar
3792800;3794800;"00";Onde será que tá aquela gente toda?
3794800;3796800;"00, 10";Ele olha pro...
3796800;3798800;"00, 10";Espantalho?
3798800;3800800;"00";Pelo menos espantalho
3800800;3802800;"00";A gente sabe que cem vai tá aqui, não é mesmo?
3802800;3804800;"10";O Agostinho até tenta
3804800;3806800;"10";Responder
3806800;3808800;"10";Mas ele não consegue
3826800;3828800;"02, 10";O escudo do mestre
3828800;3830800;"10";O escudo do mestre é aquela estrutura de papelão ou madeira
3830800;3832800;"10";Que o mestre usa pra esconder sua notação e lançamento de dado
3832800;3834800;"10";Mas aqui eu baixo essa estrutura e conto pra vocês
3834800;3836800;"10";Tudo o que aconteceu no episódio
3836800;3838800;"10";Na verdade
3838800;3840800;"10";Esse episódio
3840800;3842800;"10";Como ele tem alguns mistérios, algumas coisas
3842800;3844800;"10";A serem discutidas
3844800;3846800;"10";Eu vou te convidar pra ir lá no post do Portal do Aviante
3846800;3848800;"10";E no post desse episódio
3848800;3850800;"10";Deixar seu comentário lá
3850800;3852800;"10";Que eu vou ler ele na Twitch na semana que vem
3852800;3854800;"10";twitch.tv barra rp guasha
3854800;3856800;"10";Convido você a nos seguir nas redes sociais
3856800;3858800;"10";O meu nome é Marcelo Agostinho, arroba rp guasha
3858800;3860800;"10";Tanto no Twitter quanto no Instagram
3860800;3862800;"10";Peço pra que você considere se tornar apoiador
3862800;3864800;"10";Esse projeto só existe
3864800;3866800;"10";Porque tem pessoas que ajudam a pagar o editor
3866800;3868800;"10";Então seja uma dessas pessoas
3868800;3870800;"10";A página 10S faz parte do nosso grupo do Telegram
3870800;3872800;"10";Tem vários subgrupos
3872800;3874800;"10";Tem uma comunidade maravilhosa
3874800;3876800;"10";Receptiva
3876800;3878800;"10";Além de receber episódio antes
3878800;3880800;"10";De gravar voz de NPC
3880800;3882800;"10";Esses três jogadores, eu conheci eles
3882800;3884800;"10";Lá na taberna
3884800;3886800;"10";Os três são padrinhos também
3886800;3888800;"10";Como eu falei
3888800;3890800;"10";Esses padrinhos, esses jogadores
3890800;3892800;"10";Filipe Xavier, uma das pessoas que mais gravou
3892800;3894800;"10";A rp guasha
3894800;3896800;"10";Ele faz parte também do Arquivos da Patrulha
3896800;3898800;"10";Que eu vou falar daqui a pouco
3898800;3900800;"10";Porque é o podcast do nosso querido editor
3900800;3902800;"10";Tem a Fabi, é uma das cabeças do Instagram
3902800;3904800;"10";Hoje do rp guasha
3904800;3906800;"10";Eu não mexo naquilo
3906800;3908800;"10";São pessoas como a Fabi que fazem um trabalho incrível
3908800;3910800;"10";Com o nosso Instagram
3910800;3912800;"10";Então eu agradeço muito a ela
3912800;3914800;"10";E a todo o pessoal lá
3914800;3916800;"10";Que ele tem alguns podcasts
3916800;3918800;"10";Extremamente específicos
3918800;3920800;"10";Que é o História Capixaba
3920800;3922800;"10";Sobre a História Capixaba
3922800;3924800;"10";Uma Ilha e um Clube sobre o Vitória
3924800;3926800;"10";O time de futebol
3926800;3928800;"10";E Barba do Rick
3928800;3930800;"10";Que é sobre Star Trek
3930800;3932800;"10";Não como um todo
3932800;3934800;"10";É só sobre The Next Generation
3934800;3936800;"10";Quer agradecer ao editor Rafael Zorzal
3936800;3938800;"10";Ele tá na reta final do Arquivos da Patrulha
3938800;3940800;"10";Um podcast de audiodrama maravilhoso
3940800;3942800;"10";Se você gostou da edição desse episódio
3942800;3944800;"10";Vai lá conferir Arquivos da Patrulha
3944800;3946800;"10";Que eu fiz por ele
3946800;3948800;"10";No caso lá é editado, escrito
3948800;3950800;"10";Tem várias vozes conhecidas do rp guasha
3950800;3952800;"10";Tem a do Filipe Xavier que está nesse episódio
3952800;3954800;"10";Tem a minha
3954800;3956800;"10";Tem a da Sinara
3956800;3958800;"10";Tem a do Gus que estava no episódio anterior
3958800;3960800;"10";Então vai lá conhecer os Arquivos da Patrulha
3960800;3962800;"10";E o professor de edição fala com o Rafael Zorzal
3962800;3964800;"10";Agradeço aos revisores
3964800;3966800;"10";A Ju e ao Filipe
3966800;3968800;"10";Lembrar vocês que o rp guasha tem lojas parceiras
3968800;3970800;"10";E quero agradecer
3970800;3972800;"10";Aqueles que deram vozes a esse episódio
3972800;3974800;"10";A Dona Gardenia que foi feita pela
3974800;3976800;"10";Beatriz
3976800;3978800;"10";A Ana que foi feita pela Dani
3978800;3980800;"10";A Lúcia que foi feita pela Mari
3980800;3982800;"10";Aquela Voz Sinistra que foi feita pelo Patrick Buchmann
3982800;3984800;"10";O Fazendeiro que foi feito pelo Gustavo Santos
3984800;3986800;"10";A Adolescente Chorosa que foi feita
3986800;3988800;"10";Pela Ju, pela Ju Mozinha
3988800;3990800;"10";E o Político que foi feito
3990800;3992800;"10";Pelo Victor Hugo
3992800;3994800;"10";Sabe o que todas essas pessoas tem em comum?
3994800;3996800;"10";São padrinhos
3996800;3998800;"10";Seja você também padrinho do rp guasha
3998800;4000800;"10";Venha fazer parte desta família
4000800;4002800;"10";Rola em 6, rola em 20, mas se tudo é errado rola no chão
4002800;4004800;"10";Que apaga o fogo e diverte
4004800;4006800;"10";O coração de vocês gente, até a próxima
