980;8000;;"11";Todo ano acontece uma data mágica em que tudo se alinha para que nós possamos fazer algo que todo mundo gosta.
8320;9560;;"11";Isso mesmo, comprar.
9940;15760;;"11";Então, embanhados desse sentimento, a Promobit decidiu apoiar esse final de ano do RPG Guaxa
15760;18920;;"11";e sugeriram um episódio especial voltado para Black Friday.
19580;22420;;"11";Isso é impossível, foi o que eu pensei quando fui dormir.
23120;26580;;"11";Mas quando acordei, eu já sabia como tornar esta ideia real.
26580;30560;;"11";É um episódio especial e para todas as idades.
31160;33940;;"11";Episódio de hoje, Caixa de Brinquedos.
34240;37960;;"11";Com a Sinara, que me ajuda no Instagram do RPG Guaxa, é madrinha.
38380;43580;;"11";Com a Shelly, que também é madrinha, mas faz parte do RPG Next, do Contínuo e do Pode Isso.
43980;45500;;"11";Além de aqui do RPG Guaxa.
45880;52520;;"11";E o Danilo Battistini, padrinho aqui do RPG Guaxa e também lá do podcast Contador de Histórias.
52520;55900;;"11";Como comentei, esse episódio é um apoio da Promobit.
55980;56520;;"11";A Promobit...
56580;59280;;"11";É uma comunidade onde as pessoas postam ofertas.
59680;62180;;"11";Essa oferta é avaliada pela equipe da Promobit.
62580;65700;;"11";E então é colocada em exposição lá no site deles ou no app.
66280;71640;;"11";E todos aqueles que tem na sua lista de desejo o item que está sendo ofertado, recebe uma notificação.
72040;75620;;"11";Para quem não quer perder nenhuma oferta nessa Black Friday, procure a Promobit.
75760;80260;;"11";Crie a sua conta, porque sites com ofertas existem há milhares.
80260;85100;;"11";Um lugar para encontrar as melhores ofertas, só existe um, é na Promobit.
85600;86260;;"00";O Realidade Spy...
86580;90540;;"00";Um dos paralelas do guaxinim, usa o sistema Guaxinim e Gambiarras.
90540;95520;;"00";Nele, cada jogador possui apenas um único atributo, que vai de 2 a 5.
95520;98900;;"00";Quanto maior o atributo, mais atlético é o personagem.
98900;101720;;"00";Quanto menor, mais inteligente e carismático.
101720;106200;;"00";Sempre que o jogador faz algo com uma chance de errar, joga dois dados.
106200;110460;;"00";E precisa tirar seu atributo ou menos, para ataques e ações físicas.
110460;114280;;"00";E seu atributo ou mais, para ações intelectuais ou sociais.
114280;115920;;"00";Se a jogada for fácil...
115920;119020;;"00";Ou tiver algum auxílio, joga um dado a mais.
119020;122120;;"00";Se a jogada for difícil, rola-se um dado a menos.
122120;127240;;"00";Eu sou Gustavo Vieira Santos, e sou padrinho do RPGuaxa, porque, para mim, é a medida
127240;132940;;"00";certa entre uma história legal, criativa, e um sistema simples de RPG.
132940;138180;;"00";Porque mesmo se tratando de um jogo, ele não permite que você perca o rumo da história.
138180;143320;;"00";Você se sente na aventura junto com os outros jogadores, e como vocês sabem, é uma aventura
143320;144880;;"00";nova a cada episódio.
144880;151000;;"00, 11";Não deixe de nos seguir nas redes sociais, tanto no Twitter quanto no Instagram.
151000;155320;;"11";Considere também se tornar um apoiador no PicPay ou no Padrim, para ter sua voz nos
155320;160200;;"11";antecedentes do episódio, para dar sugestões, fazer parte de grupos, e uma série de outras
160200;163220;;"11";vantagens que eu explico lá no final, no Escudo do Mestre.
163220;163720;;"11";Boa aventura.
174880;178880;;"16, 12";E aí, vocês estão na caverna?
178880;180520;;"12";Rola os dados.
180520;182720;;"12, 05";BOLA DE FOGO!
182720;184720;;"05";Chamo...
184720;186720;;"05";Chamo o clérigo.
186720;188720;;"05";Como assim eu morri?
188720;190720;;"05, 03";Rola a iniciativa.
190720;194720;;"04";Então, não tem armadilha, podemos ir.
194720;196720;;"03";O que vocês fazem?
196720;198720;;"02";Ah, tá.
198720;201720;;"02";Eu amarro uma corda nelas e uso como arma.
201720;202720;;"12, 02";Eu ataco.
202720;204720;;"12";O Magro lança seu fogo.
204880;206880;;"12";Thunderbolt mais 15 no Beholder.
206880;208880;;"01, 12";Ih, eu quero rolar percepção.
208880;210880;;"01, 12";Posso?
210880;212880;;"01, 12";Tem algum lugar pra se esconder?
212880;214880;;"01";Ah, falha a crítica.
214880;216880;;"01";Ataque de impunidade.
216880;217880;;"01";Erro, mano.
217880;219880;;"01";Chamo o clérigo.
221880;222880;;"13";RPG.
222880;225880;;"13";Realidades Paralelas do Guaxinim.
225880;228880;;"13";Sua aventura de bolso na forma de podcast.
228880;231880;;"13";Uma jornada completa a cada episódio.
234880;240880;;"11";Se inscreva no canal e ative o sininho pra receber notificações de novos vídeos.
240880;245880;;"11";Vocês que sempre estiveram imóveis e alheios ao mundo, agora estão apenas imóveis.
245880;250880;;"11";Jogados em uma caixa de papelão, olhando pro céu, outros olhando pro chão.
250880;253880;;"11";Um chão escuro, um teto branco.
253880;258880;;"11";Vocês conseguem ouvir uma voz, que reconhecem, pois sempre a ouviram cantando pelos corredores.
258880;260880;;"11";Mas agora ela parece fazer sentido.
260880;262880;;"11";Não pelo gosto musical esquisito do rapaz,
262880;264880;;"11";que poderia até ser discutido aqui,
264880;268880;;"11";mas porque agora vocês compreendem o significado das palavras.
268880;270880;;"11";Uma voz que diz...
270880;272880;;"07";É... então, chefe.
272880;274880;;"07";Desculpa estar te mandando áudio,
274880;276880;;"07";mas é que terminei de arrumar tudo na loja.
276880;280880;;"07";Daí eu aproveitei para separar os brinquedos com defeito, do jeito que o senhor tinha falado.
280880;282880;;"07";Está tudo pronto para Black Friday.
282880;286880;;"07";Só estou na dúvida do que fazer com esses brinquedos escangalhados aqui.
287880;290880;;"11";A caixa então é balançada de um lado pro outro,
290880;292880;;"11";mas vocês não sentem nada.
292880;294880;;"11";Afinal, são brinquedos.
294880;296880;;"11";Brinquedos numa caixa.
296880;299880;;"11";Brinquedos com defeito, que serão jogados fora.
299880;302880;;"11";Shelly, fala sobre o teu personagem, atributo...
302880;304880;;"02";Oi, eu vou jogar com a Darby.
304880;307880;;"02";Ela é uma boneca de plástico com corpo de adulta.
307880;310880;;"02";Tem longos cabelos loiros, altamente inflamáveis.
310880;315880;;"02";E um rostinho bonitinho assim, pintado com olhos azuis, um batonzão pink.
315880;317880;;"15, 02";E só tem um probleminha.
317880;320880;;"02";O encaixe das pernas dela veio com defeito.
320880;324880;;"02";Então, se ela tentar fazer algo mais atlético do que, sei lá, caminhar suavemente,
324880;326880;;"02";as pernas dela vão cair.
326880;328880;;"02";E o atributo?
328880;330880;;"02";Não vou falar.
333880;335880;;"11";É 4.
336880;338880;;"11";Sinara, o teu personagem.
338880;340880;;"16";Oi, eu sou a Samu.
340880;345880;;"16";Eu sou uma ambulância que vira um enorme robô médico gigante.
345880;346880;;"16";Gigante assim.
346880;349880;;"16";Dentro do tamanho de uma ambulância de brinquedo.
349880;353880;;"16";E ela costumava ter aquelas luzinhas e fazer aqueles barulhos.
353880;357880;;"16";Mas de tantas pessoas testarem na loja, acabou que estragou.
359880;361880;;"16";E não é nem questão de pilha.
361880;363880;;"16";E meu atributo é 5.
364880;366880;;"05";E por último, Danilo.
366880;368880;;"05";E aí, turma, beleza?
368880;371880;;"05, 06";Eu sou Bob Rock, reggae do surf.
371880;374880;;"06";Eu sou um boneco de surfista que adora ficar nas ondas.
374880;378880;;"06";O único problema é que minha prancha quebrou, então agora eu tenho medo da água.
378880;380880;;"06";E meu atributo é 4.
382880;384880;;"07";Vocês vem comigo, seus brinquedos velhos.
402880;404880;;"11";A voz então volta a ser ouvida.
404880;406880;;"07, 11";Beleza, chefe. Vou deixar.
408880;432880;;"11";A caixa balança bastante.
432880;434880;;"11";A caixa balança bastante.
434880;436880;;"11";Até que é atirada pela janela do carro.
436880;438880;;"11";Até que é atirada pela janela do carro.
443880;446880;;"11";A caixa bate contra uma parede e cai no chão.
450880;452880;;"11";Brinquedos não sentem dor física.
452880;454880;;"11";Mas vocês sentiram dor.
454880;456880;;"11";Não do impacto, mas do abandono.
456880;459880;;"11";Vocês três não ganharam nenhum defeito novo.
459880;463880;;"11";Mas dos poucos brinquedos da caixa, são os únicos ainda inteiros.
463880;464880;;"11";Inteiros e estranhamente se movendo.
464880;466880;;"11";Inteiros e estranhamente se movendo.
466880;468880;;"11";O que vocês fazem?
468880;470880;;"06";Eita bicho!
470880;472880;;"06, 11";Oi?
472880;474880;;"06";Toma a ambulância que fala!
474880;476880;;"06";Oi, eu sou a Samu.
476880;478880;;"06";Oi, eu sou a Samu.
478880;480880;;"06";E aí, Samu. Sou o Bob Roghag do surf. Será que tem mais alguém aqui precisando de ajuda?
480880;482880;;"06";E aí, Samu. Sou o Bob Roghag do surf. Será que tem mais alguém aqui precisando de ajuda?
482880;484880;;"06";E aí, galerinha!
484880;486880;;"05, 06";Eu vou, tipo, tentando puxar uns bracinhos.
486880;488880;;"06";Aqui embaixo!
488880;490880;;"16, 05, 06";Aqui embaixo!
490880;492880;;"06";Tá ali! Chama o Samu, vem cá!
492880;494880;;"16, 06";Eu vou, eu vou!
494880;496880;;"16";Aí eu viro robô.
496880;498880;;"06";Eita lasqueira, um robô que fala!
498880;500880;;"06";Eita lasqueira, um robô que fala!
500880;502880;;"16";Deixa eu tirar esse brinquedo aqui.
502880;504880;;"16, 02";Deixa eu tirar esse brinquedo aqui.
504880;506880;;"02";Oi!
506880;508880;;"02";Obrigada, gente, eu tava sendo esmagada por esse ursinho estranho aqui.
508880;510880;;"02";Obrigada, gente, eu tava sendo esmagada por esse ursinho estranho aqui.
510880;512880;;"02";Oi, eu sou a Dabi.
512880;514880;;"02, 06";Obrigada por ajudarem.
514880;516880;;"06";E aí, Dabi, eu sou o Bob Roghag do surf.
516880;518880;;"02, 06";Eu sou a Samu.
518880;520880;;"02, 06";Oi, é...
520880;522880;;"02, 06";Tudo na paz?
522880;524880;;"06";Cês tão sentindo uma dorzinha estranha no coração também?
524880;526880;;"02, 06";Cês tão sentindo uma dorzinha estranha no coração também?
526880;528880;;"02";No cora... Ela olha pra baixo assim.
528880;530880;;"02, 06";Coração?
530880;532880;;"02, 06";Ele fica aqui, onde você escuta o mar.
532880;534880;;"02";Ele fica aqui, onde você escuta o mar.
534880;536880;;"06";E eu coloco a mão no peito dela.
536880;538880;;"02";Mas peraí...
538880;540880;;"02";Eu não tenho. Eu sou um robô.
540880;542880;;"02, 06";Aí cê me pegou.
542880;544880;;"02, 06";Isso aqui não é loja de brinquedos.
544880;546880;;"02, 11";Não.
546880;548880;;"11";Onde a gente tá?
548880;550880;;"11";A caixa tá aberta, Guaxa?
550880;552880;;"11";Cês tão andando na rua. Cês tão andando na calçada.
552880;554880;;"11";Cês tão andando na rua. Cês tão andando na calçada.
554880;556880;;"11";Vocês não veem ninguém na rua, mas ainda é dia.
556880;558880;;"11";Parece ser mais final do dia, talvez.
558880;560880;;"11";Vocês escutam ao longe barulhos de carro e tal.
560880;562880;;"11";Parece ser uma rua... Passar um carro só por vez, de uma mão única.
562880;564880;;"11";E vocês tão ali, nessa calçada.
564880;566880;;"06, 11";E vocês tão ali, nessa calçada.
566880;568880;;"06";Parece que a gente tá na rua.
568880;570880;;"02";A Dabi, ela ainda tá meio...
570880;572880;;"02";Da cintura pra baixo, ela tá meio presa nos brinquedos ainda.
572880;574880;;"02";Então ela tenta se libertar assim.
574880;576880;;"02";Então ela tenta se libertar assim.
576880;578880;;"02";Com os braços.
578880;580880;;"02";Aí, as pernas dela ficaram lá pra baixo.
580880;582880;;"02";Aí, as pernas dela ficaram lá pra baixo.
582880;584880;;"02, 06";Ah, droga, de novo não!
584880;586880;;"02, 06";Ah, meu Deus do céu!
586880;588880;;"02";Eu te ajudo.
588880;590880;;"02, 06";Cuidado! Vai lá, Samu!
590880;592880;;"02";Peraí, deixa eu te ajudar.
592880;594880;;"02";Não, não, tá tudo bem. É só encaixar de novo.
594880;596880;;"02";Vai ficar tudo bem.
596880;598880;;"02";Eu acho que ficou muito presa aqui embaixo dos outros brinquedos.
598880;600880;;"02";Será que a gente consegue uma fita?
600880;602880;;"16, 02";Vai ficar tudo bem.
602880;604880;;"16";É só encaixar.
604880;606880;;"16, 06";Alguém tem uma fita? Oi!
606880;608880;;"16, 06";Aí, galera! Tem mais alguém aqui?
608880;610880;;"16, 06";Fala comigo, amiguinho!
610880;612880;;"06";Eu tô tentando mexer nos brinquedinhos pra ver se eles respondem.
612880;614880;;"06, 11";Eu tô tentando mexer nos brinquedinhos pra ver se eles respondem.
614880;616880;;"11";É, assim, os outros brinquedos não parecem ter ganho vida como vocês.
616880;618880;;"16, 11";É, assim, os outros brinquedos não parecem ter ganho vida como vocês.
618880;620880;;"16";Tá, tudo bem. Vou encaixar.
620880;622880;;"16";Aí eu encaixo.
624880;626880;;"06";Eita!
626880;628880;;"06";Olha, eu só acho melhor a gente sair dessa caixa então.
628880;630880;;"06";Não curto muito esses ambientes escuros.
630880;632880;;"06";Não curto muito esses ambientes escuros.
632880;634880;;"06";E o barulho de carro quer dizer que alguém pode passar por cima da gente a qualquer instante.
634880;636880;;"06";E o barulho de carro quer dizer que alguém pode passar por cima da gente a qualquer instante.
636880;638880;;"06";Mas sem pressa, galera.
638880;640880;;"16";Passar por cima da gente?
640880;642880;;"16";É, tudo bem, mas...
642880;644880;;"16, 02";A gente vai pra onde?
644880;646880;;"06";Hmm...
646880;648880;;"06";Eu tenho uma ideia! Vem por aqui!
648880;650880;;"06";Eu vou tipo num canto...
650880;652880;;"06";Ou fico imposto de dar pezinho pra alguém.
652880;654880;;"06, 11";Ou fico imposto de dar pezinho pra alguém.
654880;656880;;"11";Bora lá, Samu!
656880;658880;;"11";Assim, ela não chegou a tombar, mas ela casgou do lado, dá pra sair normal.
658880;660880;;"16";Eu acho que dá pra sair por ali, Bob.
660880;662880;;"16, 06";Você tem bons olhos, robô!
662880;664880;;"06";Bora lá!
664880;666880;;"16";É...
668880;670880;;"unknown";Eu saí andando.
670880;672880;;"06, 11";Eu saí andando.
672880;674880;;"11";Eu saí andando.
674880;676880;;"11";Rola dois dados cada um.
676880;678880;;"06";Rola dois dados cada um. Ih!
678880;680880;;"06";Não estava esperando por isso.
680880;682880;;"unknown";Não estava esperando por isso.
682880;684880;;"11";Bob Rock reggae do surf tirou quanto?
684880;686880;;"11";Bob Rock reggae do surf tirou quanto?
686880;688880;;"11";Eu tirei 2 e 2!
688880;690880;;"11";Falhou. Darby?
690880;692880;;"02, 11";1 e 6.
692880;694880;;"11";Passou. Samu?
694880;696880;;"02";6 e 3.
696880;698880;;"16, 02, 11";Passou também.
698880;700880;;"11";Saiu da caixa.
700880;702880;;"11";Foi pra calçada ali.
702880;704880;;"11";Olhou em volta.
704880;706720;;"11";A Darby e a Samu, quando saem,
706720;708720;;"11";notam que, ao andar sobre a caixa,
708720;710720;;"11";notam que, ao andar sobre a caixa, ela fez um crac crac diferente.
710720;710880;;"11";Ela fez um crac crac diferente.
710880;712880;;"11";Parece que tem alguma coisa
712880;714880;;"11";embaixo da caixa.
714880;716880;;"02";Cerá que a caixa cai em cima de algum brinquedo?
716880;718880;;"02";Cerá que a caixa cai em cima de algum brinquedo?
718880;720880;;"02";Me ajuda?
720880;722880;;"02";Bob, ajuda aqui, a gente.
722880;724880;;"02";Bob, ajuda aqui, a gente.
724880;726880;;"06";Eu tô tipo virado pra vizinhança.
726880;728020;;"06";Caraca, que dia bonito.
728180;730220;;"06";Faz tanto tempo que eu não vejo uma casa assim.
730840;731200;;"02";Bobby.
732400;732680;;"06";Quê?
733580;735360;;"02";Quando que você esteve fora da loja, cara?
735780;737380;;"06";Nos meus sonhos, boneca.
737700;738060;;"06";Bora lá.
738640;739380;;"06";O que vocês precisam aí?
740060;740660;;"02";Ajuda aqui.
741120;743000;;"02";A gente acha que tem alguma coisa embaixo da caixa.
743300;744180;;"02";Ajuda a gente a levantar.
744180;745520;;"02, 06, 11";Tá legal.
746200;747300;;"11";Os três fazem junto?
747580;747920;;"02, 11";Sim.
748240;748380;;"11";É.
748760;749940;;"11";Então não precisa rolar dado.
750040;751140;;"11";Vocês levantam a caixa.
752940;755180;;"11";Tem uma barata bem grande esmagada.
755180;755820;;"11";É.
756580;757680;;"05";É, bicho.
757800;758180;;"05";Ai.
758500;758900;;"05";É.
760260;765140;;"11";Várias baratas saem de uma boca de lobo de um espaço pra água da chuva no canto da rua, né?
765720;768020;;"11";Sobem o meio fio, olham pra vocês e falam.
768480;771160;;"15";Xiii, vocês mataram a barata do oeste.
772160;772760;;"06";Como é que é?
773240;773500;;"15";Hã?
773900;774800;;"15";Vocês falam.
775000;776260;;"06";Barata de onde, meu filho?
777000;777740;;"15";Do oeste.
777900;778920;;"15";Do bueiro oeste.
779400;781620;;"15";Mas não se preocupem, ela era malvada.
781620;785120;;"15";Na madrugada, ela adorava sapatear na caneca dos amantes de caralho.
785180;785540;;"15";Café.
785880;787140;;"15";A gente não toma café.
787500;790300;;"15";Mas alguém, em algum lugar, deve tá feliz.
791000;792120;;"15";Ah, então...
792120;793520;;"15";De nada, eu acho.
794420;795860;;"02";Vocês tão fazendo o que aqui?
796460;798140;;"02";É uma ótima pergunta.
798580;800320;;"02";Eu acho que essa caixa caiu.
800480;803380;;"02";Eu acho que aquele moço tava levando a gente pra algum lugar e...
803380;804240;;"02";E a caixa caiu.
804340;806000;;"02";E eu acho que ele vai voltar aqui pra buscar a gente.
806120;806680;;"15";Tenho certeza.
807460;808200;;"15";Ah, tá.
809560;810880;;"15";Vocês deram azar, hein?
810880;813320;;"15";Tá chegando a grande promoção da Black Friday.
813600;815120;;"15";E vocês foram jogados fora?
815580;819080;;"15";Era o dia perfeito pra serem vendidos e agora vocês estão aqui.
819820;820340;;"15";É...
820340;824020;;"15";Bom, se vocês estão estragados, se foram jogados fora,
824320;827500;;"15";é porque ninguém quer vocês, então nem faria tanta diferença.
828440;830540;;"15";Mas vocês têm uma última chance.
831000;832960;;"15";Uma última jogada de sorte.
833680;834620;;"15";Eu gosto de sorte.
835460;836060;;"15";A gente tem?
836280;836620;;"15";Sim.
837020;840340;;"15";Existe um homem muito bom que consegue consertar brinquedos.
840340;844020;;"15";Ele tem um hospital de brinquedos que vende brinquedos usados.
844020;847220;;"15";Ele é muito sábio e muito poderoso.
847380;848580;;"15";Ele pode ajudar vocês.
849100;850460;;"06";Pô, baratinha, show de bola.
850580;851320;;"06";Pra onde ele fica?
851480;853220;;"06";Aponta aí a direção, dá uma carona.
853840;855900;;"15";A gente mora aqui, então não vamos pra lá.
856080;856940;;"15";Mas é bem fácil.
857360;859040;;"15";Basta seguir o meio fio amarelo.
860740;861180;;"15";Esse...
861180;862140;;"15";Esse caminho aqui?
862620;863680;;"15";Isso, pra lá.
864280;866220;;"15, 02";Ah, tá, pro lado de lá.
866460;866920;;"15";Isso.
867640;869400;;"15, 02";Nossa, parece que é longe, né?
870400;872700;;"15";É, e vocês precisam ser rápidos.
872700;874000;;"15";Ele tá anunciando uma coisa.
874080;875400;;"15";Grande promoção amanhã.
876040;878620;;"15";Está falando que sua Black Friday vai ser tão grande
878620;881420;;"15";que não vai sobrar nenhum brinquedo na loja.
881760;884500;;"15";Que depois de amanhã, ele só reabre no Natal.
885020;887760;;"15";Ele prevê filas de pessoas na porta de sua loja.
888320;891720;;"15";Mas vocês devem estar se perguntando como a gente sabe disso tudo, né?
892340;893000;;"15";É fácil.
893440;894780;;"15";Nós somos baratas jovens.
895160;897120;;"15";Nossa especialidade é caçar barato.
897120;900060;;"15";Hehehehehehehehe.
900600;902400;;"06";Pô, descansa em paz, bichinho.
902860;904700;;"06";Eu vou lá, tipo, abaixo as antenas da barata.
906000;907580;;"11";E ela já começa a rir e volta pro esgoto.
918240;920680;;"06";Hehehehehehehe.
921540;922860;;"06";Gostei desses bichinhos.
923240;925060;;"06";Espero que eles nunca andem no meu café.
925280;927060;;"02";Eu espero que eles nunca andem na minha casa.
927060;927100;;"02";Eu espero que eles nunca andem na minha casa.
927100;929260;;"02, 06";Tá legal, turma.
929900;931060;;"06";Vamos seguir o meu fio.
932180;933240;;"02";É, espera, Bob.
933320;933680;;"02";Espera.
933740;936800;;"02";Se a gente tem que ir rápido, ela balança uma perninha assim.
938320;939520;;"16, 02";Ah, você pode vir comigo.
939660;940660;;"02";Eu viro o ambulância, ó.
942420;943420;;"02";Ai, Samu, obrigada.
943500;945920;;"02";Mas eu tava pensando em algo mais prático.
946320;946800;;"02";Peraí, gente.
946840;947500;;"02";Só um instantinho.
948560;949340;;"02";Aí a Darby vai.
950100;953480;;"06";Você quer algo mais prático que um carro que vira robô
953480;955980;;"06";e um robô que vira carro numa pessoa só?
956540;957020;;"02";Aham.
957020;957080;;"02";Aham.
957100;958580;;"02";Vocês vão ver.
960500;962740;;"02";A Darby entrou na caixa de novo.
963200;964000;;"02";Cadê? Cadê?
964120;965480;;"02";Eu acho que eu tinha visto aqui.
966280;966660;;"02";Aqui.
967000;967540;;"02";Achei uma.
968240;969100;;"02";E cadê a outra?
969200;970220;;"02";Cadê? Cadê? Cadê? Cadê? Cadê?
971060;971580;;"09";Ai!
972220;972660;;"02";Peguei.
975800;979600;;"02";E a Darby sai de dentro da caixa com o upgrade.
979980;982800;;"02";No lugar das pernas agora, ela tem rodinhas.
983180;985020;;"02";Agora eu vou conseguir me mexer muito mais fácil.
985260;987020;;"02";Vocês querem pegar alguma coisa lá de dentro?
987020;988020;;"02";Dentro da caixa?
988320;990320;;"02";Eu não sei. Será que tem uma luzinha?
990320;992320;;"16, 02";Tá me faltando uma luzinha.
992320;994320;;"16, 02";Hum, eu não vi, não.
994320;997320;;"16";Não, mas é porque eu não sou uma ambulância sem uma luzinha.
997320;1001320;;"16, 02";Mas se for só pra te consertar, o velho lá, ele pode te consertar.
1001320;1003320;;"02";Não precisa ser daquelas.
1003320;1006320;;"02";Então, mas a gente tá indo pra ser consertado.
1006320;1009320;;"06";Samu, eu já gosto de você.
1009320;1011320;;"06";Eu dou um abraço na Samu.
1011320;1013320;;"16";Ah, então tudo bem.
1013320;1016320;;"16";Tá vendo? Eu precisava de uma luzinha.
1017020;1023820;;"05, 11";disruption
1023820;1025020;;"11";www. soybeans.gov.br
1025020;1026460;;"11";evaluations
1026460;1026820;;"11";1.
1026820;1027660;;"11";Meio Fio Amarelo
1027660;1032020;;"11";Vocês começam a andar, seguindo ali um meio fio amarelo,
1032020;1034020;;"11";mas seguindo ele né.
1034220;1034620;;"11";2.
1034620;1035500;;"11";Teנים
1035520;1036780;;"11";Até que vocês 3 param.
1036780;1037820;;"11";3.
1037820;1038660;;"11";Não conseguem se mexer
1038660;1040980;;"06, 11";e travelers
1042480;1045280;;"11";Uma mulher passa andando pela calçada, ta olhando o seu celular dela ...
1045280;1045620;;"11";2.
1045620;1045980;;"11";2.
1045980;1046280;;"11";3.
1046280;1048140;;"11";não notar vocês, mas
1048140;1050180;;"11";enquanto ela tava próxima de vocês
1050180;1051500;;"11";vocês não conseguiam se mexer.
1052060;1053500;;"11";Até que ela vira uma esquina
1053500;1055360;;"11";e vocês conseguem voltar a andar.
1056160;1058040;;"16";O que que foi isso?
1058400;1060560;;"06, 11";Bom, parece que a gente não pode se mexer.
1060760;1062140;;"16";Vocês também ficaram
1062140;1064100;;"16, 02";paralisados? Quer dizer que
1064100;1065900;;"02";quando pessoas passam perto da gente
1065900;1067120;;"02";a gente trava?
1067680;1068640;;"06";Parece que sim.
1069900;1072020;;"16";E como é que a gente vai falar com um
1072020;1073980;;"16";mágico homem super sábio que
1073980;1075120;;"16";conserta brinquedos?
1075120;1076460;;"16, 02";Ele é mágico.
1077380;1079220;;"02";Eu tenho certeza que a gente vai conseguir
1079220;1079760;;"02";falar com ele.
1080340;1083240;;"06";Ele vai escutar o coração dos brinquedos.
1083340;1084880;;"16, 02";De novo essa história de coração, Bob.
1085100;1087160;;"16";Eu não tenho coração, eu tenho motor.
1087980;1089260;;"05";Robôs também amam
1089260;1089720;;"05";o Samu.
1090600;1092680;;"16";Mas eu não...
1092680;1093000;;"16";Tá.
1093700;1095080;;"06";Eu abraço o Samu de novo.
1096720;1099080;;"06";Tá tudo bem, bicho. Tá tudo bem.
1100260;1100960;;"06";Fica na paz.
1101620;1103160;;"06";A gente tem que desviar
1103160;1104980;;"16, 06";da galera. Deve ser por isso que eu não me lembro
1104980;1107140;;"16";da loja, de ver as coisas, porque lá
1107140;1108260;;"16";devia ter muita gente.
1108940;1110920;;"16";E aí a gente ficava parado o tempo inteiro.
1111260;1113040;;"16, 02";Ah, eu lembro que eu ficava na prateleira.
1113280;1115460;;"16";E por que os outros bichinhos não ganharam
1115460;1117480;;"16";vida também? Será que a gente
1117480;1118040;;"16";morre?
1118800;1121300;;"06";Eu não sei. Voz interior, eu me lembro de alguma coisa?
1122140;1123320;;"06";Você é minha voz interior, Guaxa.
1124180;1124860;;"11";Não, não lembra.
1125580;1126820;;"06, 11";Não, eu não lembro de nada, não.
1127240;1129100;;"11";Ela tá viva há algumas horas e já tá
1129100;1130880;;"11";filosofando sobre a vida e a morte.
1131320;1132740;;"02";Ou quando a gente tá fora da caixa.
1133040;1134800;;"11";Vocês vão seguindo pelo meio-fio?
1134980;1136620;;"11";Quando alguns pombos
1136620;1138700;;"11";passam voando, brigando, eles parecem estar
1138700;1140120;;"11";disputando um pedaço de uma coxinha.
1145520;1147000;;"11";Os pombos batem
1147000;1148120;;"11";contra uma janela.
1151220;1152860;;"11";E de lá cai um vaso.
1157800;1158880;;"11";Rola dois dados
1158880;1160740;;"11";todo mundo. Ação física, não ser
1160740;1162760;;"11";esmagado por um vasinho. Samu?
1162760;1164620;;"16, 11";Um e cinco.
1164980;1165840;;"11";Seu atributo é cinco.
1166020;1168460;;"11";Um acerto normal e um acerto crítico.
1168680;1170480;;"11";Se alguém falhar, tu pode ajudar alguém.
1171260;1172960;;"11";Bob, rock, reggae do surf.
1173580;1174280;;"11";Vai lá, dadinho.
1175660;1176080;;"11";Eita!
1176900;1177820;;"11";Dois e um!
1178840;1181280;;"11";Dois acertos. Tranquilo, tudo salvou.
1181820;1182280;;"11";Darby.
1184080;1185120;;"02";Cinco e quatro.
1185720;1186800;;"11";Um acerto crítico, né?
1186900;1188560;;"11";Embora tenha uma falha, tem um acerto crítico.
1189300;1190940;;"11";Vocês três conseguem facilmente
1190940;1192340;;"11";saltar ali pro ladinho.
1194980;1199000;;"11";O vaso cai e se quebra
1199000;1200620;;"11";com a florzinha que tava nele.
1200940;1203080;;"11";Nesse vaso, além da flor, tinha espetado
1203080;1205120;;"11";um pequeno espantalho feito de palha.
1205520;1207120;;"11";A Samu, ela conseguiu segurar
1207120;1208920;;"11";esse espantalho pra ele não bater contra o chão,
1209240;1210900;;"11";além de ter desviado do vaso ali.
1211120;1212720;;"11";Ele é bem pequenininho, feito de palha.
1212920;1215020;;"11";Os movimentos dele são bem limitados, porque ele tem um
1215020;1217000;;"11";palito desse de madeira pra ser
1217000;1219100;;"11";espetado no vaso, né? É um palito
1219100;1219680;;"11";bem grande.
1220340;1221360;;"14";Oi, amiguinho.
1222300;1224300;;"14";Vocês falam?
1224980;1226220;;"16, 14";Vocês conseguem me ouvir?
1226840;1228840;;"16, 14";Sim. Eu sou a Samu.
1229500;1230940;;"16";Esse é o Bob e essa é a Darby.
1231260;1233100;;"16";Oi, eu sou o espantalho.
1234200;1234640;;"14";Ah!
1234640;1236700;;"16, 14";Eu... eu caí!
1236980;1237980;;"14";Agora é meu fim!
1238400;1239900;;"14";Não, você pode ir com a gente.
1240460;1242080;;"14";Não, mas eu moro ali.
1242220;1243620;;"11";E ele aponta na janela que ele caiu.
1243840;1246140;;"14";Tem uma menina, ela sempre olha pra mim.
1246800;1248480;;"14";Ela quer ficar inteligente,
1249040;1250700;;"14";mas eu não sei como ajudá-la
1250700;1251820;;"14";porque eu sou burro.
1252520;1254800;;"14";Se bem que eu acho que eu descobri a gravidade.
1254980;1257200;;"02";Nesse momento, a gravidade
1257200;1258040;;"02";descobriu você.
1258720;1260360;;"14";Eu não sei como ajudá-la,
1260760;1262580;;"14, 06";mas eu quero ficar ao lado dela.
1263040;1264660;;"06";Boneco de palha, você fala
1264660;1266940;;"06";coisas inteligentes e tem o coração no lugar
1266940;1268780;;"06";certo. A gente vai te levar
1268780;1270780;;"06";de volta pra aquela janela, nem que seja a última
1270780;1272240;;"06";coisa que a gente faça, né não?
1273580;1274320;;"16";Tá bom.
1275420;1275860;;"16";Vamos!
1277440;1278380;;"16";Como faz
1278380;1281000;;"16";pra levar ele lá? Que eu não tenho ideia.
1281640;1282580;;"06";Tá legal, boneco de palha.
1282580;1283300;;"06";Você tem a chave?
1284100;1284920;;"06";Eu, tipo, tô olhando pra...
1284920;1285300;;"06";a porta.
1286120;1287820;;"16";Não, eu caí da janela.
1288380;1290380;;"06";Tá legal, boneco de palha, a gente tem um problema.
1290820;1292520;;"16";Eu tenho uma escada, eu tenho uma escada...
1292520;1294320;;"16";Não, eu não tenho uma escada, eu não sou bombeira,
1294400;1295180;;"16";eu sou ambulância.
1297620;1298720;;"02";Pensei na mesma coisa.
1300980;1302140;;"11";Isso, tu é outro modelo.
1302680;1304220;;"11";Mas, tu tem o atributo 5,
1304340;1306820;;"11";tu acha que o prédio, ele não tem
1306820;1308220;;"11";o reboco nele, é com os tijolinhos,
1308400;1309880;;"11";tem os degrauzinhos dos tijolinhos.
1309880;1311600;;"11";Tu acha que eu conseguiria escalar ali?
1311980;1314040;;"16";Eu posso virar um robô, escalar
1314040;1314880;;"16";e te levar de volta.
1314920;1315520;;"16";Eu vou pra casa.
1316200;1318660;;"16";Você vira um robô!
1319340;1319860;;"16";Nossa!
1320320;1320760;;"16";Sim!
1322580;1323460;;"16";Virei um robô.
1324120;1325000;;"16";Olha como eu sou.
1326300;1327940;;"16";Vem cá, deixa eu te prender aqui em mim.
1328600;1330160;;"16";Eu vou precisar dos meus bracinhos.
1330880;1332620;;"16";Aí eu prendo ele em algum lugarzinho.
1335660;1337400;;"16";E vou tentar escalar.
1337800;1338320;;"11";Dois dados.
1342440;1343240;;"11";Tirou quanto?
1343620;1344520;;"16";Cinco e um.
1344920;1347080;;"11";Um é um acerto, cinco é um acerto crítico.
1347480;1349700;;"11";Pra ti é muito fácil estar escalando aquilo ali.
1350440;1352600;;"11";Tu tá escalando, tu tá quase na janela
1352600;1353400;;"11";do espantalho.
1356900;1358180;;"11";Todos ficam parados.
1359420;1360680;;"11";Uma mulher chega apressada
1360680;1362500;;"11";com algumas sacolas, não vê vocês,
1362620;1363960;;"11";ela parece que tá procurando na bolsa
1363960;1366140;;"11";uma chave. Ela abre a porta
1366140;1368460;;"11";do prédiozinho que vocês estão escalando.
1368460;1370580;;"11";Ela entra, ela fecha essa porta
1370580;1372600;;"11";e a Samu termina de escalar.
1374040;1374900;;"14";A mãe da minha mãe,
1374900;1375500;;"14";a menina chegou.
1376320;1378260;;"14";Ela vai mandar a menina pro quarto.
1379080;1380800;;"06";Dabi, você fica daquele lado
1380800;1382860;;"06";e eu fico desse. Se eles caírem, a gente pega.
1383220;1384940;;"02";Eu acho que eu consigo pegar o espantalho,
1385020;1386780;;"02";mas a Samu é meio pesada.
1388000;1388800;;"16";É, então
1388800;1390880;;"16";eu vou descer rapidinho. Boa sorte
1390880;1391580;;"16, 14";em ensinar a menina.
1391580;1395220;;"16, 14";Você não pode só me largar aqui. Eu preciso estar em algum lugar.
1395700;1397020;;"16, 14";Ah é, você não fica em pé.
1397680;1398720;;"14";Eu não tenho mais
1398720;1400800;;"14";meu vaso. O vaso caiu.
1401560;1403380;;"11";É um quarto de menina, é um quarto de estudos.
1403380;1404880;;"11";Lá na janela tem uma mesinha.
1404900;1406820;;"11";Tem um livro aberto nessa mesinha.
1406980;1409100;;"11";Tem na estante alguns livros, tem uma cama,
1409220;1410100;;"11";tem um guarda-roupa.
1410120;1412900;;"14";Eu queria ser inteligente pra ajudar a menina a estudar.
1413660;1415220;;"16";É, tem alguma coisa
1415220;1417240;;"16";que eu possa colocar ele?
1417480;1418900;;"11";O livro tá aberto já, inclusive.
1419520;1420940;;"16";O que você acha, espantalho,
1421020;1422900;;"16";de eu te colocar no livro pra marcar a página
1422900;1425060;;"16";que ela tem que estudar e você pode ajudar ela
1425060;1426840;;"16";e virar o marca-página pro resto
1426840;1427620;;"16";da sua vida?
1428160;1430400;;"16, 14";Eu vou ficar mais inteligente pra ajudá-la?
1430880;1432420;;"16";Essa parte eu não sei.
1432420;1434420;;"16";Mas acho que sim.
1434900;1436900;;"16";Então eu quero!
1436900;1438900;;"16";Tá, então vamos lá.
1438900;1440900;;"16";Eu coloco ele no livro.
1440900;1442900;;"16";Na página que tava.
1442900;1444900;;"16";Na página que tava.
1444900;1446900;;"16";Vou descer.
1446900;1448900;;"16";Eu olho pro quarto e desço.
1448900;1450900;;"16";Alguma coisa pra chamar atenção?
1450900;1452900;;"16, 11";No quarto?
1452900;1454900;;"11";É. Não.
1454900;1456900;;"16";Vou descer.
1464900;1468900;;"11";Quando tu começa a descer, os pombos voltam
1468900;1470900;;"11";brigando por aquele mesmo pedaço de coxinha.
1470900;1474900;;"11";Rola dois dados.
1474900;1476900;;"16, 11";Um e quatro.
1476900;1478900;;"11";É uma ação física, tu tem dois acertos.
1478900;1480900;;"11";Eles quase esbarram em ti, mas tu consegue te abaixar
1480900;1482900;;"11";a tempo.
1482900;1484900;;"11";Eles passam, tu desce rapidamente ali.
1484900;1486900;;"11";Tu tá de novo
1486900;1488900;;"16, 11";na rua com os teus amigos.
1488900;1490900;;"16";Eu consegui, gente! Ele virou um
1490900;1492900;;"16";marca-páginas agora.
1492900;1494900;;"16";Eu acho que
1494900;1496900;;"16, 06";ele vai ser um marca-páginas.
1496900;1498900;;"16, 06";Samu, nunca duvidei de você.
1498900;1500900;;"16, 06";Obrigada, Bob. Você é um amigo.
1500900;1502900;;"06";Eu falei com o bosta em coração.
1502900;1504900;;"06";E vocês, criaturas
1504900;1506900;;"06";majestosas, aprendam a dividir!
1506900;1508900;;"06, 11";Eu tô gritando
1508900;1510900;;"11";com os pombos. Dois dados?
1510900;1512900;;"02";Ah, droga.
1516900;1518900;;"11";Quatro e um.
1518900;1520900;;"11";Quatro é o teu atributo, né?
1520900;1522900;;"11";Os pombos voltam, pousam na tua frente
1522900;1524900;;"11";Larga um
1524900;1526900;;"11";pedaço de coxinha no chão.
1526900;1528900;;"06, 11";Dividi...
1528900;1530900;;"06";Seguinte, eu vou te chamar de P1
1530900;1532900;;"06";e você vai ser o P2.
1532900;1534900;;"06";Eu pego o pedaço da coxinha, ergo na frente
1534900;1536900;;"06";deles e eu parto em duas metades
1536900;1538900;;"06";muito próximas de ser iguais, assim,
1538900;1540900;;"06";na minha cabeça. Um pedaço pra cada!
1540900;1542900;;"06, 11";O olho dos pombos
1542900;1544900;;"11";assim brilha, cada um pega
1544900;1546900;;"11";um pedaço da coxinha, faz uma
1546900;1548900;;"11";reverência com a cabeça e vão embora voando.
1552900;1554900;;"06";Aí eu podia ter pedido uma
1554900;1556900;;"06";carona.
1556900;1558900;;"06";Tchau, criaturas majestosas!
1558900;1560900;;"06";Ufa!
1560900;1562900;;"06";Ah, os pombos, Dabi. O segredo
1562900;1564900;;"06";é falar com o coração deles
1564900;1566900;;"06";e às vezes ele tá no estômago, porque a gente
1566900;1568900;;"06";sente fome. Não a gente, mas eles.
1568900;1570900;;"06";E a Samu, talvez.
1570900;1572900;;"06";Ela é um carro, ela deve ter
1572900;1574900;;"16, 06";gasolina ou bateria.
1574900;1576900;;"16";É... Talvez.
1578900;1580900;;"11";Vocês seguem o caminho
1580900;1582900;;"11";de vocês. Por mais duas vezes
1582900;1584900;;"11";vocês têm que parar,
1584900;1586900;;"11";porque alguém tá passando em algum lugar.
1588900;1590900;;"11";Mas as pessoas estão sempre
1590900;1592900;;"11";apressadas, sempre sozinhas, parecem
1592900;1594900;;"11";preocupadas demais pra prestar atenção em vocês.
1594900;1596900;;"11";A rua então faz uma curva e o
1596900;1598900;;"11";meu filho continua seguindo essa curva, né?
1598900;1600900;;"16, 11";Samu, dá a seta! Aqui!
1600900;1602900;;"16";Eu balanço o bracinho, porque
1602900;1604900;;"16";eu sou um robô.
1606900;1608900;;"11";Ok. Vocês dão a seta,
1608900;1610900;;"11";fazem a curva. A curva
1610900;1612900;;"11";leva vocês pra uma calçada onde
1612900;1614900;;"11";tem alguns ratos em volta de uma
1614900;1616900;;"11";caixa. Eles estão em pé balançando
1616900;1618900;;"11";essa caixa, porque tem
1618900;1620900;;"11";rato por todos os lados. E lá de dentro vocês escutam
1620900;1622900;;"11";ai! E eles estão balançando a caixa.
1622900;1624900;;"06";Vocês ouviram
1624900;1626900;;"06";o vozesinho da caixa? Ou era uma
1626900;1628900;;"02, 06";caixa que falava? Talvez seja uma
1628900;1630900;;"02";caixa que fale, mas... Não machuque
1630900;1632900;;"02, 11";essa caixa! Os ratinhos
1632900;1634900;;"02, 11";olham pra vocês. Eles tão machucando
1634900;1636900;;"02";a caixa? Ei, vocês!
1636900;1638900;;"02, 11";Rola dois dados, Darby.
1640900;1642900;;"02";Dois e quatro.
1642900;1644900;;"02, 11";Sendo quatro o atributo.
1644900;1646900;;"11";Os ratos olham pra vocês,
1646900;1648900;;"11";pensam se vale a pena brigar, e decidem
1648900;1650900;;"11";todos fugir pra um bueira lateral.
1652900;1654900;;"02";Nossa,
1654900;1656900;;"02";eu tô tão assustadora assim, eu só...
1656900;1658900;;"11";É, os ratos provavelmente fugiram
1658900;1660900;;"11";pelo conjunto da obra, não só pela Darby, né?
1662900;1664900;;"06";Deve ser as róbitas! Agora tu é
1664900;1666900;;"16, 06";quase um ciborgue, Darby!
1666900;1668900;;"16";Você quer um adesivo meu? Eu tenho vários.
1668900;1670900;;"16, 06";Isso me lembra do Arnaldo!
1670900;1672900;;"06";Quando ele passou lá na loja por um tempo
1672900;1674900;;"02, 06";também. Arnaldo?
1674900;1676900;;"06";Brinquedo esperto, não dava pra entender muito bem
1676900;1678900;;"02, 06";o que ele falava, não. É, vou te falar que eu não tô
1678900;1680900;;"02";sentindo falta das minhas pernas, eu só fiquei
1680900;1682900;;"02";mais baixinha, mas... Nossa, é tão mais
1682900;1684900;;"02";fácil andar com isso daqui. Por favor...
1684900;1686900;;"02";Oi, Dona Caixa? Você tá bem,
1686900;1688900;;"02, 03";Dona Caixa? Não me maltratem
1688900;1690900;;"03";mais... Tá tudo bem,
1690900;1692900;;"03";Caixa, cê tá num lugar seguro.
1692900;1694900;;"02, 03";Eu abraço a caixa.
1694900;1696900;;"02";Não, não, a gente não vai te maltratar,
1696900;1698900;;"02, 03";Dona Caixa. Miau...
1698900;1700900;;"03";Eu não sou uma caixa.
1700900;1702900;;"06";Você é um robô que vira uma caixa?
1702900;1704900;;"06, 11";Eu sou o
1704900;1706900;;"06, 11";Léo.
1710900;1712900;;"11";De dentro da caixa sai um gato gigantesco.
1712900;1714900;;"11";Ele é quase do tamanho todo da caixa, sabe?
1714900;1716900;;"03, 11";Ah...
1716900;1718900;;"03";Eles foram embora. Que bom.
1718900;1720900;;"03";Ih, lasqueira!
1720900;1722900;;"03, 16, 06";Léo? Miau...
1722900;1724900;;"16, 03";Sim, o Léo.
1724900;1726900;;"16, 03";Você é um gato?
1726900;1728900;;"16, 06";Você é tão fofo,
1728900;1730900;;"16, 06, 11";bicho! Obrigado.
1730900;1732900;;"11";Eu abraço a pata dele.
1732900;1734900;;"11";Tá meio assustado, mas ele deixa.
1734900;1736900;;"16, 11";Eu nunca tinha visto um gato.
1736900;1738900;;"16";Eu quero abraçar também.
1738900;1740900;;"16, 06";Vem todo mundo! Vem, Darby!
1740900;1742900;;"16, 06";Hoje a
1742900;1744900;;"06";festa é sua, hoje a festa
1744900;1746900;;"02, 06";é nossa. Esse não é o especial de fim de
1746900;1748900;;"02";ano, cara, é o do Black Friday mesmo.
1748900;1750900;;"06";Ih, perdão.
1752900;1754900;;"05";Could you be loved?
1754900;1756900;;"05, 06";Or not? And be
1756900;1758900;;"05";loved?
1758900;1760900;;"02";É... Léo,
1760900;1762900;;"02";por que que você tava dentro
1762900;1764900;;"02, 03";da caixa? Porque os
1764900;1766900;;"03";ratos estavam me maltratando.
1766900;1768900;;"03";Eu tava me protegendo.
1768900;1770900;;"02, 03";Mas você é um gato!
1770900;1772900;;"02";Não é aquela história que gatos
1772900;1774900;;"02";que perseguem ratos e não o contrário?
1774900;1776900;;"02, 03";Mas eles têm aqueles dentinhos
1776900;1778900;;"03";e aquelas orelhinhas.
1778900;1780900;;"09, 02, 03, 16";Eu tenho medo deles. Pronto,
1780900;1782900;;"16";passou, passou, Léo, passou.
1782900;1784900;;"16, 02";Dá um sorrisinho, Léo.
1784900;1786900;;"09";Hmm...
1786900;1788900;;"09, 02";Então,
1788900;1790900;;"02";Léo, eu tenho uma novidade pra
1790900;1792900;;"02";você. Olha aqui, olha aqui,
1792900;1794900;;"02";ó, aqui nesse adesivo maior
1794900;1796900;;"02";aqui nas costas da Samu, ó, eu acho que dá pra
1796900;1798900;;"02";você ver um pouquinho do seu reflexo. Dá
1798900;1800900;;"02, 11";outro sorriso. Ele dá
1800900;1802900;;"11";um sorrisinho. Tu vê vários
1802900;1804900;;"11";dentes, assim, ali, aquela boca
1804900;1806900;;"03, 11";de gato.
1806900;1808900;;"03";Miau!
1808900;1810900;;"03";Que criatura assustadora é essa?
1810900;1812900;;"02, 03";É você!
1812900;1814900;;"02";Você também tem dentes,
1814900;1816900;;"02, 03";Léo. Mas os ratos
1816900;1818900;;"02, 03";E olha, olha, olha,
1818900;1820900;;"02";aqui na sua pata, ó, passo com a rodinha
1820900;1822900;;"02";assim por cima da pata
1822900;1824900;;"02";que aí faz aquela pressão, é uma
1824900;1826900;;"02";boneca, ela é levinha, mas faz uma pressãozinha
1826900;1828900;;"02";e a garrinha dele assim
1828900;1830900;;"02";aparece.
1830900;1832900;;"03";Nossa! Isso
1832900;1834900;;"03";não é só pra arranhar o sofá?
1834900;1836900;;"02";Também, e pra subir em árvores.
1836900;1838900;;"02, 03, 06";Sim, verdade!
1838900;1840900;;"06";E pra pegar novelos
1840900;1842900;;"06";de lã também funcionam bem.
1842900;1844900;;"06, 11";Rola dois dados, Debbie.
1846900;1850900;;"02";E seis e seis.
1850900;1852900;;"02, 03";Miau!
1852900;1854900;;"03";Você acha que se eu mostrar as garras
1854900;1856900;;"03";e os dentes, eles param
1856900;1858900;;"02, 03";de me incomodar?
1858900;1860900;;"02";Sim, e mesmo que eles resolvam
1860900;1862900;;"02";que tenha muitos deles, e aí eles se achem
1862900;1864900;;"02";corajosos porque estão em muitos,
1864900;1866900;;"02";você pode subir numa árvore, por exemplo,
1866900;1868900;;"02";usando suas garras, e eles não vão
1868900;1870900;;"02, 06";te alcançar. Isso aí, Léo!
1870900;1872900;;"06";A violência nunca é a solução,
1872900;1874900;;"03, 06";bicho!
1874900;1876900;;"03, 06";Ah, vocês me ajudaram!
1876900;1878900;;"03";Eu prometo que na próxima vez
1878900;1880900;;"03";vou fazer mais do que só me enfiar
1880900;1882900;;"03, 11";numa caixa. Muito obrigado,
1882900;1884900;;"03, 11";amiguinhos!
1884900;1886900;;"11";E ele escala uma parede e entra
1886900;1888900;;"02, 11";pra uma janela.
1888900;1890900;;"02";Boa sorte! Tchau, Léo!
1890900;1892900;;"02, 06, 11";Fica na paz, bicho!
1892900;1894900;;"02, 06";Gente, sabe o que eu tava pensando
1894900;1896900;;"02";aqui? Essa caixa,
1896900;1898900;;"02";se a gente usasse ela pra gente se
1898900;1900900;;"02";disfarçar, a gente não tem que ficar parando cada vez
1900900;1902900;;"16, 02";que passa uma pessoa perto.
1902900;1904900;;"16";Sim...
1904900;1906900;;"16";Acho uma ótima ideia. A gente só
1906900;1908900;;"16";precisa de uns furinhos pra gente ver
1908900;1910900;;"16";pra onde a gente vai. É uma boa.
1910900;1912900;;"16, 06";O que você acha, Bob?
1912900;1914900;;"06";Eu acho isso excelente. Ainda vai proteger
1914900;1916900;;"06";a gente do sol. Eu já tô com um bronze aqui
1916900;1918900;;"06";de lado de fora da loja que tá meio
1918900;1920900;;"06, 11";fazendo mal pra minha pele.
1920900;1922900;;"16, 02, 11";Já tá anoitecendo, mas ok.
1922900;1924900;;"16, 02";Você já tinha esse bronze,
1924900;1926900;;"16";Bob?
1926900;1928900;;"16, 06";Eu acho que é tinta, Bob.
1928900;1930900;;"16, 06, 11";Ih, bicho! Verdade! Pra baixo da caixa!
1930900;1932900;;"06, 11";Eu tento virar a caixa num
1932900;1934900;;"11";WUP! E vocês vão ficar andando
1934900;1936900;;"16, 11";embaixo, tipo, tal guia.
1936900;1938900;;"16";Exatamente! Isso!
1938900;1940900;;"16";Eu fiz uns furinhos pra gente enxergar.
1948900;1950900;;"11";Vocês vão andando ali
1950900;1952900;;"11";arrastando aquela caixa,
1952900;1954900;;"11";seguindo ainda o meio fio amarelo.
1954900;1956900;;"11";Um tempo depois,
1956900;1958900;;"11";vocês estão
1958900;1960900;;"11";passando, assim, por um beco. O caminho
1960900;1962900;;"11";de vocês não é pra lá, mas
1962900;1964900;;"11";vocês escutam alguém falando.
1964900;1966900;;"04";Tomara que o caminhão
1966900;1968900;;"04";do lixo chegue logo.
1968900;1970900;;"04";Eu quero logo dar fim a tudo isso.
1970900;1972900;;"04";Eu sou um lixo
1972900;1974900;;"04";mesmo. E eu não gosto
1974900;1976900;;"16, 04, 06";dessas conversas, não. Eu também
1976900;1978900;;"16";não. O cara da loja
1978900;1980900;;"16";chamou a gente de lixo.
1980900;1982900;;"16, 06";Ou alguma coisa parecida com isso.
1982900;1984900;;"06";É verdade. Isso me traz tantas
1984900;1986900;;"06";lembranças das últimas três horas que eu estive
1986900;1988900;;"06";vivo. Faz a gente pensar.
1988900;1990900;;"02";Será que é um brinquedo?
1990900;1992900;;"02, 06";Tenho um jeito de descobrir.
1992900;1994900;;"06";Aí, colega!
1994900;1996900;;"04, 06";Eu saio debaixo da caixa.
1996900;1998900;;"04";Será que é o caminhão do lixo chegando?
1998900;2000900;;"06";Não! São seus amigos!
2000900;2002900;;"04";Eu não tenho amigos!
2002900;2004900;;"04, 06";Eu sou o lixo!
2004900;2006900;;"06";Você não é lixo, não! Vem pra cá!
2006900;2008900;;"11";De dentro da lata de lixo, levanta.
2008900;2010900;;"11";É uma lata de refrigerante
2010900;2012900;;"11";com dois olhinhos colados nela.
2012900;2014900;;"11";Ele tem duas mãozinhas que parecem ser
2014900;2016900;;"11";palitos de picolé colados na lateral.
2016900;2018900;;"11";Ele olha pra baixo.
2018900;2020900;;"04";Ah, são vocês?
2020900;2022900;;"04";Vocês deram sorte.
2022900;2024900;;"04";Vocês são de plástico.
2024900;2026900;;"04";Eu sou de lata.
2026900;2028900;;"04";Eu não tenho vida. Eu não tenho coração.
2028900;2030900;;"04";Bicho, todo mundo
2030900;2032900;;"04";tem um coração.
2032900;2034900;;"04";O meu é vazio. Tinha coca antes.
2034900;2036900;;"04";Agora não tem nada.
2036900;2038900;;"04";Você tem um nome?
2038900;2040900;;"02, 04";Lixo. Eu sou a Samu.
2042900;2044900;;"02";E quem colou esses olhinhos em você?
2044900;2046900;;"04";Eu não sei.
2046900;2048900;;"02, 04";Quando acordei, estava aqui.
2048900;2050900;;"02";Ah, então você é mais do que lixo.
2050900;2052900;;"02";Devem ter outras latas aí dentro que não tem vida.
2052900;2054900;;"02, 04";Você tem vida.
2054900;2056900;;"02, 04";Sim. E qual a vantagem?
2056900;2058900;;"04";Além de poder reclamar?
2058900;2060900;;"04";Você pode vir com a gente.
2060900;2062900;;"04";Isso, vem com a gente.
2062900;2064900;;"16, 04";Eu não tenho vida.
2064900;2066900;;"04";Você tem sim, cara.
2066900;2068900;;"16, 04";Mas você está conversando
2068900;2070900;;"16";comigo.
2070900;2072900;;"16";Se você está falando, você tem vida.
2072900;2074900;;"16, 05";É isso aí, carinha.
2074900;2076900;;"16, 05";Olha, eu também
2076900;2078900;;"16";achava que eu não tinha um coração, porque
2078900;2080900;;"16";eu tinha um carro. Mas o Bob disse
2080900;2082900;;"16";que todo mundo tem coração.
2082900;2084900;;"11";Dois dados, Samu.
2084900;2086900;;"11";Você precisa de cinco ou seis. É ação
2086900;2088900;;"11";mental.
2088900;2090900;;"16";Um e três.
2090900;2092900;;"11";Lixo.
2092900;2094900;;"11";Ele deitou de não nada de lixos e não consegue ver.
2094900;2096900;;"09, 16";Ih, lixo.
2096900;2098900;;"11";Ação de vocês?
2098900;2100900;;"11";É, eu ia perguntar. Dá pra subir?
2100900;2102900;;"11";Dá pra subir. Tem outros lixos em volta ali.
2102900;2104900;;"06, 11";Você consegue usar como escada e subir.
2104900;2106900;;"06";Tá legal. Eu estou subindo aí.
2106900;2108900;;"06";Como que eu posso te amar, colega?
2108900;2110900;;"06";Lixo.
2110900;2112900;;"06";Tá legal, lixo. Tô subindo.
2116900;2118900;;"06, 11";Eu tô tipo subindo pelos lixinhos até chegar lá.
2118900;2120900;;"11";Tu chega lá e ele tá lá deitado
2120900;2122900;;"11";assim, tem papel picado,
2122900;2124900;;"06, 11";tem outras latas.
2124900;2126900;;"04, 06";E aí, carinha, beleza?
2126900;2128900;;"04, 06";Ah, você...
2128900;2130900;;"04";Você veio pra me levar?
2130900;2132900;;"04";Vê, cara. Você vai numa aventura com seus amigos.
2132900;2134900;;"04";Eu não posso.
2134900;2136900;;"04";Sou apenas uma lata.
2136900;2138900;;"04";Você é mais que uma lata, cara.
2138900;2140900;;"04";Eu não posso. Sou apenas uma lata.
2140900;2142900;;"04, 06";Você tem olhos, você tem braço.
2142900;2144900;;"06, 11";Ele tem pernas?
2144900;2146900;;"11";Tem. Tem dois palitinhos de picolacola ali embaixo.
2146900;2148900;;"04";Você tem pernas, cara.
2148900;2150900;;"04, 06";A Darby ali embaixo quase não tinha isso.
2150900;2152900;;"04";E hoje ela tem rodas.
2152900;2154900;;"04";A Darby é a ambulância?
2154900;2156900;;"04, 11";Não, não. É a outra.
2156900;2158900;;"02, 04, 11";Eu aponto pra ela lá embaixo.
2158900;2160900;;"02, 04, 11";E é muito mais legal.
2160900;2162900;;"04, 11";Ele levanta e espia.
2162900;2164900;;"04";Ah, sim. Mas...
2164900;2166900;;"04";Eu não tenho principal.
2166900;2168900;;"04";O quê?
2168900;2170900;;"04, 06";Um coração.
2170900;2172900;;"06";Você tem sim, cara.
2172900;2174900;;"06";Vem cá. Eu deito do lado dele.
2174900;2176900;;"06";O que você tá vendo aí em cima?
2176900;2178900;;"04";A luz do poste.
2178900;2180900;;"06";E não é linda?
2180900;2182900;;"04";É...
2182900;2184900;;"06";É...
2184900;2186900;;"06";É...
2186900;2188900;;"04, 06";Você não consegue admirar a luz
2188900;2190900;;"04, 06";do poste?
2190900;2192900;;"05, 04";Consigo. Consigo.
2192900;2194900;;"05";Consigo.
2194900;2196900;;"05";Só quem tem coração admira as coisas.
2196900;2198900;;"05";Se não tem coração,
2198900;2200900;;"05, 06";você não tem como achar um negócio bonito.
2200900;2202900;;"11";Dois dados.
2202900;2204900;;"06";Eita!
2204900;2206900;;"04, 06";Um 4 e um 6, sendo que 4 é meu atributo.
2206900;2208900;;"04";É verdade.
2208900;2210900;;"04";Se eu tô achando a luz bonita, é porque eu tenho coração.
2210900;2212900;;"04, 11";Isso, cara.
2212900;2214900;;"11";Ele te abraça assim, com a mão meio palito,
2214900;2216900;;"11";à medida do possível.
2216900;2218900;;"06, 11";Eu abraço ele sem fazer muita força
2218900;2220900;;"06";pra não amassar a latinha.
2220900;2222900;;"06";Aí, cara. A gente tá indo ver
2222900;2224900;;"06";o mago dos bonecos que conserta
2224900;2226900;;"06";as coisas. Ele vai conseguir até
2226900;2228900;;"04, 06";te deixar mais bonito ainda.
2228900;2230900;;"04";Ah, mas ele conserta brinquedos
2230900;2232900;;"04";de verdade? Eu não sou bem um brinquedo.
2232900;2234900;;"04";Mas você é um brinquedo, cara.
2234900;2236900;;"04";Mas não se preocupe.
2236900;2238900;;"04";Agora que você achou meu coração,
2238900;2240900;;"04";eu sei o caminho. Agora que eu tenho
2240900;2242900;;"04";um coração, eu posso buscar um amor
2242900;2244900;;"04";ou construir um...
2244900;2246900;;"04";Aí, cara. É isso que eu tô falando.
2246900;2248900;;"04";Segue o teu coração,
2248900;2250900;;"04";bicho. Sim.
2250900;2252900;;"04";Eu vou criar uma lata gêmea pra viver comigo.
2252900;2254900;;"04, 06";Eu coloco a mão
2254900;2256900;;"06";no meio da lata dele.
2256900;2258900;;"06";Boa, colega. Só cuidado pra
2258900;2260900;;"06";quando o caminhão de lixo não passar aqui logo.
2260900;2262900;;"06";Então, depois você desce daí quando você terminar.
2262900;2264900;;"06";Ok.
2264900;2266900;;"06";Ok. Aí, turma.
2266900;2268900;;"06";Tá tudo bem com o lixo.
2268900;2270900;;"16, 02";Êêêê.
2270900;2272900;;"16";Tchau, lixo.
2276900;2278900;;"02";Sabe, Bob, até eu tô começando
2278900;2280900;;"02";a acreditar nessa história de coração.
2280900;2282900;;"06";Eu falei.
2282900;2284900;;"06";Todo mundo tem um. Você até a Samu
2284900;2286900;;"06";achou dela e ela é um robô.
2286900;2288900;;"16";Eu meio que não achei. Eu só falei
2288900;2290900;;"16, 06";aquilo pra alegrar o lixo.
2290900;2292900;;"02, 06";Um dia a gente chega lá, robô.
2292900;2294900;;"02";Falando em chegar lá, tá escurecendo.
2294900;2296900;;"02";A gente precisa ir logo pra lá.
2296900;2298900;;"02";Pro mágico. Sábio.
2298900;2300900;;"02";Que conserta brinquedos. Tá.
2300900;2302900;;"02, 06";Cadê a nossa caixinha? Ela tá
2302900;2304900;;"06";onde a gente estacionou ela. Bem perto ali do
2304900;2306900;;"16, 06";nada. Será que a caixinha ganha vida
2306900;2308900;;"16";se a gente colocar olhinhos nela?
2308900;2310900;;"06";Aí, caixa.
2310900;2312900;;"06";Você tá me escutando, caixa?
2312900;2314900;;"06";Que a gente tecamente fez dois buracos nela.
2314900;2316900;;"06";Tipo, assim, olhinhos. É, ela não parece
2316900;2318900;;"16, 06";ter ganho vida. Ah, droga.
2320900;2322900;;"11";Vocês seguem?
2322900;2324900;;"11";O Meio Fio Amarelo
2324900;2326900;;"11";termina numa grande
2326900;2328900;;"11";rua de quatro pistas
2328900;2330900;;"11";com carros indo de um lado pro outro.
2330900;2332900;;"11";Do outro lado da rua vocês veem uma
2332900;2334900;;"11";grande loja que tá escrito
2334900;2336900;;"11";consertos e brinquedos usados.
2336900;2338900;;"11";Grande queima de estoque.
2338900;2340900;;"05, 11";Black Friday, amanhã.
2340900;2342900;;"05";A gente achou! Ih!
2342900;2344900;;"05";A gente tem que fazer alguma coisa. Ele vai botar
2344900;2346900;;"05";fogo na loja. Hã?
2346900;2348900;;"05";Por quê? Queima de
2348900;2350900;;"05";estoque. Tá escrito ali em cima.
2350900;2352900;;"05";O homem perdeu o juízo.
2356900;2358900;;"16";Eu...
2358900;2360900;;"16";Eu não sei o que a gente
2360900;2362900;;"16";pode fazer contra a queima de estoque.
2362900;2364900;;"16";A gente pode ir lá
2364900;2366900;;"16, 02";e convencer ele a não botar fogo em
2366900;2368900;;"02, 06";nada. Eu gosto desse plano.
2368900;2370900;;"06";Ele é funcional e mais importante
2370900;2372900;;"06";ainda, gente. Ele tem coração.
2372900;2374900;;"16, 06";Tá, coração.
2376900;2378900;;"11";As quatro pistas não tem carros, assim,
2378900;2380900;;"11";grande quantidade, mas volta e meia
2380900;2382900;;"11";passa um carro ou outro.
2382900;2384900;;"16";E agora? Será que a gente
2384900;2386900;;"16, 11";consegue atravessar?
2386900;2388900;;"11";Vocês vão atravessar em caixa ou em
2388900;2390900;;"06, 11";brinquedos separados? Ó, em caixa
2390900;2392900;;"16, 06, 11";tem mais chance de ver a gente.
2392900;2394900;;"16";Ok, então eu vou virar
2394900;2396900;;"16";uma ambulância.
2396900;2398900;;"06";Muito espertas,
2398900;2400900;;"06";Samu. Se alguém passar por cima de
2400900;2402900;;"06";mim ou da Dabi, você já tá aí do lado
2402900;2404900;;"16, 06";pra cuidar da gente. Algum de vocês
2404900;2406900;;"16";tem dificuldade pra se locomover? Eu acho
2406900;2408900;;"16, 02";que não, né? Eu faço uma cara
2408900;2410900;;"02";assim pra Samu.
2410900;2412900;;"06";Mas você tem
2412900;2414900;;"16, 06";rodas. Você quer carona, Bob?
2414900;2416900;;"16, 06";Ih, não. Fica tranquilo.
2416900;2418900;;"06";Eu vou no surf das minhas
2418900;2420900;;"02, 06";pernas. Ok.
2420900;2422900;;"02";Mas significa que a gente tá indo sem a caixa
2422900;2424900;;"02";ou com a caixa? Não era pra ir sem a caixa?
2424900;2426900;;"02";Eu achei que era pra ir sem a caixa.
2426900;2428900;;"02";Então, os carros iam desviar.
2428900;2430900;;"02";Se você tá dirigindo,
2430900;2432900;;"02";você dificilmente vai passar por cima
2432900;2434900;;"02";de uma caixa, porque pode ter alguma coisa lá
2434900;2436900;;"16, 02";que vai estragar o seu carro.
2436900;2438900;;"16";Ah, entendi.
2438900;2440900;;"16";Ok.
2440900;2442900;;"16";Então vamos com a caixa.
2442900;2444900;;"16, 11";Esquece o meu plano. A Samu, por ser
2444900;2446900;;"11";um carro e por ter o atributo melhor,
2446900;2448900;;"11";o atributo físico, roda pro grupo.
2448900;2450900;;"11";Rola três dados, já que o grupo tá unido
2450900;2452900;;"11";na caixa com o bônus da caixa. Vai lá.
2452900;2454900;;"16, 02";Bônus da caixa. Uhul.
2454900;2456900;;"16";Hahaha.
2456900;2458900;;"16";A gente trouxe vida pra caixa.
2460900;2462900;;"16, 11";Seis, cinco e um.
2462900;2464900;;"11";Um acerto crítico, um acerto comum.
2464900;2466900;;"11";Só falharia se tirasse um triplo seis.
2466900;2468900;;"11";Seria maravilhoso também, mas não
2468900;2470900;;"02, 11";seria o clima da aventura. Nossa, se ela
2470900;2472900;;"02";tirasse um triplo seis, ia ser mais um especial de Halloween.
2472900;2474900;;"02, 11";Isso. Mas tá saindo
2474900;2476900;;"02, 11";um mês depois.
2476900;2478900;;"11";Vocês estão lá, atravessando a rua.
2482900;2484900;;"11";Tem uma hora que vocês simplesmente
2484900;2486900;;"11";param, passam um carro numa outra
2486900;2488900;;"11";pista que não é de vocês.
2492900;2494900;;"11";Parece que a caixa não evita que vocês
2494900;2496900;;"11";fiquem paralisados.
2496900;2498900;;"11";Mas, vocês conseguem chegar até o outro lado da rua.
2498900;2500900;;"11";E pelos buraquinhos
2500900;2502900;;"11";ali, a Samu vê que
2502900;2504900;;"11";nas escadarias da loja, tem um menino
2504900;2506900;;"11";sentado. Ele tá usando uma
2506900;2508900;;"11";capa de chuva, assim, escondendo
2508900;2510900;;"11";o rosto. Embora não esteja chovendo. E ele tá
2510900;2512900;;"11";jogando um videogame portátil.
2512900;2514900;;"11";Mas,
2514900;2516900;;"11";vocês conseguem andar mesmo com ele ali.
2516900;2518900;;"06";O menino já deve estar tão viciado
2518900;2520900;;"06";naquele videogame, que ele saiu desse mundo.
2522900;2524900;;"16, 06";Ah, os jovens. A gente não precisa se esconder
2524900;2526900;;"16";do menino.
2526900;2528900;;"16";A gente tá escondido do menino.
2528900;2530900;;"16";Dentro da caixa. Mas a caixa
2530900;2532900;;"16";não funciona. Por que será
2532900;2534900;;"16";que a gente não paralisa pro menino?
2534900;2536900;;"16";Porque a gente tá dentro da caixa.
2536900;2538900;;"06";Tá legal, gente.
2538900;2540900;;"06";É agora, é hora da verdade.
2540900;2542900;;"06";Vamos sair dessa caixa.
2542900;2544900;;"06";E vamos pra loja.
2544900;2546900;;"16";Obrigada,
2546900;2548900;;"16";viu, caixa? Tchau,
2548900;2550900;;"16, 06";caixa. Você foi boa
2550900;2552900;;"06";pra gente. A rua vai ser
2552900;2554900;;"06, 11";boa pra você também.
2556900;2558900;;"11";A hora que vocês saem da caixa, a criança
2558900;2560900;;"11";toma um susto. Ela olha
2560900;2562900;;"10, 11";pra vocês. Ah,
2562900;2564900;;"10";então eu tava certo em esperar aqui essa
2564900;2566900;;"10";noite. Vocês chegaram ao lugar
2566900;2568900;;"10";correto. O meu pai é o maior
2568900;2570900;;"10";construtor e médico de
2570900;2572900;;"10";brinquedos do mundo. E amanhã
2572900;2574900;;"10";vocês vão encontrar uma criança
2574900;2576900;;"10";disposta a adotá-los. Porque a loja
2576900;2578900;;"10";do meu pai tem os melhores preços
2578900;2580900;;"10";do mundo.
2580900;2582900;;"10";Da capa de chuva sai o nariz de madeira.
2582900;2584900;;"10";Ele põe
2584900;2586900;;"10";a mão assim?
2586900;2588900;;"10";Tá bom. Talvez não sejam
2588900;2590900;;"10";os melhores preços. Só que com
2590900;2592900;;"10";o dólar do jeito que tá, né?
2592900;2594900;;"10";São preços bem razoáveis
2594900;2596900;;"10";em se tratando de usados.
2596900;2598900;;"02, 10";E o nariz não cresce dele.
2598900;2600900;;"02";Ufa! Mas o seu pai vai
2600900;2602900;;"02, 10";botar fogo na loja? Fogo na
2602900;2604900;;"10";loja? Ah não! Queima de estoque
2604900;2606900;;"10";é porque ele pretende vender
2606900;2608900;;"10";todo o estoque.
2608900;2610900;;"02";Ah!
2610900;2612900;;"02";Se ele gosta de brinquedos faz muito mais sentido
2612900;2614900;;"02";ele querer vender todos do que
2614900;2616900;;"02, 10";queimar todos, né? Porque cada brinquedo
2616900;2618900;;"10";vendido é uma criança feliz.
2618900;2620900;;"02, 10";Nisso eu concordo com você.
2620900;2622900;;"02, 10";Qual o seu nome? Eu sou o Pinóquio.
2622900;2624900;;"02, 10";Oi Pinóquio, eu sou a Darby.
2624900;2626900;;"10";Bonito nome. Então
2626900;2628900;;"10";podem relaxar. A jornada de
2628900;2630900;;"10";vocês finalmente terminou.
2630900;2632900;;"10";Vocês chegaram. Meu pai vai ficar
2632900;2634900;;"10";muito feliz em ver vocês.
2634900;2636900;;"11";Um homem
2636900;2638900;;"11";barbudo e careca. Muito
2638900;2640900;;"11";grande em todos os sentidos.
2640900;2642900;;"11";Ele gargalha.
2642900;2644900;;"11";Finalmente!
2644900;2646900;;"12, 11";Finalmente! Consegui te pegar, Pinóquio.
2646900;2648900;;"12";Ele vai e pega o Pinóquio.
2648900;2650900;;"12";Nossa! Brinquedos!
2650900;2652900;;"12";Devem ser do Pinóquio.
2652900;2654900;;"12";E agora são meus. Mas não vou levá-los
2654900;2656900;;"09, 12";todos. Ah!
2656900;2658900;;"12";Uma caixa.
2658900;2660900;;"11";Ele coloca
2660900;2662900;;"11";tudo dentro da caixa.
2662900;2664900;;"11";E vocês sentem essa caixa balançar.
2664900;2666900;;"11";Vocês estão parados porque este homem está ali
2666900;2668900;;"11";com vocês. Vocês são colocados numa mesa.
2668900;2670900;;"11";Este homem acende
2670900;2672900;;"11";uma lareira.
2674900;2676900;;"12";Finalmente uma madeira boa para
2676900;2678900;;"12";queimar nesse fogo. Eu realmente
2678900;2680900;;"12";odeio esses bonecos de madeira.
2680900;2682900;;"12";Eu já fui o maior marionetista
2682900;2684900;;"12";do mundo. Mas agora eu fui
2684900;2686900;;"12";esquecido. Eu sou uma piada.
2686900;2688900;;"12";Mas vou me vingar de você
2688900;2690900;;"12";e de seus brinquedos.
2690900;2692900;;"12";Onde estão
2692900;2694900;;"12";meus fósforos?
2702900;2704900;;"11";Ele sai da sala. Vocês estão
2704900;2706900;;"05, 11";se mexendo. Eu falei que era
2706900;2708900;;"05";queima de estoque!
2708900;2710900;;"16";Era queima
2710900;2712900;;"16";de estoque! Meu Deus!
2712900;2714900;;"16";E agora? E agora?
2714900;2716900;;"16, 02";A gente tem que fugir.
2716900;2718900;;"02";Pinóquio?
2718900;2720900;;"02";Pinóquio? Aquele era seu pai?
2720900;2722900;;"10";Não. Aquele é o Stromboli.
2722900;2724900;;"10";Ele é meu inimigo.
2724900;2726900;;"10";Ele sempre tenta me pegar. Eu nunca
2726900;2728900;;"10";saio de casa com medo dele.
2728900;2730900;;"10";Mas hoje, como eu sabia que vocês iam chegar,
2730900;2732900;;"10";eu risquei. Mas agora,
2732900;2734900;;"10";ele nos pegou. Está tudo
2734900;2736900;;"10";acabado.
2736900;2738900;;"10";Não acabou não. A gente está aqui.
2738900;2740900;;"02";Deixa eu entender então.
2740900;2742900;;"02";Esse Stromboli não saiu de dentro
2742900;2744900;;"02";da loja. Ele pegou a gente na
2744900;2746900;;"02, 11";rua. Não. Ele virou uma curva.
2746900;2748900;;"11";Na hora que ele virou a curva, vocês ficaram paralisados.
2748900;2750900;;"02, 11";E aí ele levou a gente para uma
2750900;2752900;;"02, 11";outra casa que não é a loja.
2752900;2754900;;"02, 11";Não. Não é a loja. Tá.
2754900;2756900;;"02, 05";A gente tem que sair daqui.
2756900;2758900;;"16";Vocês estão vendo alguma janela?
2758900;2760900;;"16";Alguma coisa para a gente escapar?
2760900;2762900;;"16, 11";Eu sei escalar. Tem janela fechada ali.
2762900;2764900;;"16, 05, 11";Eu posso tentar
2764900;2766900;;"16, 11";abrir. Teste de força. Pode.
2766900;2768900;;"05, 06, 11";Um dado. Ela tem coração.
2768900;2770900;;"05, 06, 11";Deixa eu jogar dois. Eu não tenho.
2770900;2772900;;"02";Ô, louco!
2772900;2774900;;"11";Poxa, voz interior. Eu confiava
2774900;2776900;;"11";em você. Teste de força.
2778900;2780900;;"unknown";A Samu
2780900;2782900;;"11";consegue. Ela abre a janela
2782900;2784900;;"11";ao mesmo tempo que
2784900;2786900;;"11";a porta se abre e o homem volta ali.
2790900;2792900;;"11";E vocês todos estão parados.
2794900;2796900;;"11";A Samu está lá segurando a janela para cima.
2796900;2798900;;"11";Vocês estão por cima da mesa. O homem joga
2798900;2800900;;"11";lenha na lareira dele. Acende
2800900;2802900;;"11";fogo. Ele pega o Pinóquio
2802900;2804900;;"11";pela capinha de chuva. Pendura
2804900;2806900;;"11";ele do lado da lareira.
2806900;2808900;;"12, 11";Agora sim! Agora sim!
2808900;2810900;;"12";Está esquentando.
2810900;2812900;;"12";Sabe o que falta aqui, Pinóquio?
2812900;2814900;;"12";Marshmallows.
2814900;2816900;;"12";Eu vou buscar
2816900;2818900;;"12, 11";os marshmallows.
2818900;2820900;;"11";E ele sai.
2824900;2826900;;"11";O Pinóquio está tentando sair, mas ele está pendurado
2826900;2828900;;"02, 11";ali na lareira. Espera aí, Pinóquio!
2828900;2830900;;"02";Pinóquio, solta essa capa.
2830900;2832900;;"02";Solta essa capa, Pinóquio.
2834900;2836900;;"10";Eu não estou conseguindo.
2836900;2838900;;"05, 10, 06";Eu estou me embolando.
2838900;2840900;;"16, 05, 10";Caraca! Ajuda o Pinóquio.
2840900;2842900;;"16, 06";Tem alguma coisa que dá para
2842900;2844900;;"06";ajudar a puxar ele, empurrar uma
2844900;2846900;;"06";cadeira para ele, ou só fazer um
2846900;2848900;;"06, 11";pezinho, levantar os braços para ver se ele tem mais apoio?
2848900;2850900;;"11";Tem um banquinho por ali que se você
2850900;2852900;;"11";empurrar para perto dele, ele consegue
2852900;2854900;;"11";apoiar os pés e se posicionar para sair.
2854900;2856900;;"16";Bob, ajuda ele, Bob.
2858900;2860900;;"05";Eu estou chegando, Pinóquio!
2860900;2862900;;"02, 05";Eu te ajudo.
2862900;2864900;;"11";Ok. Um dos dois rola dois dados,
2864900;2866900;;"11";então. Um dado extra pela ajuda.
2866900;2868900;;"02";Rola aí, Bob.
2868900;2870900;;"11";E cinco e dois.
2870900;2872900;;"11";Um acerto comum.
2872900;2874900;;"11";Vocês têm um pouco de trabalho.
2874900;2876900;;"11";Fazem um pouco de barulho ali naquela cadeira.
2876900;2878900;;"12, 11";Que barulho estranho.
2878900;2880900;;"12, 11";Será um rato?
2880900;2882900;;"11";Mas vocês chegam até ali, põem para o Pinóquio.
2882900;2884900;;"11";Ele se solta.
2884900;2886900;;"11";Pinóquio pega vocês com as mãozinhas,
2886900;2888900;;"11";coloca vocês na janela.
2888900;2890900;;"11";Vocês vão sair. Vem, Pinóquio!
2890900;2892900;;"11";Vocês começam a puxar o Pinóquio ali,
2892900;2894900;;"11";a passar pela janela. Ele tem que ajudar a levantar
2894900;2896900;;"11";um pouco a janela também.
2896900;2898900;;"11";A porta se abre.
2898900;2900900;;"unknown";E vocês estão
2900900;2902900;;"11";todos ali na janela.
2902900;2904900;;"11";Um dado cada um.
2904900;2906900;;"11";Darby.
2906900;2908900;;"11";Um. Paralisada de medo.
2908900;2910900;;"11";Bob Rock
2910900;2912900;;"11";reggae do surf.
2912900;2914900;;"11";Três. Paralisado.
2914900;2916900;;"11";Samu.
2916900;2918900;;"16, 11";Cinco.
2918900;2920900;;"16, 11";Quanto é o teu atributo, Samu? Cinco.
2920900;2922900;;"16, 11";Tu pode te mover normalmente,
2922900;2924900;;"16, 11";falar o que tu quiser.
2924900;2926900;;"16";Eu conseguiria puxar todos eles,
2926900;2928900;;"16, 11";e fechar a janela.
2928900;2930900;;"11";Dois dados.
2934900;2936900;;"16, 11";Quanto é que tu tirou? Quatro e cinco.
2936900;2938900;;"16, 11";Um acerto comum, um acerto crítico.
2938900;2940900;;"16, 11";Quem tu tirou primeiro?
2940900;2942900;;"16";Eu puxei primeiro o Pinóquio, porque
2942900;2944900;;"16";ele é maior.
2946900;2948900;;"11";O Pinóquio cai na rua. Quem é o segundo?
2948900;2950900;;"16, 11";O segundo é a
2950900;2952900;;"16";Darby, e por último, o Bob Rock.
2952900;2954900;;"16, 11";A Darby tu empurra,
2954900;2956900;;"11";a roda ajuda ela a se locomover melhor.
2958900;2960900;;"11";Ela cai em cima do Pinóquio.
2960900;2962900;;"11";Por último, tu empurra
2962900;2964900;;"11";o Bob Rock reggae. Ele cai.
2964900;2966900;;"11";Ele dá uma surfadinha na parede, até ele cair lá embaixo.
2966900;2968900;;"11";Tu tá sozinha ali, segurando
2968900;2970900;;"11";a janela. Ele se aproxima
2970900;2972900;;"11";de ti e vai com a mão pra te pegar. Dois dados.
2974900;2976900;;"16, 11";Dois e um. A mão dele é gigantesca.
2976900;2978900;;"11";Ela vai com força pra te agarrar.
2978900;2980900;;"11";Há tempo de tu pular pra trás,
2980900;2982900;;"11";assim, de costas, largando
2982900;2984900;;"11";a janela. E cai sobre a mão dele.
2984900;2986900;;"09, 11";Ele grita.
2990900;2992900;;"11";O Pinóquio abraça vocês.
2992900;2994900;;"11";Corre em direção
2994900;2996900;;"06, 11";à loja.
2996900;2998900;;"06";E eu não quero falar nada não. A gente tem que sair correndo
2998900;3000900;;"06";porque ele consegue abrir a porta.
3000900;3002900;;"11";Lá conhece um senhor, bem
3002900;3004900;;"11";velhinho. Ele numa madeira, ele faz
3004900;3006900;;"11";rapidamente e pinta uma prancha
3006900;3008900;;"11";pro Bob Rock reggae do surf.
3008900;3010900;;"11";Ele abre essa mão, vê que
3010900;3012900;;"11";não é questão de pilha, mas tem alguns
3012900;3014900;;"11";circuitos ali que estão meio enferrujados. Ele troca
3014900;3016900;;"11";alguns fios e arruma uma solda.
3016900;3018900;;"11";E ela volta a funcionar perfeitamente.
3018900;3020900;;"11";A Darby, ele fica
3020900;3022900;;"11";olhando pra ela. Ele até coloca
3022900;3024900;;"11";as perninhas nela.
3024900;3026900;;"11";Mas ele entende
3026900;3028900;;"11";o que ela prefere. Ele
3028900;3030900;;"11";constrói uma cadeirinha com as
3030900;3032900;;"11";rodinhas que ela trouxe com ela.
3032900;3034900;;"11";E coloca ela sentadinha ali.
3040900;3042900;;"11";Todos vocês são levados até
3042900;3044900;;"11";as estantes. Cada um de vocês
3044900;3046900;;"11";é colocado ali junto com outros brinquedos.
3046900;3048900;;"11";Foram consertados.
3048900;3050900;;"11";Vocês sentem que
3050900;3052900;;"11";aqueles brinquedos estão felizes ali.
3052900;3054900;;"11";Os funcionários da loja, esse
3054900;3056900;;"11";conselho de vocês durante a noite toda. Os funcionários
3056900;3058900;;"11";da loja estão com as portas fechadas.
3058900;3060900;;"11";Eles começam a se organizar.
3060900;3062900;;"11";Hoje vai ser o dia da
3062900;3064900;;"11";grande venda. Hoje é Black Friday.
3064900;3066900;;"11";Vocês
3066900;3068900;;"11";notam uma coisa que
3068900;3070900;;"11";os funcionários têm, que todas as pessoas
3070900;3072900;;"11";que passaram por vocês têm, mas
3072900;3074900;;"11";aquele homem que atacou vocês não tinha.
3074900;3076900;;"11";Que era a boca coberta.
3078900;3080900;;"11";Os funcionários batem
3080900;3082900;;"11";nas portas pra fazer barulho.
3082900;3084900;;"11";Eles abrem.
3086900;3088900;;"11";E não tem ninguém lá fora.
3088900;3090900;;"11";Uma bailarina que está
3090900;3092900;;"11";na prateleira de cima. Vocês três ficaram juntos.
3092900;3094900;;"08, 11";Ela fala.
3094900;3096900;;"08";Normal. Estamos em 2020,
3096900;3098900;;"08";né? Ninguém mais vai nas lojas.
3098900;3100900;;"08";Ainda mais com isso tudo que está por aí.
3100900;3102900;;"08";Hoje em dia as pessoas preferem usar sites
3102900;3104900;;"08";como...
3108900;3110900;;"11";Uma menina entra usando uma máscara
3110900;3112900;;"11";que cobre o nariz e a boca dela.
3112900;3114900;;"11";Uma menina de pele escura, cabelo enrolado.
3116900;3118900;;"11";Ela vai direto até vocês.
3118900;3120900;;"08, 11";Ela olha. Ah, eu sabia que
3120900;3122900;;"08";esse sonho era também verdade.
3122900;3124900;;"11";Ela abraça vocês três.
3124900;3126900;;"11";Passa no caixa.
3126900;3128900;;"11";E leva embora.
3132900;3134900;;"unknown";E vai embora.
3134900;3136900;;"unknown";E vai embora.
3136900;3138900;;"unknown";E vai embora.
3138900;3140900;;"unknown";E vai embora.
3140900;3142900;;"unknown";E vai embora.
3142900;3144900;;"01";E vai embora.
3144900;3146900;;"01";E vai embora.
3146900;3148900;;"01";E vai embora.
3148900;3150900;;"01";E vai embora.
3150900;3152900;;"01";E vai embora.
3152900;3154900;;"01, 09, 11";Escudo do Mestre.
3154900;3156900;;"11";E chegamos a mais escudo do mestre, aquela estrutura de papelão
3156900;3158900;;"11";ou madeira que o mestre usa para esconder
3158900;3160900;;"11";suas anotações e lançamentos de dados.
3160900;3162900;;"11";Mas aqui eu baixo essa estrutura
3162900;3164900;;"11";e não exatamente, né?
3164900;3166900;;"11";Você sabe que agora todas as informações
3166900;3168900;;"11";sobre o episódio são dadas
3168900;3170900;;"11";no Guaxaverso, o podcast
3170900;3172900;;"11";que sai nas quintas-feiras que não tem RPGuax.
3172900;3174900;;"11";Então não esqueça de deixar seus comentários,
3174900;3176900;;"11";suas dúvidas lá no post
3176900;3178900;;"11";do episódio que eu vou responder
3178900;3180900;;"11";no Guaxaverso que sai semana que vem.
3180900;3182900;;"11";Normalmente ele é gravado ali na quarta-tarde,
3182900;3184900;;"11";às vezes,
3184900;3186900;;"11";na pior das hipóteses, na quinta.
3186900;3188900;;"11";Então tenta deixar seus comentários
3188900;3190900;;"11";até a quarta-feira ali, metade da tarde,
3190900;3192900;;"11";até às sete.
3192900;3194900;;"11";Esse episódio, como foi dito lá no começo,
3194900;3196900;;"11";ele é um apoio da Promobit.
3196900;3198900;;"11";Eles não só apoiaram, como eles pediram carinhosamente
3198900;3200900;;"11";que fosse feito um episódio
3200900;3202900;;"11";na pegada dos que são de Natal
3202900;3204900;;"11";para Black Friday.
3204900;3206900;;"11";Eu, inicialmente, achei que eu não ia conseguir
3206900;3208900;;"11";porque é um tema tão vago, né?
3208900;3210900;;"11";Mas graças ao pessoal que cuida
3210900;3212900;;"11";lá do grupo do Instagram,
3212900;3214900;;"11";Filipe Xavier, a Sinara
3214900;3216900;;"11";que jogou essa aventura
3216900;3218900;;"11";e o Gabriel Pinheiro,
3218900;3220900;;"11";a gente conseguiu ter uma ideia bacana
3220900;3222900;;"11";Então agradeço muito a eles
3222900;3224900;;"11";por terem dado a ideia inicial
3224900;3226900;;"11";desta aventura. Vou falar mais sobre isso
3226900;3228900;;"11";no Guaxaverso, mas fica aqui
3228900;3230900;;"11";o meu agradecimento. E agradeço
3230900;3232900;;"11";principalmente a Promobit
3232900;3234900;;"11";que apoia esse projeto. Pagamos
3234900;3236900;;"11";um editor relâmpago aí
3236900;3238900;;"11";esse episódio. É provavelmente o RPG Guaxa
3238900;3240900;;"11";entre a gravação e o lançamento
3240900;3242900;;"11";o mais rápido a ser lançado
3242900;3244900;;"11";da história, por conta de
3244900;3246900;;"11";prazos e tal, por ser uma
3246900;3248900;;"11";data específica. Mas fico muito feliz
3248900;3250900;;"11";que deu certo. Trouxe um editor novo pra gente.
3250900;3252900;;"11";A gente vai falar disso daqui a pouco.
3252900;3254900;;"11";E se você não conhece a Promobit, a Promobit é uma
3254900;3256900;;"11";comunidade onde as pessoas postam
3256900;3258900;;"11";suas ofertas. Não é qualquer oferta
3258900;3260900;;"11";que é postada lá, que aparece no site
3260900;3262900;;"11";ou no aplicativo. É feita uma
3262900;3264900;;"11";curadoria pra sempre ser uma oferta
3264900;3266900;;"11";de uma loja que exista de verdade
3266900;3268900;;"11";pra você não cair em golpe nenhum
3268900;3270900;;"11";e que a oferta seja realmente
3270900;3272900;;"11";uma oferta de verdade.
3272900;3274900;;"11";Seja uma promoção
3274900;3276900;;"11";pra valer a pena o tempo de vocês, o dinheiro
3276900;3278900;;"11";de vocês na hora de economizar.
3278900;3280900;;"11";Então conheça a Promobit, tanto
3280900;3282900;;"11";o site deles quanto o aplicativo.
3282900;3284900;;"11";Vai lá, instala. Faz sua lista
3284900;3286900;;"11";de desejos. Fica de olho agora, como a gente falou.
3286900;3288900;;"11";Black Friday tá aí. Coloca lá
3288900;3290900;;"11";tudo que tu quer comprar. Talvez agora
3290900;3292900;;"11";seja a hora. Põe lá, fica de olho.
3292900;3294900;;"11";Muitas dessas promoções são relâmpagos.
3294900;3296900;;"11";E um aplicativo como a Promobit ajuda
3296900;3298900;;"11";você a não ficar de fora dessas
3298900;3300900;;"11";grandes promoções. Não esqueça de,
3300900;3302900;;"11";nas redes sociais, agradecer a Promobit
3302900;3304900;;"11";por estar apoiando esse projeto. Que graças
3304900;3306900;;"11";a ela saiu esse episódio. Esse episódio
3306900;3308900;;"11";não existiria sem a Promobit.
3308900;3310900;;"11";Até porque foi uma sugestão deles, né?
3310900;3312900;;"11";E pra Promobit também temos o apoio de nossos
3312900;3314900;;"11";padrinhos. Quer ser o nosso padrinho?
3314900;3316900;;"11";Quer ajudar a partir de um real
3316900;3318900;;"11";esse projeto a pagar a editora? Tá saindo
3318900;3320900;;"11";sempre? A ter esses projetos
3320900;3322900;;"11";extras, como o Guacho Averso? E outros
3322900;3324900;;"11";projetos extras que teremos no ano que vem?
3324900;3326900;;"11";Seja nosso padrinho. E a partir de dez
3326900;3328900;;"11";reais você faz parte do grupo do Telegram.
3328900;3330900;;"11";Lá dentro do Telegram tu consegue ir pro nosso
3330900;3332900;;"11";Discord, que tá sempre rolando mesa,
3332900;3334900;;"11";que tá sempre rolando jogo.
3334900;3336900;;"11";Eu já joguei algumas vezes. Eu e minha filha jogamos
3336900;3338900;;"11";Among Us. Aquele jogo do
3338900;3340900;;"11";espacial com padrinhos, né?
3340900;3342900;;"11";Já aconteceu de uma aventura semestrada
3342900;3344900;;"11";exclusivamente pros padrinhos estarem acompanhando.
3344900;3346900;;"11";Pretendo fazer mais uma dessa até
3346900;3348900;;"11";final do ano. Então, vai lá.
3348900;3350900;;"11";Assina. Tem acesso a spoiler.
3350900;3352900;;"11";Episódio antecipado. Pode
3352900;3354900;;"11";gravar. Lá no começo as regras pra
3354900;3356900;;"11";ter tua voz eternizada num episódio.
3356900;3358900;;"11";Ou mesmo fazer a voz de um NPC.
3358900;3360900;;"11";As vantagens são gigantescas.
3360900;3362900;;"11";E siga a gente nas redes sociais.
3362900;3364900;;"11";Arroba Marcelo Guaxinim. Arroba RP Guaxa.
3364900;3366900;;"11";Tanto no Twitter quanto no Instagram.
3366900;3368900;;"11";Pode não parecer, mas isso ajuda muito
3368900;3370900;;"11";receber o carinho de vocês.
3370900;3372900;;"11";Nessas redes sociais.
3372900;3374900;;"11";Quero agradecer aos jogadores. E primeiro a Sinara.
3374900;3376900;;"11";Que faz parte lá do Projeto Drama, né?
3376900;3378900;;"11";Então quero agradecer muito a Sinara.
3378900;3380900;;"11";Quem não conhece o Projeto Drama, vai lá.
3380900;3382900;;"11";Eu já citei ele na semana passada.
3382900;3384900;;"11";No dia 13 eles começaram a nova temporada.
3384900;3386900;;"11";Então dá tempo de acompanhar.
3386900;3388900;;"11";Dá tempo de ouvir a temporada anterior
3388900;3390900;;"11";e acompanhar essa agora. Embora
3390900;3392900;;"11";sejam independentes, né? Tu pode ouvir
3392900;3394900;;"11";como tu quiser. Quero agradecer a Shelly
3394900;3396900;;"11";lá do RPG Next.
3396900;3398900;;"11";Do Contínuo e do Pode Isso.
3398900;3400900;;"11";Ela que sempre tá aqui. É a pessoa
3400900;3402900;;"11";que mais gravou. Que fez uma pequena
3402900;3404900;;"11";operaçãozinha recentemente. Tá afastada
3404900;3406900;;"11";das gravações por um tempo. Então vão lá.
3406900;3408900;;"11";Sigam a Shelly também no Twitter. Mande energias
3408900;3410900;;"11";positivas pra ela pra ela se recuperar logo.
3410900;3412900;;"11";E por último, meu amigo, parceiro.
3412900;3414900;;"11";O Danilo Battistini.
3414900;3416900;;"11";Que trouxe essa loucura pro episódio.
3416900;3418900;;"11";O Danilo tem um contador de histórias.
3418900;3420900;;"11";Que é um podcast de audiodrama maravilhoso.
3420900;3422900;;"11";Pra quem não conhece, o Danilo
3422900;3424900;;"11";ele edita os grandes especiais
3424900;3426900;;"11";do RPG Guaxinim. Cavaleiros do Bicho.
3426900;3428900;;"11";Os episódios de Natal.
3428900;3430900;;"11";Então vão lá. Conheçam o trabalho do Danilo.
3430900;3432900;;"11";Recomendo. Falando de
3432900;3434900;;"11";audiodrama. O editor desse episódio
3434900;3436900;;"11";é um editor novo. É o Gustavo Lorenzon.
3436900;3438900;;"11";Ele é uma recomendação lá do Biel.
3438900;3440900;;"11";Lá da Taverna do Beholder. Como vocês puderam ver.
3440900;3442900;;"11";É um editor maravilhoso. O episódio
3442900;3444900;;"11";ficou curtinho. Porque como eu falei. É um episódio
3444900;3446900;;"11";que a gente gravou
3446900;3448900;;"11";e já mandou pra edição. O tempo era curto pra sair.
3448900;3450900;;"11";Então foi uma aventura mais curta.
3450900;3452900;;"11";Mas ele segurou bem. Botou bem os efeitos.
3452900;3454900;;"11";Deu esse clima maravilhoso
3454900;3456900;;"11";pro episódio. Então só posso
3456900;3458900;;"11";agradecê-lo. E vocês terão mais episódios
3458900;3460900;;"11";editados pelo Gustavo. Aqui.
3460900;3462900;;"11";O Gustavo também tem um audiodrama.
3462900;3464900;;"11";Que é o Redfoot RPG.
3464900;3466900;;"11";Eles estão... Até o momento
3466900;3468900;;"11";da gravação aqui saiu só o prólogo.
3468900;3470900;;"11";Então pra quem quer começar um projeto...
3470900;3472900;;"11";Quem quer começar a acompanhar um projeto novo.
3472900;3474900;;"11";Dá uma olhada lá. Eles também tem PicPay.
3474900;3476900;;"11";Então conheça o Redfoot. Eu vou deixar
3476900;3478900;;"11";aqui na descrição.
3478900;3480900;;"11";As redes sociais dele. Se você quiser aproveitar.
3480900;3482900;;"11";Tá precisando de editor. Procura o Gustavo.
3482900;3484900;;"11";Que não só o Biel recomenda agora.
3484900;3486900;;"11";Eu recomendo também.
3486900;3488900;;"11";Esse episódio foi
3488900;3490900;;"11";revisado pela Deb Cabral mais uma vez.
3490900;3492900;;"11";Maravilhosa. É engraçado que ela tá lá no Reino Unido.
3492900;3494900;;"11";Então normalmente eu faço essas coisas
3494900;3496900;;"11";de podcast depois do meu expediente.
3496900;3498900;;"11";Ou seja, ela já tá dormindo. Quando eu mando
3498900;3500900;;"11";os podcasts pra ela.
3500900;3502900;;"11";E acordar com a análise dela.
3502900;3504900;;"11";Elogios pelas ideias que eu tive.
3504900;3506900;;"11";É sempre maravilhoso. Então agradeço muito a Deb.
3506900;3508900;;"11";Quer economizar? Tem algumas lojas parceiras
3508900;3510900;;"11";no post. Mas como eu já falei
3510900;3512900;;"11";já no episódio passado.
3512900;3514900;;"11";Esse episódio é da Promobit.
3514900;3516900;;"11";Então quer economizar?
3516900;3518900;;"11";Vai na Promobit. Quer conhecer nossas lojas
3518900;3520900;;"11";parceiras? Vai no post.
3520900;3522900;;"11";Quer economizar das duas formas. Isso eu garanto pra você.
3522900;3524900;;"11";Como eu falei antes.
3524900;3526900;;"11";Quem dá voz aos NPCs. Eu gravo
3526900;3528900;;"11";episódios como se fosse um RPG normal.
3528900;3530900;;"11";Com a minha voz. Depois eu peço pros padrinhos
3530900;3532900;;"11";gravarem com as vozes deles.
3532900;3534900;;"11";E o editor substitui. Então quem gravou
3534900;3536900;;"11";vozes pra esse episódio. O próprio
3536900;3538900;;"11";Gustavo Lourençon. Que além de
3538900;3540900;;"11";ser o editor desse projeto.
3540900;3542900;;"11";Ele é padrinho de muito tempo.
3542900;3544900;;"11";Ele fez a voz do rapaz
3544900;3546900;;"11";no WhatsApp. Logo no começo.
3546900;3548900;;"11";Da pessoa que trabalhava na primeira loja.
3548900;3550900;;"11";O Pombo foi feito pelo Rodrigo Azevedo.
3550900;3552900;;"11";A barata foi feita pela
3552900;3554900;;"11";Jéssica Loiana. A nossa Mel.
3554900;3556900;;"11";A menina que fala no final do episódio
3556900;3558900;;"11";foi feita pela minha filha. Pela Malu.
3558900;3560900;;"11";O boneco lixo. O boneco
3560900;3562900;;"11";claramente. Claramente
3562900;3564900;;"11";inspirado. Pra não ser plagiado.
3564900;3566900;;"11";No filme do Toy Story. Ele foi feito
3566900;3568900;;"11";pelo João Pedro Rodrigues.
3568900;3570900;;"11";O Pinóquio foi feito pelo Gilles Azevedo.
3570900;3572900;;"11";O espantalho foi feito pelo
3572900;3574900;;"11";Felipe Xavier. A bailarina de brinquedo
3574900;3576900;;"11";foi feita pela Jujuba.
3576900;3578900;;"11";O Stromboli. O vilão do Pinóquio. Feito pelo
3578900;3580900;;"11";Mateus Araújo. E o Gato Léo.
3580900;3582900;;"11";Foi feito pelo JP Bunch.
3582900;3584900;;"11";Todos eles são madrinhas ou padrinhos
3584900;3586900;;"11";do RP Guaxa. Quer ter sua voz
3586900;3588900;;"11";no próximo? Seja nosso
3588900;3590900;;"11";padrinho também. Embora tenha bastante gente no
3590900;3592900;;"11";grupo. E às vezes demora alguém conseguir fazer
3592900;3594900;;"11";uma voz. Que é a dica. E tem que ter um áudio bom também.
3594900;3596900;;"11";Fica o disclaimer. Por enquanto é isso.
3596900;3598900;;"11";Episódio curtinho.
3598900;3600900;;"11";Mas feito com muito amor e carinho.
3600900;3602900;;"11";Pra você ouvir com suas crianças.
3602900;3604900;;"11";Lembre que
3604900;3606900;;"11";a Black Friday é uma época
3606900;3608900;;"11";de gastar e comprar.
3608900;3610900;;"11";Mas a principal mensagem deste episódio
3610900;3612900;;"11";é que existem coisas
3612900;3614900;;"11";mais importantes a serem lembradas.
3614900;3616900;;"11";Beijo no coração de vocês.
3616900;3618900;;"11";Rolem 6. Rolem 20.
3618900;3620900;;"11";E se tudo é errado rola no chão. Que apaga o fogo
3620900;3622900;;"11";e diverte.
3622900;3624900;;"01, 11";Beijo pra vocês gente.
3640900;3642900;;"01";Tchau.
